"Pattern","Owner","BusinessUnit","Source"
"C:\ShareSurferEnterpriseLab\Finance*","Finance Data Owners","Finance","LabPlan"
"C:\ShareSurferEnterpriseLab\Engineering*","Engineering Data Owners","Engineering","LabPlan"
"C:\ShareSurferEnterpriseLab\Operations*","Operations Data Owners","Operations","LabPlan"
"C:\ShareSurferEnterpriseLab\Enterprise\Share0001*","Enterprise Data Owners","Enterprise","LabPlan"
"C:\ShareSurferEnterpriseLab\Enterprise\Share0002*","Enterprise Data Owners","Enterprise","LabPlan"
"C:\ShareSurferEnterpriseLab\Enterprise\Share0003*","Enterprise Data Owners","Enterprise","LabPlan"
"C:\ShareSurferEnterpriseLab\Enterprise\Share0004*","Enterprise Data Owners","Enterprise","LabPlan"
"C:\ShareSurferEnterpriseLab\Enterprise\Share0005*","Enterprise Data Owners","Enterprise","LabPlan"
"C:\ShareSurferEnterpriseLab\Enterprise\Share0006*","Enterprise Data Owners","Enterprise","LabPlan"
"C:\ShareSurferEnterpriseLab\Enterprise\Share0007*","Enterprise Data Owners","Enterprise","LabPlan"
"C:\ShareSurferEnterpriseLab\Enterprise\Share0008*","Enterprise Data Owners","Enterprise","LabPlan"
"C:\ShareSurferEnterpriseLab\Enterprise\Share0009*","Enterprise Data Owners","Enterprise","LabPlan"
"C:\ShareSurferEnterpriseLab\Enterprise\Share0010*","Enterprise Data Owners","Enterprise","LabPlan"
"C:\ShareSurferEnterpriseLab\Enterprise\Share0011*","Enterprise Data Owners","Enterprise","LabPlan"
"C:\ShareSurferEnterpriseLab\Enterprise\Share0012*","Enterprise Data Owners","Enterprise","LabPlan"
"C:\ShareSurferEnterpriseLab\Enterprise\Share0013*","Enterprise Data Owners","Enterprise","LabPlan"
"C:\ShareSurferEnterpriseLab\Enterprise\Share0014*","Enterprise Data Owners","Enterprise","LabPlan"
"C:\ShareSurferEnterpriseLab\Enterprise\Share0015*","Enterprise Data Owners","Enterprise","LabPlan"
"C:\ShareSurferEnterpriseLab\Enterprise\Share0016*","Enterprise Data Owners","Enterprise","LabPlan"
"C:\ShareSurferEnterpriseLab\Enterprise\Share0017*","Enterprise Data Owners","Enterprise","LabPlan"
"C:\ShareSurferEnterpriseLab\Enterprise\Share0018*","Enterprise Data Owners","Enterprise","LabPlan"
"C:\ShareSurferEnterpriseLab\Enterprise\Share0019*","Enterprise Data Owners","Enterprise","LabPlan"
"C:\ShareSurferEnterpriseLab\Enterprise\Share0020*","Enterprise Data Owners","Enterprise","LabPlan"
"C:\ShareSurferEnterpriseLab\Enterprise\Share0021*","Enterprise Data Owners","Enterprise","LabPlan"
"C:\ShareSurferEnterpriseLab\Enterprise\Share0022*","Enterprise Data Owners","Enterprise","LabPlan"
"C:\ShareSurferEnterpriseLab\Enterprise\Share0023*","Enterprise Data Owners","Enterprise","LabPlan"
"C:\ShareSurferEnterpriseLab\Enterprise\Share0024*","Enterprise Data Owners","Enterprise","LabPlan"
"C:\ShareSurferEnterpriseLab\Enterprise\Share0025*","Enterprise Data Owners","Enterprise","LabPlan"
"C:\ShareSurferEnterpriseLab\Enterprise\Share0026*","Enterprise Data Owners","Enterprise","LabPlan"
"C:\ShareSurferEnterpriseLab\Enterprise\Share0027*","Enterprise Data Owners","Enterprise","LabPlan"
"C:\ShareSurferEnterpriseLab\Enterprise\Share0028*","Enterprise Data Owners","Enterprise","LabPlan"
"C:\ShareSurferEnterpriseLab\Enterprise\Share0029*","Enterprise Data Owners","Enterprise","LabPlan"
"C:\ShareSurferEnterpriseLab\Enterprise\Share0030*","Enterprise Data Owners","Enterprise","LabPlan"
"C:\ShareSurferEnterpriseLab\Enterprise\Share0031*","Enterprise Data Owners","Enterprise","LabPlan"
"C:\ShareSurferEnterpriseLab\Enterprise\Share0032*","Enterprise Data Owners","Enterprise","LabPlan"
"C:\ShareSurferEnterpriseLab\Enterprise\Share0033*","Enterprise Data Owners","Enterprise","LabPlan"
"C:\ShareSurferEnterpriseLab\Enterprise\Share0034*","Enterprise Data Owners","Enterprise","LabPlan"
"C:\ShareSurferEnterpriseLab\Enterprise\Share0035*","Enterprise Data Owners","Enterprise","LabPlan"
"C:\ShareSurferEnterpriseLab\Enterprise\Share0036*","Enterprise Data Owners","Enterprise","LabPlan"
"C:\ShareSurferEnterpriseLab\Enterprise\Share0037*","Enterprise Data Owners","Enterprise","LabPlan"
"C:\ShareSurferEnterpriseLab\Enterprise\Share0038*","Enterprise Data Owners","Enterprise","LabPlan"
"C:\ShareSurferEnterpriseLab\Enterprise\Share0039*","Enterprise Data Owners","Enterprise","LabPlan"
"C:\ShareSurferEnterpriseLab\Enterprise\Share0040*","Enterprise Data Owners","Enterprise","LabPlan"
"C:\ShareSurferEnterpriseLab\Enterprise\Share0041*","Enterprise Data Owners","Enterprise","LabPlan"
"C:\ShareSurferEnterpriseLab\Enterprise\Share0042*","Enterprise Data Owners","Enterprise","LabPlan"
"C:\ShareSurferEnterpriseLab\Enterprise\Share0043*","Enterprise Data Owners","Enterprise","LabPlan"
"C:\ShareSurferEnterpriseLab\Enterprise\Share0044*","Enterprise Data Owners","Enterprise","LabPlan"
"C:\ShareSurferEnterpriseLab\Enterprise\Share0045*","Enterprise Data Owners","Enterprise","LabPlan"
"C:\ShareSurferEnterpriseLab\Enterprise\Share0046*","Enterprise Data Owners","Enterprise","LabPlan"
"C:\ShareSurferEnterpriseLab\Enterprise\Share0047*","Enterprise Data Owners","Enterprise","LabPlan"
"C:\ShareSurferEnterpriseLab\Enterprise\Share0048*","Enterprise Data Owners","Enterprise","LabPlan"
"C:\ShareSurferEnterpriseLab\Enterprise\Share0049*","Enterprise Data Owners","Enterprise","LabPlan"
"C:\ShareSurferEnterpriseLab\Enterprise\Share0050*","Enterprise Data Owners","Enterprise","LabPlan"
"C:\ShareSurferEnterpriseLab\Enterprise\Share0051*","Enterprise Data Owners","Enterprise","LabPlan"
"C:\ShareSurferEnterpriseLab\Enterprise\Share0052*","Enterprise Data Owners","Enterprise","LabPlan"
"C:\ShareSurferEnterpriseLab\Enterprise\Share0053*","Enterprise Data Owners","Enterprise","LabPlan"
"C:\ShareSurferEnterpriseLab\Enterprise\Share0054*","Enterprise Data Owners","Enterprise","LabPlan"
"C:\ShareSurferEnterpriseLab\Enterprise\Share0055*","Enterprise Data Owners","Enterprise","LabPlan"
"C:\ShareSurferEnterpriseLab\Enterprise\Share0056*","Enterprise Data Owners","Enterprise","LabPlan"
"C:\ShareSurferEnterpriseLab\Enterprise\Share0057*","Enterprise Data Owners","Enterprise","LabPlan"
"C:\ShareSurferEnterpriseLab\Enterprise\Share0058*","Enterprise Data Owners","Enterprise","LabPlan"
"C:\ShareSurferEnterpriseLab\Enterprise\Share0059*","Enterprise Data Owners","Enterprise","LabPlan"
"C:\ShareSurferEnterpriseLab\Enterprise\Share0060*","Enterprise Data Owners","Enterprise","LabPlan"
"C:\ShareSurferEnterpriseLab\Enterprise\Share0061*","Enterprise Data Owners","Enterprise","LabPlan"
"C:\ShareSurferEnterpriseLab\Enterprise\Share0062*","Enterprise Data Owners","Enterprise","LabPlan"
"C:\ShareSurferEnterpriseLab\Enterprise\Share0063*","Enterprise Data Owners","Enterprise","LabPlan"
"C:\ShareSurferEnterpriseLab\Enterprise\Share0064*","Enterprise Data Owners","Enterprise","LabPlan"
"C:\ShareSurferEnterpriseLab\Enterprise\Share0065*","Enterprise Data Owners","Enterprise","LabPlan"
"C:\ShareSurferEnterpriseLab\Enterprise\Share0066*","Enterprise Data Owners","Enterprise","LabPlan"
"C:\ShareSurferEnterpriseLab\Enterprise\Share0067*","Enterprise Data Owners","Enterprise","LabPlan"
"C:\ShareSurferEnterpriseLab\Enterprise\Share0068*","Enterprise Data Owners","Enterprise","LabPlan"
"C:\ShareSurferEnterpriseLab\Enterprise\Share0069*","Enterprise Data Owners","Enterprise","LabPlan"
"C:\ShareSurferEnterpriseLab\Enterprise\Share0070*","Enterprise Data Owners","Enterprise","LabPlan"
"C:\ShareSurferEnterpriseLab\Enterprise\Share0071*","Enterprise Data Owners","Enterprise","LabPlan"
"C:\ShareSurferEnterpriseLab\Enterprise\Share0072*","Enterprise Data Owners","Enterprise","LabPlan"
"C:\ShareSurferEnterpriseLab\Enterprise\Share0073*","Enterprise Data Owners","Enterprise","LabPlan"
"C:\ShareSurferEnterpriseLab\Enterprise\Share0074*","Enterprise Data Owners","Enterprise","LabPlan"
"C:\ShareSurferEnterpriseLab\Enterprise\Share0075*","Enterprise Data Owners","Enterprise","LabPlan"
"C:\ShareSurferEnterpriseLab\Enterprise\Share0076*","Enterprise Data Owners","Enterprise","LabPlan"
"C:\ShareSurferEnterpriseLab\Enterprise\Share0077*","Enterprise Data Owners","Enterprise","LabPlan"
"C:\ShareSurferEnterpriseLab\Enterprise\Share0078*","Enterprise Data Owners","Enterprise","LabPlan"
"C:\ShareSurferEnterpriseLab\Enterprise\Share0079*","Enterprise Data Owners","Enterprise","LabPlan"
"C:\ShareSurferEnterpriseLab\Enterprise\Share0080*","Enterprise Data Owners","Enterprise","LabPlan"
"C:\ShareSurferEnterpriseLab\Enterprise\Share0081*","Enterprise Data Owners","Enterprise","LabPlan"
"C:\ShareSurferEnterpriseLab\Enterprise\Share0082*","Enterprise Data Owners","Enterprise","LabPlan"
"C:\ShareSurferEnterpriseLab\Enterprise\Share0083*","Enterprise Data Owners","Enterprise","LabPlan"
"C:\ShareSurferEnterpriseLab\Enterprise\Share0084*","Enterprise Data Owners","Enterprise","LabPlan"
"C:\ShareSurferEnterpriseLab\Enterprise\Share0085*","Enterprise Data Owners","Enterprise","LabPlan"
"C:\ShareSurferEnterpriseLab\Enterprise\Share0086*","Enterprise Data Owners","Enterprise","LabPlan"
"C:\ShareSurferEnterpriseLab\Enterprise\Share0087*","Enterprise Data Owners","Enterprise","LabPlan"
"C:\ShareSurferEnterpriseLab\Enterprise\Share0088*","Enterprise Data Owners","Enterprise","LabPlan"
"C:\ShareSurferEnterpriseLab\Enterprise\Share0089*","Enterprise Data Owners","Enterprise","LabPlan"
"C:\ShareSurferEnterpriseLab\Enterprise\Share0090*","Enterprise Data Owners","Enterprise","LabPlan"
"C:\ShareSurferEnterpriseLab\Enterprise\Share0091*","Enterprise Data Owners","Enterprise","LabPlan"
"C:\ShareSurferEnterpriseLab\Enterprise\Share0092*","Enterprise Data Owners","Enterprise","LabPlan"
"C:\ShareSurferEnterpriseLab\Enterprise\Share0093*","Enterprise Data Owners","Enterprise","LabPlan"
"C:\ShareSurferEnterpriseLab\Enterprise\Share0094*","Enterprise Data Owners","Enterprise","LabPlan"
"C:\ShareSurferEnterpriseLab\Enterprise\Share0095*","Enterprise Data Owners","Enterprise","LabPlan"
"C:\ShareSurferEnterpriseLab\Enterprise\Share0096*","Enterprise Data Owners","Enterprise","LabPlan"
"C:\ShareSurferEnterpriseLab\Enterprise\Share0097*","Enterprise Data Owners","Enterprise","LabPlan"
"C:\ShareSurferEnterpriseLab\Enterprise\Share0098*","Enterprise Data Owners","Enterprise","LabPlan"
"C:\ShareSurferEnterpriseLab\Enterprise\Share0099*","Enterprise Data Owners","Enterprise","LabPlan"
"C:\ShareSurferEnterpriseLab\Enterprise\Share0100*","Enterprise Data Owners","Enterprise","LabPlan"
"C:\ShareSurferEnterpriseLab\Enterprise\Share0101*","Enterprise Data Owners","Enterprise","LabPlan"
"C:\ShareSurferEnterpriseLab\Enterprise\Share0102*","Enterprise Data Owners","Enterprise","LabPlan"
"C:\ShareSurferEnterpriseLab\Enterprise\Share0103*","Enterprise Data Owners","Enterprise","LabPlan"
"C:\ShareSurferEnterpriseLab\Enterprise\Share0104*","Enterprise Data Owners","Enterprise","LabPlan"
"C:\ShareSurferEnterpriseLab\Enterprise\Share0105*","Enterprise Data Owners","Enterprise","LabPlan"
"C:\ShareSurferEnterpriseLab\Enterprise\Share0106*","Enterprise Data Owners","Enterprise","LabPlan"
"C:\ShareSurferEnterpriseLab\Enterprise\Share0107*","Enterprise Data Owners","Enterprise","LabPlan"
"C:\ShareSurferEnterpriseLab\Enterprise\Share0108*","Enterprise Data Owners","Enterprise","LabPlan"
"C:\ShareSurferEnterpriseLab\Enterprise\Share0109*","Enterprise Data Owners","Enterprise","LabPlan"
"C:\ShareSurferEnterpriseLab\Enterprise\Share0110*","Enterprise Data Owners","Enterprise","LabPlan"
"C:\ShareSurferEnterpriseLab\Enterprise\Share0111*","Enterprise Data Owners","Enterprise","LabPlan"
"C:\ShareSurferEnterpriseLab\Enterprise\Share0112*","Enterprise Data Owners","Enterprise","LabPlan"
"C:\ShareSurferEnterpriseLab\Enterprise\Share0113*","Enterprise Data Owners","Enterprise","LabPlan"
"C:\ShareSurferEnterpriseLab\Enterprise\Share0114*","Enterprise Data Owners","Enterprise","LabPlan"
"C:\ShareSurferEnterpriseLab\Enterprise\Share0115*","Enterprise Data Owners","Enterprise","LabPlan"
"C:\ShareSurferEnterpriseLab\Enterprise\Share0116*","Enterprise Data Owners","Enterprise","LabPlan"
"C:\ShareSurferEnterpriseLab\Enterprise\Share0117*","Enterprise Data Owners","Enterprise","LabPlan"
"C:\ShareSurferEnterpriseLab\Enterprise\Share0118*","Enterprise Data Owners","Enterprise","LabPlan"
"C:\ShareSurferEnterpriseLab\Enterprise\Share0119*","Enterprise Data Owners","Enterprise","LabPlan"
"C:\ShareSurferEnterpriseLab\Enterprise\Share0120*","Enterprise Data Owners","Enterprise","LabPlan"
"C:\ShareSurferEnterpriseLab\Enterprise\Share0121*","Enterprise Data Owners","Enterprise","LabPlan"
"C:\ShareSurferEnterpriseLab\Enterprise\Share0122*","Enterprise Data Owners","Enterprise","LabPlan"
"C:\ShareSurferEnterpriseLab\Enterprise\Share0123*","Enterprise Data Owners","Enterprise","LabPlan"
"C:\ShareSurferEnterpriseLab\Enterprise\Share0124*","Enterprise Data Owners","Enterprise","LabPlan"
"C:\ShareSurferEnterpriseLab\Enterprise\Share0125*","Enterprise Data Owners","Enterprise","LabPlan"
"C:\ShareSurferEnterpriseLab\Enterprise\Share0126*","Enterprise Data Owners","Enterprise","LabPlan"
"C:\ShareSurferEnterpriseLab\Enterprise\Share0127*","Enterprise Data Owners","Enterprise","LabPlan"
"C:\ShareSurferEnterpriseLab\Enterprise\Share0128*","Enterprise Data Owners","Enterprise","LabPlan"
"C:\ShareSurferEnterpriseLab\Enterprise\Share0129*","Enterprise Data Owners","Enterprise","LabPlan"
"C:\ShareSurferEnterpriseLab\Enterprise\Share0130*","Enterprise Data Owners","Enterprise","LabPlan"
"C:\ShareSurferEnterpriseLab\Enterprise\Share0131*","Enterprise Data Owners","Enterprise","LabPlan"
"C:\ShareSurferEnterpriseLab\Enterprise\Share0132*","Enterprise Data Owners","Enterprise","LabPlan"
"C:\ShareSurferEnterpriseLab\Enterprise\Share0133*","Enterprise Data Owners","Enterprise","LabPlan"
"C:\ShareSurferEnterpriseLab\Enterprise\Share0134*","Enterprise Data Owners","Enterprise","LabPlan"
"C:\ShareSurferEnterpriseLab\Enterprise\Share0135*","Enterprise Data Owners","Enterprise","LabPlan"
"C:\ShareSurferEnterpriseLab\Enterprise\Share0136*","Enterprise Data Owners","Enterprise","LabPlan"
"C:\ShareSurferEnterpriseLab\Enterprise\Share0137*","Enterprise Data Owners","Enterprise","LabPlan"
"C:\ShareSurferEnterpriseLab\Enterprise\Share0138*","Enterprise Data Owners","Enterprise","LabPlan"
"C:\ShareSurferEnterpriseLab\Enterprise\Share0139*","Enterprise Data Owners","Enterprise","LabPlan"
"C:\ShareSurferEnterpriseLab\Enterprise\Share0140*","Enterprise Data Owners","Enterprise","LabPlan"
"C:\ShareSurferEnterpriseLab\Enterprise\Share0141*","Enterprise Data Owners","Enterprise","LabPlan"
"C:\ShareSurferEnterpriseLab\Enterprise\Share0142*","Enterprise Data Owners","Enterprise","LabPlan"
"C:\ShareSurferEnterpriseLab\Enterprise\Share0143*","Enterprise Data Owners","Enterprise","LabPlan"
"C:\ShareSurferEnterpriseLab\Enterprise\Share0144*","Enterprise Data Owners","Enterprise","LabPlan"
"C:\ShareSurferEnterpriseLab\Enterprise\Share0145*","Enterprise Data Owners","Enterprise","LabPlan"
"C:\ShareSurferEnterpriseLab\Enterprise\Share0146*","Enterprise Data Owners","Enterprise","LabPlan"
"C:\ShareSurferEnterpriseLab\Enterprise\Share0147*","Enterprise Data Owners","Enterprise","LabPlan"
"C:\ShareSurferEnterpriseLab\Enterprise\Share0148*","Enterprise Data Owners","Enterprise","LabPlan"
"C:\ShareSurferEnterpriseLab\Enterprise\Share0149*","Enterprise Data Owners","Enterprise","LabPlan"
"C:\ShareSurferEnterpriseLab\Enterprise\Share0150*","Enterprise Data Owners","Enterprise","LabPlan"
"C:\ShareSurferEnterpriseLab\Enterprise\Share0151*","Enterprise Data Owners","Enterprise","LabPlan"
"C:\ShareSurferEnterpriseLab\Enterprise\Share0152*","Enterprise Data Owners","Enterprise","LabPlan"
"C:\ShareSurferEnterpriseLab\Enterprise\Share0153*","Enterprise Data Owners","Enterprise","LabPlan"
"C:\ShareSurferEnterpriseLab\Enterprise\Share0154*","Enterprise Data Owners","Enterprise","LabPlan"
"C:\ShareSurferEnterpriseLab\Enterprise\Share0155*","Enterprise Data Owners","Enterprise","LabPlan"
"C:\ShareSurferEnterpriseLab\Enterprise\Share0156*","Enterprise Data Owners","Enterprise","LabPlan"
"C:\ShareSurferEnterpriseLab\Enterprise\Share0157*","Enterprise Data Owners","Enterprise","LabPlan"
"C:\ShareSurferEnterpriseLab\Enterprise\Share0158*","Enterprise Data Owners","Enterprise","LabPlan"
"C:\ShareSurferEnterpriseLab\Enterprise\Share0159*","Enterprise Data Owners","Enterprise","LabPlan"
"C:\ShareSurferEnterpriseLab\Enterprise\Share0160*","Enterprise Data Owners","Enterprise","LabPlan"
"C:\ShareSurferEnterpriseLab\Enterprise\Share0161*","Enterprise Data Owners","Enterprise","LabPlan"
"C:\ShareSurferEnterpriseLab\Enterprise\Share0162*","Enterprise Data Owners","Enterprise","LabPlan"
"C:\ShareSurferEnterpriseLab\Enterprise\Share0163*","Enterprise Data Owners","Enterprise","LabPlan"
"C:\ShareSurferEnterpriseLab\Enterprise\Share0164*","Enterprise Data Owners","Enterprise","LabPlan"
"C:\ShareSurferEnterpriseLab\Enterprise\Share0165*","Enterprise Data Owners","Enterprise","LabPlan"
"C:\ShareSurferEnterpriseLab\Enterprise\Share0166*","Enterprise Data Owners","Enterprise","LabPlan"
"C:\ShareSurferEnterpriseLab\Enterprise\Share0167*","Enterprise Data Owners","Enterprise","LabPlan"
"C:\ShareSurferEnterpriseLab\Enterprise\Share0168*","Enterprise Data Owners","Enterprise","LabPlan"
"C:\ShareSurferEnterpriseLab\Enterprise\Share0169*","Enterprise Data Owners","Enterprise","LabPlan"
"C:\ShareSurferEnterpriseLab\Enterprise\Share0170*","Enterprise Data Owners","Enterprise","LabPlan"
"C:\ShareSurferEnterpriseLab\Enterprise\Share0171*","Enterprise Data Owners","Enterprise","LabPlan"
"C:\ShareSurferEnterpriseLab\Enterprise\Share0172*","Enterprise Data Owners","Enterprise","LabPlan"
"C:\ShareSurferEnterpriseLab\Enterprise\Share0173*","Enterprise Data Owners","Enterprise","LabPlan"
"C:\ShareSurferEnterpriseLab\Enterprise\Share0174*","Enterprise Data Owners","Enterprise","LabPlan"
"C:\ShareSurferEnterpriseLab\Enterprise\Share0175*","Enterprise Data Owners","Enterprise","LabPlan"
"C:\ShareSurferEnterpriseLab\Enterprise\Share0176*","Enterprise Data Owners","Enterprise","LabPlan"
"C:\ShareSurferEnterpriseLab\Enterprise\Share0177*","Enterprise Data Owners","Enterprise","LabPlan"
"C:\ShareSurferEnterpriseLab\Enterprise\Share0178*","Enterprise Data Owners","Enterprise","LabPlan"
"C:\ShareSurferEnterpriseLab\Enterprise\Share0179*","Enterprise Data Owners","Enterprise","LabPlan"
"C:\ShareSurferEnterpriseLab\Enterprise\Share0180*","Enterprise Data Owners","Enterprise","LabPlan"
"C:\ShareSurferEnterpriseLab\Enterprise\Share0181*","Enterprise Data Owners","Enterprise","LabPlan"
"C:\ShareSurferEnterpriseLab\Enterprise\Share0182*","Enterprise Data Owners","Enterprise","LabPlan"
"C:\ShareSurferEnterpriseLab\Enterprise\Share0183*","Enterprise Data Owners","Enterprise","LabPlan"
"C:\ShareSurferEnterpriseLab\Enterprise\Share0184*","Enterprise Data Owners","Enterprise","LabPlan"
"C:\ShareSurferEnterpriseLab\Enterprise\Share0185*","Enterprise Data Owners","Enterprise","LabPlan"
"C:\ShareSurferEnterpriseLab\Enterprise\Share0186*","Enterprise Data Owners","Enterprise","LabPlan"
"C:\ShareSurferEnterpriseLab\Enterprise\Share0187*","Enterprise Data Owners","Enterprise","LabPlan"
"C:\ShareSurferEnterpriseLab\Enterprise\Share0188*","Enterprise Data Owners","Enterprise","LabPlan"
"C:\ShareSurferEnterpriseLab\Enterprise\Share0189*","Enterprise Data Owners","Enterprise","LabPlan"
"C:\ShareSurferEnterpriseLab\Enterprise\Share0190*","Enterprise Data Owners","Enterprise","LabPlan"
"C:\ShareSurferEnterpriseLab\Enterprise\Share0191*","Enterprise Data Owners","Enterprise","LabPlan"
"C:\ShareSurferEnterpriseLab\Enterprise\Share0192*","Enterprise Data Owners","Enterprise","LabPlan"
"C:\ShareSurferEnterpriseLab\Enterprise\Share0193*","Enterprise Data Owners","Enterprise","LabPlan"
"C:\ShareSurferEnterpriseLab\Enterprise\Share0194*","Enterprise Data Owners","Enterprise","LabPlan"
"C:\ShareSurferEnterpriseLab\Enterprise\Share0195*","Enterprise Data Owners","Enterprise","LabPlan"
"C:\ShareSurferEnterpriseLab\Enterprise\Share0196*","Enterprise Data Owners","Enterprise","LabPlan"
"C:\ShareSurferEnterpriseLab\Enterprise\Share0197*","Enterprise Data Owners","Enterprise","LabPlan"
"C:\ShareSurferEnterpriseLab\Enterprise\Share0198*","Enterprise Data Owners","Enterprise","LabPlan"
"C:\ShareSurferEnterpriseLab\Enterprise\Share0199*","Enterprise Data Owners","Enterprise","LabPlan"
"C:\ShareSurferEnterpriseLab\Enterprise\Share0200*","Enterprise Data Owners","Enterprise","LabPlan"
"C:\ShareSurferEnterpriseLab\Enterprise\Share0201*","Enterprise Data Owners","Enterprise","LabPlan"
"C:\ShareSurferEnterpriseLab\Enterprise\Share0202*","Enterprise Data Owners","Enterprise","LabPlan"
"C:\ShareSurferEnterpriseLab\Enterprise\Share0203*","Enterprise Data Owners","Enterprise","LabPlan"
"C:\ShareSurferEnterpriseLab\Enterprise\Share0204*","Enterprise Data Owners","Enterprise","LabPlan"
"C:\ShareSurferEnterpriseLab\Enterprise\Share0205*","Enterprise Data Owners","Enterprise","LabPlan"
"C:\ShareSurferEnterpriseLab\Enterprise\Share0206*","Enterprise Data Owners","Enterprise","LabPlan"
"C:\ShareSurferEnterpriseLab\Enterprise\Share0207*","Enterprise Data Owners","Enterprise","LabPlan"
"C:\ShareSurferEnterpriseLab\Enterprise\Share0208*","Enterprise Data Owners","Enterprise","LabPlan"
"C:\ShareSurferEnterpriseLab\Enterprise\Share0209*","Enterprise Data Owners","Enterprise","LabPlan"
"C:\ShareSurferEnterpriseLab\Enterprise\Share0210*","Enterprise Data Owners","Enterprise","LabPlan"
"C:\ShareSurferEnterpriseLab\Enterprise\Share0211*","Enterprise Data Owners","Enterprise","LabPlan"
"C:\ShareSurferEnterpriseLab\Enterprise\Share0212*","Enterprise Data Owners","Enterprise","LabPlan"
"C:\ShareSurferEnterpriseLab\Enterprise\Share0213*","Enterprise Data Owners","Enterprise","LabPlan"
"C:\ShareSurferEnterpriseLab\Enterprise\Share0214*","Enterprise Data Owners","Enterprise","LabPlan"
"C:\ShareSurferEnterpriseLab\Enterprise\Share0215*","Enterprise Data Owners","Enterprise","LabPlan"
"C:\ShareSurferEnterpriseLab\Enterprise\Share0216*","Enterprise Data Owners","Enterprise","LabPlan"
"C:\ShareSurferEnterpriseLab\Enterprise\Share0217*","Enterprise Data Owners","Enterprise","LabPlan"
"C:\ShareSurferEnterpriseLab\Enterprise\Share0218*","Enterprise Data Owners","Enterprise","LabPlan"
"C:\ShareSurferEnterpriseLab\Enterprise\Share0219*","Enterprise Data Owners","Enterprise","LabPlan"
"C:\ShareSurferEnterpriseLab\Enterprise\Share0220*","Enterprise Data Owners","Enterprise","LabPlan"
"C:\ShareSurferEnterpriseLab\Enterprise\Share0221*","Enterprise Data Owners","Enterprise","LabPlan"
"C:\ShareSurferEnterpriseLab\Enterprise\Share0222*","Enterprise Data Owners","Enterprise","LabPlan"
"C:\ShareSurferEnterpriseLab\Enterprise\Share0223*","Enterprise Data Owners","Enterprise","LabPlan"
"C:\ShareSurferEnterpriseLab\Enterprise\Share0224*","Enterprise Data Owners","Enterprise","LabPlan"
"C:\ShareSurferEnterpriseLab\Enterprise\Share0225*","Enterprise Data Owners","Enterprise","LabPlan"
"C:\ShareSurferEnterpriseLab\Enterprise\Share0226*","Enterprise Data Owners","Enterprise","LabPlan"
"C:\ShareSurferEnterpriseLab\Enterprise\Share0227*","Enterprise Data Owners","Enterprise","LabPlan"
"C:\ShareSurferEnterpriseLab\Enterprise\Share0228*","Enterprise Data Owners","Enterprise","LabPlan"
"C:\ShareSurferEnterpriseLab\Enterprise\Share0229*","Enterprise Data Owners","Enterprise","LabPlan"
"C:\ShareSurferEnterpriseLab\Enterprise\Share0230*","Enterprise Data Owners","Enterprise","LabPlan"
"C:\ShareSurferEnterpriseLab\Enterprise\Share0231*","Enterprise Data Owners","Enterprise","LabPlan"
"C:\ShareSurferEnterpriseLab\Enterprise\Share0232*","Enterprise Data Owners","Enterprise","LabPlan"
"C:\ShareSurferEnterpriseLab\Enterprise\Share0233*","Enterprise Data Owners","Enterprise","LabPlan"
"C:\ShareSurferEnterpriseLab\Enterprise\Share0234*","Enterprise Data Owners","Enterprise","LabPlan"
"C:\ShareSurferEnterpriseLab\Enterprise\Share0235*","Enterprise Data Owners","Enterprise","LabPlan"
"C:\ShareSurferEnterpriseLab\Enterprise\Share0236*","Enterprise Data Owners","Enterprise","LabPlan"
"C:\ShareSurferEnterpriseLab\Enterprise\Share0237*","Enterprise Data Owners","Enterprise","LabPlan"
"C:\ShareSurferEnterpriseLab\Enterprise\Share0238*","Enterprise Data Owners","Enterprise","LabPlan"
"C:\ShareSurferEnterpriseLab\Enterprise\Share0239*","Enterprise Data Owners","Enterprise","LabPlan"
"C:\ShareSurferEnterpriseLab\Enterprise\Share0240*","Enterprise Data Owners","Enterprise","LabPlan"
"C:\ShareSurferEnterpriseLab\Enterprise\Share0241*","Enterprise Data Owners","Enterprise","LabPlan"
"C:\ShareSurferEnterpriseLab\Enterprise\Share0242*","Enterprise Data Owners","Enterprise","LabPlan"
"C:\ShareSurferEnterpriseLab\Enterprise\Share0243*","Enterprise Data Owners","Enterprise","LabPlan"
"C:\ShareSurferEnterpriseLab\Enterprise\Share0244*","Enterprise Data Owners","Enterprise","LabPlan"
"C:\ShareSurferEnterpriseLab\Enterprise\Share0245*","Enterprise Data Owners","Enterprise","LabPlan"
"C:\ShareSurferEnterpriseLab\Enterprise\Share0246*","Enterprise Data Owners","Enterprise","LabPlan"
"C:\ShareSurferEnterpriseLab\Enterprise\Share0247*","Enterprise Data Owners","Enterprise","LabPlan"
