"FindingId","FindingType","Severity","ShareId","ItemId","FullPath","Identity","ObservedValue","PolicyValue","Message"
"ID-D5935C72992C","BrokenInheritance","Warning","ID-B5DE5B676C97","ID-907CBE34C028","ID-CC1ACC6C3447","","ID-CC1ACC6C3447","Inheritance enabled","ID-21114849C457"
"ID-2E8CEC145CF7","BrokenInheritance","Warning","ID-B5DE5B676C97","ID-118099B31555","ID-3C52732B8FF1","","ID-CC1ACC6C3447","Inheritance enabled","ID-21114849C457"
"ID-5F7C03C4F565","BrokenInheritance","Warning","ID-B5DE5B676C97","ID-0CB73F710485","ID-1F2C81079AD6","","ID-CC1ACC6C3447","Inheritance enabled","ID-21114849C457"
"ID-49DFBB9C9128","BrokenInheritance","Warning","ID-B5DE5B676C97","ID-4E5A684F77DE","ID-CFE2CC63A7D5","","ID-CC1ACC6C3447","Inheritance enabled","ID-21114849C457"
"ID-B58843265E5B","LongPathOperationalPolicy","Warning","ID-427FE57F8BEB","ID-92EEB05F5753","ID-32BFA3989507","","299","256","ID-7D4AB8CB05CA"
"ID-8E1914025D79","LongPathOperationalPolicy","Warning","ID-4114DC20EECA","ID-5D6B97D666AB","ID-30DCBF471A3C","","343","256","ID-7D4AB8CB05CA"
"ID-7FBA7E165777","DeepExplicitAce","High","ID-427FE57F8BEB","ID-366009A60464","ID-B8CD3400CED8","ID-057D984D0EAE","3","2","ID-52663D6F7E50"
"ID-CDE02C7B47CA","DeepExplicitAce","High","ID-427FE57F8BEB","ID-366009A60464","ID-B8CD3400CED8","ID-057D984D0EAE","3","2","ID-52663D6F7E50"
"ID-A7B150B93600","DeepExplicitAce","High","ID-427FE57F8BEB","ID-F39125284378","ID-881B891B02A2","ID-B993DD0235C2","3","2","ID-52663D6F7E50"
"ID-75827E844359","DeepExplicitAce","High","ID-B5DE5B676C97","ID-4E5A684F77DE","ID-CFE2CC63A7D5","ID-7D56D2ECB22D","3","2","ID-52663D6F7E50"
"ID-A47B44004E2F","DeepExplicitAce","High","ID-4114DC20EECA","ID-A7F6389C79DF","ID-90549756A4BB","ID-071254B265A6","5","2","ID-52663D6F7E50"
"ID-090AF711CB2F","DeepExplicitAce","High","ID-5387D3CA2368","ID-CF0827F1645A","ID-760FE10C66E1","ID-3E5BC6DBC488","5","2","ID-52663D6F7E50"
"ID-606C15ECA292","DeepExplicitAce","High","ID-8EBFF12BE1CA","ID-57F9BA24ED3C","ID-BD566742EAC4","ID-C3C95A8B1195","5","2","ID-52663D6F7E50"
"ID-F0CFB2B7F4F9","DeepExplicitAce","High","ID-EFA86385524E","ID-D3280D0E067D","ID-EEE088E32416","ID-6F33800A081B","5","2","ID-52663D6F7E50"
"ID-8350A7082EBD","DeepExplicitAce","High","ID-7E438A6220E4","ID-77744CB5F0CE","ID-7ACCD9DAF1DB","ID-6FC87EF349C8","5","2","ID-52663D6F7E50"
"ID-5A74F8401DAE","DeepExplicitAce","High","ID-54D047C0C10E","ID-6A87412858DE","ID-DD83696ED3FC","ID-12CD8F557184","5","2","ID-52663D6F7E50"
"ID-F4AC1CF4C4AE","DeepExplicitAce","High","ID-6146270638B1","ID-B2F34FD455BD","ID-99F5BB647B05","ID-5326914CBD64","5","2","ID-52663D6F7E50"
"ID-FEB69033E9CF","DeepExplicitAce","High","ID-F0925E579A09","ID-D90ADB01EE0C","ID-A92703047A4D","ID-B896FB60C33F","5","2","ID-52663D6F7E50"
"ID-3196C39FEAF9","DeepExplicitAce","High","ID-6C994D206912","ID-FC55E0C4AB75","ID-9730634D8D04","ID-544DC59D1714","5","2","ID-52663D6F7E50"
"ID-A3108EED408D","DeepExplicitAce","High","ID-F5F86F20FCD1","ID-C41E14682DE2","ID-FD02E2A03A3E","ID-4066CC550CB9","5","2","ID-52663D6F7E50"
"ID-6E6011C88ADD","DeepExplicitAce","High","ID-7D766E983EBD","ID-B69774BD4121","ID-FF6B2B9C50A4","ID-2C622A05AE2C","5","2","ID-52663D6F7E50"
"ID-8E570FFCA6D5","DeepExplicitAce","High","ID-24ADD11EC9B3","ID-F08281155AD3","ID-56A25ACB4F68","ID-CBB2F58F9B6F","5","2","ID-52663D6F7E50"
"ID-5D791D430893","DeepExplicitAce","High","ID-685A3058033C","ID-D7B1CCA62AE0","ID-2AEEA8FA107F","ID-15BECA8E12E5","5","2","ID-52663D6F7E50"
"ID-8538138A2EC9","DeepExplicitAce","High","ID-7CBF69AC376A","ID-A7DA61AC6F08","ID-194BD1497B84","ID-27B3F98AF838","5","2","ID-52663D6F7E50"
"ID-1CDC7A042EFB","DeepExplicitAce","High","ID-A87251964273","ID-A1DE99D32BCD","ID-C28C67AF2CF2","ID-D7F63B54A3DE","5","2","ID-52663D6F7E50"
"ID-470E13ECE516","DeepExplicitAce","High","ID-831F51DD3CC8","ID-80A2BCF32A61","ID-9EAD3F67E7A1","ID-FCFFB29F8011","5","2","ID-52663D6F7E50"
"ID-462B97B27DB1","DeepExplicitAce","High","ID-3E737AE31037","ID-637F07004DAF","ID-D4A9D575D341","ID-5EB5FCAC9576","5","2","ID-52663D6F7E50"
"ID-9B7AD031474C","DeepExplicitAce","High","ID-14C8A54E7E2F","ID-13918F8E25EF","ID-4E23422785B1","ID-6B27A47D419D","5","2","ID-52663D6F7E50"
"ID-BF6E19D2EA2E","DeepExplicitAce","High","ID-5FD55FA7C962","ID-DF3928946CCF","ID-DAA45453F9B0","ID-9826A8114B0B","5","2","ID-52663D6F7E50"
"ID-5A8960ADFB91","DeepExplicitAce","High","ID-7112513D9FC4","ID-275C6A4022A9","ID-D83F15928F89","ID-474E7896F796","5","2","ID-52663D6F7E50"
"ID-EAA9251BD933","DeepExplicitAce","High","ID-2788FFE1310D","ID-7060BE92858C","ID-38D4994F84C4","ID-0A1FF7F0AB04","5","2","ID-52663D6F7E50"
"ID-2CD1403C25CB","DeepExplicitAce","High","ID-494D91E2F01C","ID-5DCC30B22500","ID-22DA6939BEB8","ID-C56EBB236DD4","5","2","ID-52663D6F7E50"
"ID-03F8256D2393","DeepExplicitAce","High","ID-1A5FF23A240B","ID-3154F95D03E3","ID-91BDE01C06C1","ID-5BF8CB2DAD64","5","2","ID-52663D6F7E50"
"ID-FD308A062DCD","DeepExplicitAce","High","ID-E29B62928EAC","ID-374C37D1A3D7","ID-B025904B1DBF","ID-EE726B2ADD9F","5","2","ID-52663D6F7E50"
"ID-EB6987D66803","DeepExplicitAce","High","ID-705132FBB983","ID-3B05BF81797C","ID-2FAABAC311F0","ID-6E17DCEEF1B6","5","2","ID-52663D6F7E50"
"ID-E1A8594FE355","DeepExplicitAce","High","ID-A666111AFFA0","ID-1A8BB9224B46","ID-6A3E409F6269","ID-0B0EA87C7CFF","5","2","ID-52663D6F7E50"
"ID-5605605B60D8","DeepExplicitAce","High","ID-C8EF6513690C","ID-046F896AE295","ID-1275F60DBB33","ID-12B58491CFC2","5","2","ID-52663D6F7E50"
"ID-AA53FCA7B3F2","DeepExplicitAce","High","ID-9E17DCD4E36F","ID-F7F491767AE9","ID-3C634080D845","ID-20583D795EE9","5","2","ID-52663D6F7E50"
"ID-68B9A770A364","DeepExplicitAce","High","ID-308E49FCD84D","ID-36FC04115297","ID-EBE03E226F45","ID-77C549901FD2","5","2","ID-52663D6F7E50"
"ID-347E3D39CB1C","DeepExplicitAce","High","ID-F3A6F3B8F654","ID-DFD8A2462872","ID-5CF6276A6642","ID-433F2FDCD55A","5","2","ID-52663D6F7E50"
"ID-340A903F2E3F","DeepExplicitAce","High","ID-776229634114","ID-1316E0EA56C0","ID-FF85CC125600","ID-F00DB75A3279","5","2","ID-52663D6F7E50"
"ID-667F3F857CB3","DeepExplicitAce","High","ID-8390A3B043AA","ID-435AECE412D3","ID-3477C77F65EF","ID-7FE97CC93116","5","2","ID-52663D6F7E50"
"ID-F48531AB80A0","DeepExplicitAce","High","ID-E87EF3CC3122","ID-BEDAD4F5FD1F","ID-0B8746ED35C7","ID-DB62FE9CE176","5","2","ID-52663D6F7E50"
"ID-B9F8A3C6E268","DeepExplicitAce","High","ID-0CE178E955F6","ID-B50141B685BF","ID-5983A9A8CA73","ID-B2A706181196","5","2","ID-52663D6F7E50"
"ID-22A102779574","DeepExplicitAce","High","ID-C134A27B34F9","ID-4412ADCE4B11","ID-36E24E8565C6","ID-1547406B0AD5","5","2","ID-52663D6F7E50"
"ID-B6E5189C22AA","DeepExplicitAce","High","ID-467AC3C59612","ID-99CAB4368564","ID-5F2AFBD13B93","ID-4AD7FC82325F","5","2","ID-52663D6F7E50"
"ID-95F66134237E","DeepExplicitAce","High","ID-B8C54BECF801","ID-E0D3D31EED86","ID-A8FD759F8D7F","ID-C0FEB9E2C527","5","2","ID-52663D6F7E50"
"ID-4EC86B70DF08","DeepExplicitAce","High","ID-14F183ABA571","ID-0537D9EF5175","ID-330D18BDCC67","ID-E9394EA755EA","5","2","ID-52663D6F7E50"
"ID-0D135501F4A8","DeepExplicitAce","High","ID-0947C5370084","ID-2B9FB992D845","ID-23B5DDD3912B","ID-5A3F49EAEEB3","5","2","ID-52663D6F7E50"
"ID-937C7BC51AB1","DeepExplicitAce","High","ID-2DEEF7075A0E","ID-E98BF2FA0195","ID-362B851F2DFE","ID-15C4A57F1C2A","5","2","ID-52663D6F7E50"
"ID-04D9831FE871","DeepExplicitAce","High","ID-45DF41C82285","ID-E76044980381","ID-FF085ACB36C9","ID-5794E2AEFEE6","5","2","ID-52663D6F7E50"
"ID-1EFD38CF4DB2","DeepExplicitAce","High","ID-617F2AEC3D19","ID-909138D074C3","ID-072E327E804C","ID-10F55823E1B9","5","2","ID-52663D6F7E50"
"ID-A4128D46B2CF","DeepExplicitAce","High","ID-3D72E259E408","ID-594274EBCF63","ID-0FF9524DF8F3","ID-F531E96BCCE6","5","2","ID-52663D6F7E50"
"ID-1514D4B4DF13","DeepExplicitAce","High","ID-B3161AFA39C7","ID-5B2FFB0CD7E7","ID-326D946F9567","ID-7AE9AF9D3649","5","2","ID-52663D6F7E50"
"ID-5414E32C1F2E","DeepExplicitAce","High","ID-9AB3A1D41F6F","ID-F3AC3EB18141","ID-69AF91F963F4","ID-40DF9A10CD12","5","2","ID-52663D6F7E50"
"ID-18722D4C82FB","DeepExplicitAce","High","ID-E151038A58F1","ID-F90D87FB04CE","ID-F4F38F197116","ID-09E9B2753965","5","2","ID-52663D6F7E50"
"ID-C4E2BB3D6390","DeepExplicitAce","High","ID-E687DEF6E207","ID-A271AD640129","ID-7061BEC6BFB6","ID-66C0EFA7A30C","5","2","ID-52663D6F7E50"
"ID-6FA76CE67806","DeepExplicitAce","High","ID-1EE836D214D5","ID-642C2D51EA88","ID-792DD4C1EBC9","ID-884FBFF69554","5","2","ID-52663D6F7E50"
"ID-C5175A78D397","DeepExplicitAce","High","ID-16B17ECEA9A8","ID-FE7F88CA9AF4","ID-EFB11C155B55","ID-A65993338D6E","5","2","ID-52663D6F7E50"
"ID-21F7AC7A42A5","DeepExplicitAce","High","ID-90F90BE522E7","ID-FE66B3149FCF","ID-816CBB33278C","ID-B7F119016F29","5","2","ID-52663D6F7E50"
"ID-A59D8C702E6C","DeepExplicitAce","High","ID-7ED99E3DF14D","ID-672A24A7927F","ID-C69F8D0C66E5","ID-5BCAB9ADA472","5","2","ID-52663D6F7E50"
"ID-E92376034A4D","DeepExplicitAce","High","ID-8E0553952B64","ID-E8E8E7846F0F","ID-778F512BDC03","ID-8CF5E6DB8B1C","5","2","ID-52663D6F7E50"
"ID-909A4A3F0688","DeepExplicitAce","High","ID-F9CC6633F61F","ID-4D6BA177377D","ID-204B3919A111","ID-243992DEBDE2","5","2","ID-52663D6F7E50"
"ID-ACD9545B9CF3","DeepExplicitAce","High","ID-DBB1C39A0B00","ID-0F755FF0534A","ID-DE466F6EB364","ID-4CDD954A2A22","5","2","ID-52663D6F7E50"
"ID-7FDD221C51E8","DeepExplicitAce","High","ID-083441950D2E","ID-F16D2B445C6A","ID-21572CAE5B77","ID-825984BBE923","5","2","ID-52663D6F7E50"
"ID-D5D2218425E7","DeepExplicitAce","High","ID-C4B36BC6B4AF","ID-271F81259978","ID-05DE5C316263","ID-504AE785A577","5","2","ID-52663D6F7E50"
"ID-38C8EBCD621E","DeepExplicitAce","High","ID-C9E8ED6EE942","ID-77871285265A","ID-24AFCEDC5F08","ID-AF8FFCC4B53C","5","2","ID-52663D6F7E50"
"ID-3E0D2642D24F","DeepExplicitAce","High","ID-2289EAD8D82D","ID-FAB02E15C03C","ID-70395F8E5434","ID-4A11983B660A","5","2","ID-52663D6F7E50"
"ID-64D6CBDC5C9B","DeepExplicitAce","High","ID-05EDA4B1CD86","ID-F4E2B762509B","ID-EA0780C1F284","ID-4504D15ADD70","5","2","ID-52663D6F7E50"
"ID-34332D523739","DeepExplicitAce","High","ID-14FCC0FDFB22","ID-64AAF95E7420","ID-ED87B22A5052","ID-1EAC8AB9AD47","5","2","ID-52663D6F7E50"
"ID-B8078785ED9E","DeepExplicitAce","High","ID-3ADDA7F5E394","ID-E7B8FE4B7A77","ID-672D72EDFE18","ID-17484255095F","5","2","ID-52663D6F7E50"
"ID-1F2BF4B0FC32","DeepExplicitAce","High","ID-57BD8CDA7077","ID-E2DA240BAC8B","ID-D449FBBB2920","ID-7FE0474A4098","5","2","ID-52663D6F7E50"
"ID-FE119EE8CE1F","DeepExplicitAce","High","ID-E9C60FF561F0","ID-7612C970CA5C","ID-BC98A66D294B","ID-67DE42A0BE64","5","2","ID-52663D6F7E50"
"ID-A20DBCF771F9","DeepExplicitAce","High","ID-8199F4D1D424","ID-6692D1402518","ID-D6E808975875","ID-2B42153A6686","5","2","ID-52663D6F7E50"
"ID-E63C10D500CE","DeepExplicitAce","High","ID-70BDF6B0B975","ID-A10802EC0749","ID-9EA3E51309F9","ID-372D7561BB82","5","2","ID-52663D6F7E50"
"ID-BBBC856AB44D","DeepExplicitAce","High","ID-D8CD7F796E22","ID-5AD0D79EDDCD","ID-E45BA5A82B4F","ID-52B00588015B","5","2","ID-52663D6F7E50"
"ID-0C9A7153A231","DeepExplicitAce","High","ID-C33FA51EC066","ID-B5DB40D6EA81","ID-624A491C780E","ID-A2A391FA1E76","5","2","ID-52663D6F7E50"
"ID-7AEB38954E37","DeepExplicitAce","High","ID-2D18C633D625","ID-1A176AD30280","ID-0E0817576464","ID-BD9170822E42","5","2","ID-52663D6F7E50"
"ID-338A95A55FE6","DeepExplicitAce","High","ID-B5C59F3D2E5D","ID-1A2E87785DFC","ID-67DB65DE850D","ID-F5E0E012C866","5","2","ID-52663D6F7E50"
"ID-E25601027763","DeepExplicitAce","High","ID-34E2B885354B","ID-880813FC3B59","ID-3228B4E77F5B","ID-56073A987936","5","2","ID-52663D6F7E50"
"ID-CC47EA519706","DeepExplicitAce","High","ID-86618F9EAF19","ID-9B1549E8DDDF","ID-1FE65C188052","ID-CCFDDCC91A27","5","2","ID-52663D6F7E50"
"ID-08B6E2806BFB","DeepExplicitAce","High","ID-875AA644BF64","ID-A830D4F84803","ID-7D9FECA72383","ID-C359951A9B4F","5","2","ID-52663D6F7E50"
"ID-E3BF04869BEC","DeepExplicitAce","High","ID-008890E394CB","ID-55924E82C626","ID-7CFEEECCD73F","ID-9B60A3E1ECB8","5","2","ID-52663D6F7E50"
"ID-D1DF0F199B41","DeepExplicitAce","High","ID-3CA7D0E535EC","ID-A1828F052477","ID-6BD54B4333DE","ID-92171168997F","5","2","ID-52663D6F7E50"
"ID-85E05B9070FF","DeepExplicitAce","High","ID-4F172941788F","ID-3657EDEDC886","ID-2BB0A63DBE3D","ID-1B1B041840A7","5","2","ID-52663D6F7E50"
"ID-3C13E02BC43A","DeepExplicitAce","High","ID-74D54D731E35","ID-4F67062E427B","ID-A77FDE77327F","ID-301F73089099","5","2","ID-52663D6F7E50"
"ID-7F9AE2F0107B","DeepExplicitAce","High","ID-1D408B14F488","ID-540C6386A2C9","ID-5DD39B3B5F4F","ID-01503D5719C5","5","2","ID-52663D6F7E50"
"ID-C62A5D3D5050","DeepExplicitAce","High","ID-83C596438B47","ID-D3014E91F251","ID-12DDB04EBFCF","ID-EF763AF24CD6","5","2","ID-52663D6F7E50"
"ID-FA76394ECC83","DeepExplicitAce","High","ID-1371A33DF7F4","ID-40BD3E64C100","ID-DC04F947C057","ID-9ECB89D216D9","5","2","ID-52663D6F7E50"
"ID-A5B397D9631D","DeepExplicitAce","High","ID-6AF0D280D0CF","ID-6190BF273EF9","ID-F449008251A7","ID-ED2A34CB3BCA","5","2","ID-52663D6F7E50"
"ID-301FA243438D","DeepExplicitAce","High","ID-066ECF24BDD6","ID-370DDFF7FF82","ID-ADB2E29D2953","ID-2FD91817C5BE","5","2","ID-52663D6F7E50"
"ID-3F4960C401D7","DeepExplicitAce","High","ID-4EB960C1B058","ID-9CBCE63F2ED6","ID-00685AAA60D4","ID-5CA312EA685C","5","2","ID-52663D6F7E50"
"ID-68575F91CE43","DeepExplicitAce","High","ID-C6A43A7B7FFA","ID-CAA8223B9729","ID-503B4FDA3974","ID-8375FB9E65B9","5","2","ID-52663D6F7E50"
"ID-00D08E11B818","DeepExplicitAce","High","ID-67532121DE71","ID-FC2FA79FD1EA","ID-0BD5E0F161C8","ID-00A602979DAF","5","2","ID-52663D6F7E50"
"ID-67EDBEE4FFDC","DeepExplicitAce","High","ID-385FAC60F25E","ID-DCD755114A33","ID-5444BA2120EC","ID-C8B42F3D8291","5","2","ID-52663D6F7E50"
"ID-1D1EA6B9E04F","DeepExplicitAce","High","ID-8FB08A87821A","ID-5DD156676D55","ID-1CDFD3400818","ID-F2401C79F70C","5","2","ID-52663D6F7E50"
"ID-909E2810624B","DeepExplicitAce","High","ID-1B0D2BC7B4E5","ID-D9B43D70AA00","ID-D4F0E0DD69A1","ID-F3EEC7744662","5","2","ID-52663D6F7E50"
"ID-B64CB313FCC0","DeepExplicitAce","High","ID-F169EE19CC18","ID-0879533C7875","ID-4455B06B96F7","ID-546F6A8861DB","5","2","ID-52663D6F7E50"
"ID-66F4E1DCB88A","DeepExplicitAce","High","ID-7A0DEC188383","ID-23C7C7F15B17","ID-82816B89B139","ID-65BD2DBE87F6","5","2","ID-52663D6F7E50"
"ID-E07FACAEA836","DeepExplicitAce","High","ID-0C731D98B010","ID-66EC3AEC5977","ID-2A50EF798767","ID-F05983059EA0","5","2","ID-52663D6F7E50"
"ID-7ED163DDB3C1","DeepExplicitAce","High","ID-676F17E08F06","ID-37FC185DA5CB","ID-642EE2CE7A77","ID-4D1A2ADD2B76","5","2","ID-52663D6F7E50"
"ID-745CF820D899","DeepExplicitAce","High","ID-5F805B08A0B9","ID-C971D569DC8D","ID-E71BA03D68CA","ID-F9634AD889C9","5","2","ID-52663D6F7E50"
"ID-EDCF92296A56","DeepExplicitAce","High","ID-5D806D3A2C71","ID-0F8E5CE6F72B","ID-BF9079DBA8A3","ID-7F07FE19A120","5","2","ID-52663D6F7E50"
"ID-3A6D61FDB67E","DeepExplicitAce","High","ID-86026C31B641","ID-3AFB68226841","ID-02DF236D1173","ID-037688CC3BF3","5","2","ID-52663D6F7E50"
"ID-58B8504F2721","DeepExplicitAce","High","ID-C5FA2EB4A67F","ID-F70D14138FC4","ID-5E1C164906D9","ID-F5831E61E362","5","2","ID-52663D6F7E50"
"ID-EDB4F3554D0C","DeepExplicitAce","High","ID-3A941C54F16C","ID-9017D86D2397","ID-5D27E6ADD22A","ID-279EA55E2164","5","2","ID-52663D6F7E50"
"ID-57C8D3C9178C","DeepExplicitAce","High","ID-058A799E2607","ID-A80892C1F22E","ID-597B97CA34AF","ID-C6BBD2385284","5","2","ID-52663D6F7E50"
"ID-F5C45A20375F","DeepExplicitAce","High","ID-6AC212A8B12F","ID-926A3D9E8D06","ID-994A3ED29174","ID-FD55538699BA","5","2","ID-52663D6F7E50"
"ID-A795543F7692","DeepExplicitAce","High","ID-75D1766CF45B","ID-20CE95AF5D12","ID-847B2B61F963","ID-8D44F98AD439","5","2","ID-52663D6F7E50"
"ID-811F5416A774","DeepExplicitAce","High","ID-A87D455646EB","ID-AC5429CF4A90","ID-680CB7801E4F","ID-DA3916B6E20D","5","2","ID-52663D6F7E50"
"ID-51FEC985ADE8","DeepExplicitAce","High","ID-C109193D9695","ID-28A22B545423","ID-D870EC515878","ID-6EFFA9F0E193","5","2","ID-52663D6F7E50"
"ID-8C4D08D8719B","DeepExplicitAce","High","ID-1869D9D0B5C4","ID-DCD6D7B76717","ID-CD96D98E326B","ID-E5D553570993","5","2","ID-52663D6F7E50"
"ID-91CFE6F28060","DeepExplicitAce","High","ID-03B7A9CEC579","ID-BD24807EB5CD","ID-C390C9726B47","ID-E4508DA053EA","5","2","ID-52663D6F7E50"
"ID-42A4EB8B6DCB","DeepExplicitAce","High","ID-564D74068950","ID-79F3C2C20ED8","ID-D259C23C3B7A","ID-EF257EA5683D","5","2","ID-52663D6F7E50"
"ID-5C1C46788929","DeepExplicitAce","High","ID-28AFAB9E2461","ID-7C51939FE346","ID-D9CE601C4DB2","ID-137B8DE3F27B","5","2","ID-52663D6F7E50"
"ID-8A6F92C738E5","DeepExplicitAce","High","ID-9866428035C6","ID-1E98069D4ECA","ID-D939D8C9597D","ID-A8B40FFB8ED1","5","2","ID-52663D6F7E50"
"ID-41FFF529478C","DeepExplicitAce","High","ID-31A3391AC535","ID-C27AD3C29853","ID-A5768E1A8B4F","ID-94F6232C5C94","5","2","ID-52663D6F7E50"
"ID-845E1004C0E3","DeepExplicitAce","High","ID-670A11217498","ID-3CD189E6FC9D","ID-A44ECF57C7D9","ID-B234523E889C","5","2","ID-52663D6F7E50"
"ID-7FC86B723BB3","DeepExplicitAce","High","ID-176C1CD16B83","ID-67130AD4AF0C","ID-92179BEBEB73","ID-5B7FC84FC6BF","5","2","ID-52663D6F7E50"
"ID-1DFB2259937C","DeepExplicitAce","High","ID-162C37B5820C","ID-E1F1B44C0666","ID-F0726D7BDD9F","ID-2C63CF1F4676","5","2","ID-52663D6F7E50"
"ID-047C1A9306D3","DeepExplicitAce","High","ID-9ADF3911F35A","ID-D287750472AE","ID-3EB8B500B3AE","ID-8B308566F688","5","2","ID-52663D6F7E50"
"ID-263BF72D311D","DeepExplicitAce","High","ID-090599BE211C","ID-13D5F4EB4788","ID-071CC4DD8FB3","ID-6AD40F551169","5","2","ID-52663D6F7E50"
"ID-4793821A1F3A","DeepExplicitAce","High","ID-A6274D36B673","ID-9D3A0B7FEC85","ID-5F4E4C2C2A1A","ID-5E5BBA74D107","5","2","ID-52663D6F7E50"
"ID-5D7F148B6BE2","DeepExplicitAce","High","ID-A265E1068D43","ID-B5A191E52616","ID-98417A1CDD04","ID-DEC609C46EB5","5","2","ID-52663D6F7E50"
"ID-548DF334733B","DeepExplicitAce","High","ID-74EBF1652C35","ID-0B6013E99383","ID-103FE0ADD77B","ID-E2D209EC7F9D","5","2","ID-52663D6F7E50"
"ID-445277FEFC3F","DeepExplicitAce","High","ID-82ABF23B3BA0","ID-14832DAFD234","ID-58FE6C0EB9E4","ID-215631E80D44","5","2","ID-52663D6F7E50"
"ID-A6DAEE6CB92A","DeepExplicitAce","High","ID-E6A8A8F91EFF","ID-FA4CC8550C83","ID-8C9EF026FB62","ID-C14600161D56","5","2","ID-52663D6F7E50"
"ID-F2EA6809298A","DeepExplicitAce","High","ID-F37BE760AE41","ID-CB8639C38A74","ID-E07EC6C94456","ID-7D2BBFBFF6E9","5","2","ID-52663D6F7E50"
"ID-502752EF7017","DeepExplicitAce","High","ID-018197248D33","ID-59D96C686067","ID-1042465EED5B","ID-73910760FBA9","5","2","ID-52663D6F7E50"
"ID-DC0A96AA127E","DeepExplicitAce","High","ID-8CFB42968112","ID-E3571F269EF0","ID-BC55563F667D","ID-B4A0071C5D8C","5","2","ID-52663D6F7E50"
"ID-193FCB2B2814","DeepExplicitAce","High","ID-4C82A36DE504","ID-CD95C046F4B2","ID-A8A066D6E38A","ID-334A6A083FB6","5","2","ID-52663D6F7E50"
"ID-D893F4616CBE","DeepExplicitAce","High","ID-D3874DE06757","ID-D73F8F019BAE","ID-6991F904685B","ID-0E6E8283290C","5","2","ID-52663D6F7E50"
"ID-74BAE0569DA4","DeepExplicitAce","High","ID-CD2064FDBB72","ID-09C86C669B13","ID-DC224DE5DA1B","ID-15A22454BCAE","5","2","ID-52663D6F7E50"
"ID-21D3B9C8F57B","DeepExplicitAce","High","ID-52E1CE8DC224","ID-DD111F3B1656","ID-C542A672AA21","ID-52DD40B1BA76","5","2","ID-52663D6F7E50"
"ID-F22157BCF17C","DeepExplicitAce","High","ID-FC687E3676BA","ID-02EDB164FEF4","ID-36FE992C955F","ID-FAFE4DE0C0D5","5","2","ID-52663D6F7E50"
"ID-0FA760F8EFCF","DeepExplicitAce","High","ID-E1A5B09FCDE0","ID-4364B791CBE7","ID-5A7B317F39FB","ID-16BD37D771DF","5","2","ID-52663D6F7E50"
"ID-CB58D298CAFF","DeepExplicitAce","High","ID-527906860DD9","ID-62E546827AAE","ID-4C675EE41822","ID-DC22A0948839","5","2","ID-52663D6F7E50"
"ID-1E86F923DF49","DeepExplicitAce","High","ID-F9138B2AC339","ID-AC472ECF9718","ID-C47AC13521DF","ID-5F5338D4D8DB","5","2","ID-52663D6F7E50"
"ID-6032C8C2FC7B","DeepExplicitAce","High","ID-DC190EE601DF","ID-A16D45912A69","ID-59A835392C95","ID-24855DE8779F","5","2","ID-52663D6F7E50"
"ID-61FF7708646C","DeepExplicitAce","High","ID-2D0EE4C04F45","ID-5F231929E788","ID-3A6DDE78D0E6","ID-4AE93F6E8DA0","5","2","ID-52663D6F7E50"
"ID-46F85BD048B3","DeepExplicitAce","High","ID-61F0580FCA8B","ID-0262DEA6940A","ID-68C93F0FC2F9","ID-8F22C76E8F08","5","2","ID-52663D6F7E50"
"ID-5C6EB2EF8AE4","DeepExplicitAce","High","ID-271FC70318C7","ID-8AFBCAB207EF","ID-0651FB7EB3F7","ID-37C84B83221A","5","2","ID-52663D6F7E50"
"ID-4AF30607D87F","DeepExplicitAce","High","ID-A7A7D924EE06","ID-9AEF06EAB5A6","ID-FE69802C1712","ID-31E41D7EAD56","5","2","ID-52663D6F7E50"
"ID-0B6363074696","DeepExplicitAce","High","ID-D235970EA67C","ID-90012E331B20","ID-E7F7A545967C","ID-2436FF7DB5EE","5","2","ID-52663D6F7E50"
"ID-15DF8FAEDFF9","DeepExplicitAce","High","ID-9DBB1F7CD8D1","ID-1C465BA64069","ID-2D98A5DB3BC6","ID-C32E8E40E120","5","2","ID-52663D6F7E50"
"ID-1DF420EF868F","DeepExplicitAce","High","ID-A8BEB5FCC841","ID-09112F134A8D","ID-0EA504ADD345","ID-3B073C83D310","5","2","ID-52663D6F7E50"
"ID-9949B7F6A3C9","DeepExplicitAce","High","ID-9A41D4B6DFC3","ID-8DF0BFDE401D","ID-CF7F6806D0FE","ID-98F65CD3C61D","5","2","ID-52663D6F7E50"
"ID-C9F1751865C5","DeepExplicitAce","High","ID-A0C09D4098DB","ID-E549CAD91923","ID-19BFD3FC1483","ID-C1A851215E7A","5","2","ID-52663D6F7E50"
"ID-4F12BBEECDA3","DeepExplicitAce","High","ID-F8E6494BE27D","ID-BF3E10F208FB","ID-3A9650EDF817","ID-E23E42D403AE","5","2","ID-52663D6F7E50"
"ID-3B59FC031E73","DeepExplicitAce","High","ID-3D40A309B9EA","ID-33559CFB7D8A","ID-5D830A683A5D","ID-2E5D489E9567","5","2","ID-52663D6F7E50"
"ID-F729CE5482D2","DeepExplicitAce","High","ID-A9AE53A7B1F4","ID-5B099E9AEFA6","ID-DCBDD490B146","ID-BCE3EC18D868","5","2","ID-52663D6F7E50"
"ID-383B91ABA62F","DeepExplicitAce","High","ID-659960E88AF8","ID-8733347F62A6","ID-3A3F04111328","ID-B22822B2E98E","5","2","ID-52663D6F7E50"
"ID-04B97CCD1964","DeepExplicitAce","High","ID-7477E596CBFD","ID-C452BD63F508","ID-77EBD5EB26F6","ID-0AC9DDE72C86","5","2","ID-52663D6F7E50"
"ID-E6F3191A7D78","DeepExplicitAce","High","ID-DE2290EC2EEE","ID-6F3C30B56549","ID-40782520C8C2","ID-0AF0635E0E09","5","2","ID-52663D6F7E50"
"ID-52350EE168F1","DeepExplicitAce","High","ID-60A821374392","ID-F0FE63149EE1","ID-ACFAF3D7EA17","ID-B8825DE2BDC5","5","2","ID-52663D6F7E50"
"ID-D125A0CB5BA9","DeepExplicitAce","High","ID-E004B34628FC","ID-86AE2DE76AFB","ID-26D735CB5D90","ID-D7008DE172A4","5","2","ID-52663D6F7E50"
"ID-E7DEFE65A980","DeepExplicitAce","High","ID-C264ED80B217","ID-2A53298AFC69","ID-469395740271","ID-9FEB2F364AF2","5","2","ID-52663D6F7E50"
"ID-755755EC3689","DeepExplicitAce","High","ID-A62AA04BDAB6","ID-66B305657081","ID-AA5F40929FE3","ID-5823E566CA8E","5","2","ID-52663D6F7E50"
"ID-E775F59F1F32","DeepExplicitAce","High","ID-FBD0B8F6649C","ID-236DDB2DFA8E","ID-5AE0A50BACB7","ID-30664C3DC36D","5","2","ID-52663D6F7E50"
"ID-E5F06B926D4F","DeepExplicitAce","High","ID-F566358DDF6E","ID-5EAE82532020","ID-2B99007ED05B","ID-00C9853E9537","5","2","ID-52663D6F7E50"
"ID-144ECAAEFE05","DeepExplicitAce","High","ID-8DB73BDC737D","ID-A4F892FBA8AF","ID-C388D2B7056A","ID-B017F5FD6CD3","5","2","ID-52663D6F7E50"
"ID-F4DFD095D523","DeepExplicitAce","High","ID-693E06240AF8","ID-FFAB34164514","ID-FD879153E87C","ID-EEAE0B792E18","5","2","ID-52663D6F7E50"
"ID-E85595AAAC88","DeepExplicitAce","High","ID-5CD6ECAD06C6","ID-38B1CDE52330","ID-C278C9E0F00B","ID-1010B6973C8D","5","2","ID-52663D6F7E50"
"ID-5F27CC0AEEC4","DeepExplicitAce","High","ID-FF124570C335","ID-E69EEA7182CD","ID-098C109EDDCB","ID-57D169454BF8","5","2","ID-52663D6F7E50"
"ID-7AF95E4F1FF2","DeepExplicitAce","High","ID-6FD723CB2D9C","ID-3C84B00DBEBD","ID-339A242EA63B","ID-3AE9ACB0BD4C","5","2","ID-52663D6F7E50"
"ID-B97882C29AE4","DeepExplicitAce","High","ID-38513BEC2132","ID-BBD1A4F02752","ID-46646C5D7A4B","ID-2C7E0699A548","5","2","ID-52663D6F7E50"
"ID-DCB2E55A651E","DeepExplicitAce","High","ID-C1406E3F26E1","ID-3F0CB38F5F35","ID-A29053095549","ID-A664A4EA4448","5","2","ID-52663D6F7E50"
"ID-3B374C372013","DeepExplicitAce","High","ID-421097DB8781","ID-D9FACCCA77E0","ID-B9577CB3360E","ID-2859DD4FCA80","5","2","ID-52663D6F7E50"
"ID-54B05420AF71","DeepExplicitAce","High","ID-80FD41030D28","ID-BD183838FA75","ID-D3C643E02518","ID-11C93AC6A16C","5","2","ID-52663D6F7E50"
"ID-5ECB8A20791C","DeepExplicitAce","High","ID-808E3F07CECF","ID-B03B415085CA","ID-D732BEBAEE5C","ID-C620801767C8","5","2","ID-52663D6F7E50"
"ID-164617507335","DeepExplicitAce","High","ID-F85AF365E7BA","ID-189FCEABBB43","ID-0AAD5EDC69E8","ID-94C984934FD9","5","2","ID-52663D6F7E50"
"ID-1C37B93C0654","DeepExplicitAce","High","ID-7D500D72EB3C","ID-3016D55A7AC8","ID-79CB725F78F2","ID-44FE456A29BF","5","2","ID-52663D6F7E50"
"ID-963FAEFCAC58","DeepExplicitAce","High","ID-5023A2B6D80F","ID-F666D4367953","ID-DDEAFD808960","ID-164ADEFA4FD6","5","2","ID-52663D6F7E50"
"ID-5405730B9078","DeepExplicitAce","High","ID-6E3D6B8288F3","ID-1B6239B7E0E8","ID-39360B2EE971","ID-0C4B6D5EF090","5","2","ID-52663D6F7E50"
"ID-BD83807B8310","DeepExplicitAce","High","ID-09E4D6941BF4","ID-7BFD6531A02E","ID-5C968DEA1F99","ID-6C677E2C6A47","5","2","ID-52663D6F7E50"
"ID-DB740D42BEA8","DeepExplicitAce","High","ID-CC31BBF06DC0","ID-DFC529357FC6","ID-1D3D0C218B3B","ID-678538DB29AC","5","2","ID-52663D6F7E50"
"ID-36588A8804CF","DeepExplicitAce","High","ID-F252A7B87037","ID-4A3777D237DD","ID-1340B96FA388","ID-B6C8D8E50EFC","5","2","ID-52663D6F7E50"
"ID-BE32DFA0C9E3","DeepExplicitAce","High","ID-588DDDA3D84D","ID-B5FF8FC3EB66","ID-C69B492F5379","ID-8F6679FD7F9A","5","2","ID-52663D6F7E50"
"ID-4B178A42FA04","DeepExplicitAce","High","ID-90E5136EB087","ID-2080BA1EF50B","ID-0BF69FAC327C","ID-2A15258783E1","5","2","ID-52663D6F7E50"
"ID-32B544D19B22","DeepExplicitAce","High","ID-358724F9C321","ID-D698AD28F5E7","ID-060F8ED5C20E","ID-F73DB9D89950","5","2","ID-52663D6F7E50"
"ID-B178FA818DBA","DeepExplicitAce","High","ID-57C65BD24302","ID-A61041AFFE08","ID-3F7016E7B73A","ID-BCE8170EF610","5","2","ID-52663D6F7E50"
"ID-C372BF9E9115","DeepExplicitAce","High","ID-D0BE4E751E7E","ID-43AD3D7A1AEA","ID-C8F97A852F58","ID-6A98B13C0060","5","2","ID-52663D6F7E50"
"ID-0D8D59EE28AF","DeepExplicitAce","High","ID-94DA238A7344","ID-CBA738D4348C","ID-D2BC1A02635F","ID-F87EF507999D","5","2","ID-52663D6F7E50"
"ID-561270E22089","DeepExplicitAce","High","ID-87B8BE2679A2","ID-8D72119A0D81","ID-3E1A5016FAEA","ID-800765835B15","5","2","ID-52663D6F7E50"
"ID-8AE299490456","DeepExplicitAce","High","ID-16B41CEAF42B","ID-DFE46E207813","ID-443DDF6F7D8F","ID-4234E227983F","5","2","ID-52663D6F7E50"
"ID-C7AB76E8B979","DeepExplicitAce","High","ID-C05E6BB9D24B","ID-265FC8721DD0","ID-3B204E30F192","ID-5DCB08AEBE60","5","2","ID-52663D6F7E50"
"ID-1F74DD37C990","DeepExplicitAce","High","ID-BD2664F4BB01","ID-C62BA3E25AED","ID-B8610A4E3E4F","ID-5EDDB2FD5CBD","5","2","ID-52663D6F7E50"
"ID-BBEE8C7380E6","DeepExplicitAce","High","ID-A040368B1BF4","ID-2B3E30550798","ID-7F77F57C9402","ID-A70EADE6391A","5","2","ID-52663D6F7E50"
"ID-81ABE3151C3C","DeepExplicitAce","High","ID-5A244C4A0262","ID-1347B9B155A9","ID-75C28EC29D6A","ID-E9B6883830B8","5","2","ID-52663D6F7E50"
"ID-4D93D2CC3D2D","DeepExplicitAce","High","ID-4A7AED37E91B","ID-717253D5A90A","ID-BF23FB3167B0","ID-AD66B1D27EB3","5","2","ID-52663D6F7E50"
"ID-2B943D3A1D63","DeepExplicitAce","High","ID-81A8E3F35DCF","ID-723C04250D83","ID-3F02B964BE03","ID-12E310565CCA","5","2","ID-52663D6F7E50"
"ID-476F645A3980","DeepExplicitAce","High","ID-6FCF861C020E","ID-CCC3758DEE3F","ID-7B39CA5A47C8","ID-FF328470D14C","5","2","ID-52663D6F7E50"
"ID-365BDB67D0FD","DeepExplicitAce","High","ID-D518C6DAD2FB","ID-3EE18DB44C1C","ID-30FF0E573A56","ID-7B494468C666","5","2","ID-52663D6F7E50"
"ID-8CF89F87302A","DeepExplicitAce","High","ID-85E6C786406A","ID-03545DCFA0E9","ID-DA85FC0F7200","ID-829FC552AC87","5","2","ID-52663D6F7E50"
"ID-77CE28074FC8","DeepExplicitAce","High","ID-646851050243","ID-4A963BAAF594","ID-E5F447D4DF6C","ID-6918885769BE","5","2","ID-52663D6F7E50"
"ID-5FEED24603AC","DeepExplicitAce","High","ID-D4017D73349E","ID-E66FB8BBC56B","ID-F5C803BD056C","ID-595E2E01DA3C","5","2","ID-52663D6F7E50"
"ID-E6CDB68E4151","DeepExplicitAce","High","ID-008A270D9B49","ID-57FC8338D935","ID-37B980A9C3DC","ID-624259EC87C9","5","2","ID-52663D6F7E50"
"ID-BABDF51167FF","DeepExplicitAce","High","ID-304091463464","ID-BBCF82CA1599","ID-6D6622D29B3E","ID-5AC24F718159","5","2","ID-52663D6F7E50"
"ID-C803AEBD9C43","DeepExplicitAce","High","ID-CD2894ECDF5C","ID-96DFF0E4079C","ID-04C238659DE7","ID-A4D755637A50","5","2","ID-52663D6F7E50"
"ID-D7E46AD3A060","DeepExplicitAce","High","ID-09259615AE2A","ID-978A422D6080","ID-1D761F4D9C28","ID-61DD7A9AD198","5","2","ID-52663D6F7E50"
"ID-5E4D1DF13544","DeepExplicitAce","High","ID-556B4AD216AC","ID-57676A234C9D","ID-0C8C231B03A7","ID-70383CA8AB90","5","2","ID-52663D6F7E50"
"ID-DA3052A2C5B4","DeepExplicitAce","High","ID-AF1E9FCD1E34","ID-446036538C85","ID-4CDE8308F675","ID-E8AD12D5D550","5","2","ID-52663D6F7E50"
"ID-0AAE3AB163E3","DeepExplicitAce","High","ID-61CB28842742","ID-B7CF34B5032F","ID-8992AE15BA0E","ID-D3D681EC1D4C","5","2","ID-52663D6F7E50"
"ID-2CDFEDB634A6","DeepExplicitAce","High","ID-CFBAB562B5AB","ID-8B059B65B271","ID-6CAE154B844B","ID-CE798C0B5F93","5","2","ID-52663D6F7E50"
"ID-8622651A554C","DeepExplicitAce","High","ID-CC8E5D2332FE","ID-5AA2C2318D88","ID-526F118282C1","ID-B15326B1E655","5","2","ID-52663D6F7E50"
"ID-616E5FE54757","DeepExplicitAce","High","ID-12DEC05ED490","ID-0A4F5AD1DCB6","ID-313F6D0447BC","ID-19E7797FB479","5","2","ID-52663D6F7E50"
"ID-119E692E9D85","DeepExplicitAce","High","ID-894FE1FCA83C","ID-21BCF71F6184","ID-1EE3C747C873","ID-9F1494E56299","5","2","ID-52663D6F7E50"
"ID-B526F8398AD5","DeepExplicitAce","High","ID-1F5631C1EF8A","ID-F8EE278C3712","ID-96DE29026633","ID-D6864C25AB04","5","2","ID-52663D6F7E50"
"ID-C542459F167C","DeepExplicitAce","High","ID-323BF305BAAB","ID-B04879BCA2A9","ID-399B689FA44F","ID-0442D30FFADA","5","2","ID-52663D6F7E50"
"ID-3ABCFEE70BDE","DeepExplicitAce","High","ID-0C3918E0B8AC","ID-5905C5FE0765","ID-C05D37AA1D20","ID-9E873A211778","5","2","ID-52663D6F7E50"
"ID-265469F66D27","DeepExplicitAce","High","ID-FE1D0714360D","ID-46DDB5D9B608","ID-7379B2BC391D","ID-E2E5E8C1ADBF","5","2","ID-52663D6F7E50"
"ID-2CB966925F8F","DeepExplicitAce","High","ID-29785CABB643","ID-12800A23E8F8","ID-20623FD59C61","ID-A6A9D49E55F4","5","2","ID-52663D6F7E50"
"ID-8020536398D2","DeepExplicitAce","High","ID-1243C97FC971","ID-510360AC0D58","ID-E15405046810","ID-7BFE8478CC3F","5","2","ID-52663D6F7E50"
"ID-B920930FFC7F","DeepExplicitAce","High","ID-AA3FDC18671A","ID-35D7D97C9092","ID-503AA4D6B8AE","ID-62AAB2360E77","5","2","ID-52663D6F7E50"
"ID-CB206E273D5A","DeepExplicitAce","High","ID-F6963066D78F","ID-56A61450E983","ID-D2E11C06A821","ID-82A783DB652C","5","2","ID-52663D6F7E50"
"ID-97AB78009FE5","DeepExplicitAce","High","ID-EAEEF1B278CE","ID-1AD54E1C3EDE","ID-278A752EACFF","ID-736BD3D352B1","5","2","ID-52663D6F7E50"
"ID-5487340280C7","DeepExplicitAce","High","ID-334FC7A767C5","ID-2C2804435FAB","ID-42555F49E3E5","ID-27926D0E7187","5","2","ID-52663D6F7E50"
"ID-3E64C59E04B0","DeepExplicitAce","High","ID-2B6F1B4CFD82","ID-E6CD54A8220F","ID-7ACD149A6A12","ID-A6AE7B2264C5","5","2","ID-52663D6F7E50"
"ID-8F346CDF8895","DeepExplicitAce","High","ID-3F7EDF9B2489","ID-76B02D124EB5","ID-BF32B63077BD","ID-80B491541122","5","2","ID-52663D6F7E50"
"ID-73875F291806","DeepExplicitAce","High","ID-C536903084F0","ID-AE4DD93BF966","ID-A2EE990264D3","ID-03489375A6C9","5","2","ID-52663D6F7E50"
"ID-45CEB7A8A80B","DeepExplicitAce","High","ID-103E50907601","ID-7C433B0A8BB6","ID-1D81084E8662","ID-A1C407AA145E","5","2","ID-52663D6F7E50"
"ID-57A96EF0B904","DeepExplicitAce","High","ID-CAD72EF8281E","ID-59311B7C01EC","ID-FF5544FC5D75","ID-FB996A370C98","5","2","ID-52663D6F7E50"
"ID-1BA9964DDAB9","DeepExplicitAce","High","ID-7ED9A059B482","ID-9A822463EE20","ID-3310C283549F","ID-71FDB6A1F409","5","2","ID-52663D6F7E50"
"ID-6DADA6921D3A","DeepExplicitAce","High","ID-3C0E724E4B5E","ID-F62184EEB3DE","ID-A88D5219A1F9","ID-43ABE84E5460","5","2","ID-52663D6F7E50"
"ID-7345DD3165E1","DeepExplicitAce","High","ID-1DD38ABAF5AE","ID-ABCD3D24DFEA","ID-B8536BC00559","ID-98CD925F59E0","5","2","ID-52663D6F7E50"
"ID-A9B36E895000","DeepExplicitAce","High","ID-DA57678CBF35","ID-94D206916A17","ID-96ED9F40FE4E","ID-EDB89320EE68","5","2","ID-52663D6F7E50"
"ID-47FAC88A06B8","DeepExplicitAce","High","ID-F61832436AFF","ID-CC51DF432BAF","ID-4EE27E1CF12B","ID-9901F63B7664","5","2","ID-52663D6F7E50"
"ID-4DF7D4DF2D0A","DeepExplicitAce","High","ID-00D8762B40E2","ID-6DE93086B0C8","ID-761DAC134710","ID-4A256DB11D9E","5","2","ID-52663D6F7E50"
"ID-AA431F49D99A","DeepExplicitAce","High","ID-4EA5619AC866","ID-59A23E4A252F","ID-91F61452E73B","ID-D9AA47104B1D","5","2","ID-52663D6F7E50"
"ID-D678424D82BC","DeepExplicitAce","High","ID-503C0C6E425A","ID-8D7590DF9312","ID-38B54818AD1B","ID-0F1835C77564","5","2","ID-52663D6F7E50"
"ID-206D0315CDC5","DeepExplicitAce","High","ID-A257110B3D52","ID-98BCF674A734","ID-BF3D7C1329A1","ID-797C0533A792","5","2","ID-52663D6F7E50"
"ID-D502F89EAF21","DeepExplicitAce","High","ID-9B343EC131FC","ID-A1F7799E515D","ID-E28DA6E779F3","ID-222B1E164987","5","2","ID-52663D6F7E50"
"ID-270FC139C57A","DeepExplicitAce","High","ID-436778ADA85F","ID-00A9CCCCF124","ID-AB031F73CA35","ID-0BF331C15733","5","2","ID-52663D6F7E50"
"ID-D6AB14C11A60","DeepExplicitAce","High","ID-BD756E4CFECC","ID-CBD3AD79F876","ID-2E85A79A6030","ID-70B8C742B8F8","5","2","ID-52663D6F7E50"
"ID-90C5A3304BD4","DeepExplicitAce","High","ID-72B9DDC68E7B","ID-392FF99B3FCE","ID-378A6E860521","ID-0217FBAB3A59","5","2","ID-52663D6F7E50"
"ID-F41CA9FBCE57","DeepExplicitAce","High","ID-1737F2AE73FC","ID-5E097C9694F2","ID-CED4D2A9D2FA","ID-272684CE7E43","5","2","ID-52663D6F7E50"
"ID-A7E320940860","DeepExplicitAce","High","ID-E74925A07AB8","ID-4E72E8A7E68B","ID-6C9417DEB9BA","ID-4DA601EC358E","5","2","ID-52663D6F7E50"
"ID-FD5D54B60756","DeepExplicitAce","High","ID-9B13B53652B1","ID-158D6E7DD69D","ID-CC0FF06CDCDD","ID-1BB7B9981FBE","5","2","ID-52663D6F7E50"
"ID-13C778242130","DeepExplicitAce","High","ID-451E8C086E55","ID-6D8344726627","ID-68D386A63805","ID-374E98FEB55D","5","2","ID-52663D6F7E50"
"ID-A0DEE7BDB2DC","DeepExplicitAce","High","ID-FD4051FA868A","ID-5BFF15262626","ID-1D862D950040","ID-00DF39C12C07","5","2","ID-52663D6F7E50"
"ID-39C0F5888132","DeepExplicitAce","High","ID-0D49B0CC6BBA","ID-AD47141E71F8","ID-14D2807E96DC","ID-8446A740736D","5","2","ID-52663D6F7E50"
"ID-9DA08F98ADF4","DeepExplicitAce","High","ID-050C505D4F00","ID-60F53B70C0AC","ID-42EBA62FE57F","ID-FC22E53A652F","5","2","ID-52663D6F7E50"
"ID-0CF753B2922E","DeepExplicitAce","High","ID-6D409413B809","ID-5410A3A37723","ID-11633F258E91","ID-37ECF1DEAC72","5","2","ID-52663D6F7E50"
"ID-07707362DE84","DeepExplicitAce","High","ID-ECDD7A61A56A","ID-ADA8694CB7A2","ID-60B266FF36BC","ID-5BCE53AD5CB1","5","2","ID-52663D6F7E50"
"ID-F4754FEDA239","DeepExplicitAce","High","ID-FFBBBF4AF26F","ID-1FC61484FF4A","ID-D81B1F16FA08","ID-8266025D00A6","5","2","ID-52663D6F7E50"
"ID-DFB396C8A01B","DeepExplicitAce","High","ID-DE15F57BBAFB","ID-11CE5E915875","ID-812CEE407ABB","ID-85A9DD353675","5","2","ID-52663D6F7E50"
"ID-D64439EC5617","DeepExplicitAce","High","ID-65D9E22E1A78","ID-BBF6848DA748","ID-C676848DA289","ID-678C6608ACB8","5","2","ID-52663D6F7E50"
"ID-E8EDBA30A389","DeepExplicitAce","High","ID-CFCFD7E160B6","ID-1BDA877DDF2E","ID-3285528130F9","ID-CC360BA25CAB","5","2","ID-52663D6F7E50"
"ID-A0F179BEEC94","DeepExplicitAce","High","ID-0C6AB53EC604","ID-16A10F3E8957","ID-614BB8E9A23D","ID-013A453DF3B5","5","2","ID-52663D6F7E50"
"ID-6E60C8537F5F","DeepExplicitAce","High","ID-4E68E53BE9AF","ID-B0C183F5F540","ID-D6FD6C405617","ID-1D6363ACDFBE","5","2","ID-52663D6F7E50"
"ID-D4E8889CC109","DeepExplicitAce","High","ID-18EB141BA849","ID-31E26A22C9F7","ID-A0D7FA5DAE9F","ID-0779FE666145","5","2","ID-52663D6F7E50"
"ID-1C845AC08D0A","DeepExplicitAce","High","ID-71D1CCD92E75","ID-9AC67EC51C26","ID-77192D3077D0","ID-05D9483F7DB9","5","2","ID-52663D6F7E50"
"ID-5DBA91DA3427","DeepExplicitAce","High","ID-AA28AA5D2816","ID-91539EF8A133","ID-7A75F4A6DEE6","ID-E27AA69686F8","5","2","ID-52663D6F7E50"
"ID-D4EABAE6A00E","DeepExplicitAce","High","ID-5EE28189F89A","ID-39D4349B9027","ID-347F79CC8988","ID-812B83A86531","5","2","ID-52663D6F7E50"
"ID-01D9DB888B84","DeepExplicitAce","High","ID-9C00397A8ECF","ID-8FA313F40FD1","ID-CF956BBD0CC2","ID-2883404D6067","5","2","ID-52663D6F7E50"
"ID-341970710064","DeepExplicitAce","High","ID-51DE783EFB12","ID-A3B3CA30432B","ID-BFD1A74DC675","ID-9700DE2E9D3A","5","2","ID-52663D6F7E50"
"ID-74EA6DCC6FAB","DeepExplicitAce","High","ID-96DB2C635531","ID-2D43FFADF233","ID-0F948D5177AC","ID-39699A1DC6CD","5","2","ID-52663D6F7E50"
"ID-67AD52E8BC23","PartialSharePermissionData","Info","ID-427FE57F8BEB","","","","ID-985D2A1EDF69","Complete share permission inventory","ID-5E4004FA94A9"
"ID-91428652C17A","PartialSharePermissionData","Info","ID-4114DC20EECA","","","","ID-985D2A1EDF69","Complete share permission inventory","ID-5E4004FA94A9"
"ID-CF68E130056C","CollectionError","High","ID-427FE57F8BEB","","ID-32BFA3989507","","ID-64C5CBC65366","Complete inventory","ID-65D5C022631B"
"ID-40F48C6F0229","CollectionError","High","ID-427FE57F8BEB","","ID-32BFA3989507","","AclReadError","Complete inventory","ID-5C518E4C8553"
"ID-A981C8632354","CollectionError","High","ID-4114DC20EECA","","ID-30DCBF471A3C","","ID-64C5CBC65366","Complete inventory","ID-B7011A6AE17F"
"ID-2E657D32F12C","CollectionError","High","ID-4114DC20EECA","","ID-30DCBF471A3C","","AclReadError","Complete inventory","ID-3F78F460F6F2"
