"Group","DisplayName","ObjectClass","ObsPath","ManagerLevel1","ShareAssignments","NtfsAssignments","ExpandedMembers","MaxDepth","HasCycle","IsTruncated","Rights","ShareId","ShareIds","Sources","FullPath","ExamplePath"
"ID-B993DD0235C2","ID-5AAE006380D6","group","ID-49FA779BCDE2","","0","6","4","2","False","False","Modify, Synchronize","ID-427FE57F8BEB","ID-427FE57F8BEB","NTFS","ID-DBA6DDA39007","ID-DBA6DDA39007"
"ID-217D54F2A1BE","ID-78C883C4E84F","group","","","250","9201","3","2","False","False","268435456; Full; FullControl","ID-427FE57F8BEB","ID-FC30D91B38D1","NTFS; Share","ID-DB8009CE5AB5","ID-DB8009CE5AB5"
"ID-C7A4F5FF3726","ID-4FA90B089D2C","group","","","0","9201","3","1","False","False","-1610612736; ReadAndExecute, Synchronize","ID-427FE57F8BEB","ID-FC30D91B38D1","NTFS","ID-DB8009CE5AB5","ID-DB8009CE5AB5"
"ID-071254B265A6","ID-660EE4173835","group","ID-7C5F17E06811","","0","19","3","2","False","False","Modify, Synchronize","ID-4114DC20EECA","ID-4114DC20EECA","NTFS","ID-90549756A4BB","ID-90549756A4BB"
"ID-3E5BC6DBC488","ID-C9EB30904F78","group","ID-03FE44FE32E3","","0","18","3","2","False","False","Modify, Synchronize","ID-5387D3CA2368","ID-5387D3CA2368","NTFS","ID-760FE10C66E1","ID-760FE10C66E1"
"ID-C3C95A8B1195","ID-0433CFD53D62","group","ID-AA41DEF27908","","0","18","3","2","False","False","Modify, Synchronize","ID-8EBFF12BE1CA","ID-8EBFF12BE1CA","NTFS","ID-BD566742EAC4","ID-BD566742EAC4"
"ID-6F33800A081B","ID-731895FFF31F","group","ID-67C0039C5DBA","","0","18","3","2","False","False","Modify, Synchronize","ID-EFA86385524E","ID-EFA86385524E","NTFS","ID-EEE088E32416","ID-EEE088E32416"
"ID-6FC87EF349C8","ID-FFFD8C5D0152","group","ID-55D8158466AE","","0","18","3","2","False","False","Modify, Synchronize","ID-7E438A6220E4","ID-7E438A6220E4","NTFS","ID-7ACCD9DAF1DB","ID-7ACCD9DAF1DB"
"ID-12CD8F557184","ID-81C10BC815CD","group","ID-361E1224A133","","0","18","3","2","False","False","Modify, Synchronize","ID-54D047C0C10E","ID-54D047C0C10E","NTFS","ID-DD83696ED3FC","ID-DD83696ED3FC"
"ID-5326914CBD64","ID-DFEE5941C5A1","group","ID-C6B56E5FABB4","","0","18","3","2","False","False","Modify, Synchronize","ID-6146270638B1","ID-6146270638B1","NTFS","ID-99F5BB647B05","ID-99F5BB647B05"
"ID-B896FB60C33F","ID-108113411EF6","group","ID-5A5D6DB129AF","","0","18","3","2","False","False","Modify, Synchronize","ID-F0925E579A09","ID-F0925E579A09","NTFS","ID-A92703047A4D","ID-A92703047A4D"
"ID-544DC59D1714","ID-9F9E867B46D5","group","ID-AD90C0A37007","","0","18","3","2","False","False","Modify, Synchronize","ID-6C994D206912","ID-6C994D206912","NTFS","ID-9730634D8D04","ID-9730634D8D04"
"ID-4066CC550CB9","ID-24CC501C8B8F","group","ID-A9640C9BE2FC","","0","18","3","2","False","False","Modify, Synchronize","ID-F5F86F20FCD1","ID-F5F86F20FCD1","NTFS","ID-FD02E2A03A3E","ID-FD02E2A03A3E"
"ID-2C622A05AE2C","ID-82175625A055","group","ID-0E7A0CE5A93C","","0","18","3","2","False","False","Modify, Synchronize","ID-7D766E983EBD","ID-7D766E983EBD","NTFS","ID-FF6B2B9C50A4","ID-FF6B2B9C50A4"
"ID-CBB2F58F9B6F","ID-36462232A6F6","group","ID-4605788B6E12","","0","18","3","2","False","False","Modify, Synchronize","ID-24ADD11EC9B3","ID-24ADD11EC9B3","NTFS","ID-56A25ACB4F68","ID-56A25ACB4F68"
"ID-15BECA8E12E5","ID-A42910A7256F","group","ID-1B71C07CDF0F","","0","18","3","2","False","False","Modify, Synchronize","ID-685A3058033C","ID-685A3058033C","NTFS","ID-2AEEA8FA107F","ID-2AEEA8FA107F"
"ID-27B3F98AF838","ID-57A71EE49C97","group","ID-98D51A173469","","0","18","3","2","False","False","Modify, Synchronize","ID-7CBF69AC376A","ID-7CBF69AC376A","NTFS","ID-194BD1497B84","ID-194BD1497B84"
"ID-D7F63B54A3DE","ID-EE206B0A41A9","group","ID-644972589AF1","","0","18","3","2","False","False","Modify, Synchronize","ID-A87251964273","ID-A87251964273","NTFS","ID-C28C67AF2CF2","ID-C28C67AF2CF2"
"ID-FCFFB29F8011","ID-B2DAED07077B","group","ID-1453BB5F179C","","0","18","3","2","False","False","Modify, Synchronize","ID-831F51DD3CC8","ID-831F51DD3CC8","NTFS","ID-9EAD3F67E7A1","ID-9EAD3F67E7A1"
"ID-5EB5FCAC9576","ID-C65E35F3B14A","group","ID-81077DCFAE6F","","0","18","3","2","False","False","Modify, Synchronize","ID-3E737AE31037","ID-3E737AE31037","NTFS","ID-D4A9D575D341","ID-D4A9D575D341"
"ID-6B27A47D419D","ID-8EB1F7C8D8D5","group","ID-8714601A0A0E","","0","18","3","2","False","False","Modify, Synchronize","ID-14C8A54E7E2F","ID-14C8A54E7E2F","NTFS","ID-4E23422785B1","ID-4E23422785B1"
"ID-9826A8114B0B","ID-170C3401ABE9","group","ID-9811F999E4B1","","0","18","3","2","False","False","Modify, Synchronize","ID-5FD55FA7C962","ID-5FD55FA7C962","NTFS","ID-DAA45453F9B0","ID-DAA45453F9B0"
"ID-474E7896F796","ID-3ECFDE1615DC","group","ID-A1699DA15ACD","","0","18","3","2","False","False","Modify, Synchronize","ID-7112513D9FC4","ID-7112513D9FC4","NTFS","ID-D83F15928F89","ID-D83F15928F89"
"ID-0A1FF7F0AB04","ID-6210F728E553","group","ID-E594F0BE92CA","","0","18","3","2","False","False","Modify, Synchronize","ID-2788FFE1310D","ID-2788FFE1310D","NTFS","ID-38D4994F84C4","ID-38D4994F84C4"
"ID-C56EBB236DD4","ID-1CB011F702D8","group","ID-220078FFCD9E","","0","18","3","2","False","False","Modify, Synchronize","ID-494D91E2F01C","ID-494D91E2F01C","NTFS","ID-22DA6939BEB8","ID-22DA6939BEB8"
"ID-5BF8CB2DAD64","ID-A733932F05FF","group","ID-2CF2686FD739","","0","18","3","2","False","False","Modify, Synchronize","ID-1A5FF23A240B","ID-1A5FF23A240B","NTFS","ID-91BDE01C06C1","ID-91BDE01C06C1"
"ID-EE726B2ADD9F","ID-4219C80B3D85","group","ID-D30D00CD9961","","0","18","3","2","False","False","Modify, Synchronize","ID-E29B62928EAC","ID-E29B62928EAC","NTFS","ID-B025904B1DBF","ID-B025904B1DBF"
"ID-6E17DCEEF1B6","ID-1A8EAE7E31E2","group","ID-1A9F1CAE7627","","0","18","3","2","False","False","Modify, Synchronize","ID-705132FBB983","ID-705132FBB983","NTFS","ID-2FAABAC311F0","ID-2FAABAC311F0"
"ID-0B0EA87C7CFF","ID-C17A7745168C","group","ID-877702318F89","","0","18","3","2","False","False","Modify, Synchronize","ID-A666111AFFA0","ID-A666111AFFA0","NTFS","ID-6A3E409F6269","ID-6A3E409F6269"
"ID-12B58491CFC2","ID-C847A8C81B87","group","ID-E06696D26339","","0","18","3","2","False","False","Modify, Synchronize","ID-C8EF6513690C","ID-C8EF6513690C","NTFS","ID-1275F60DBB33","ID-1275F60DBB33"
"ID-20583D795EE9","ID-C5F56A5D55B5","group","ID-FFD197989910","","0","18","3","2","False","False","Modify, Synchronize","ID-9E17DCD4E36F","ID-9E17DCD4E36F","NTFS","ID-3C634080D845","ID-3C634080D845"
"ID-77C549901FD2","ID-AC7806E216D9","group","ID-F295BAC7C52E","","0","18","3","2","False","False","Modify, Synchronize","ID-308E49FCD84D","ID-308E49FCD84D","NTFS","ID-EBE03E226F45","ID-EBE03E226F45"
"ID-433F2FDCD55A","ID-170B20C23F9E","group","ID-2DD7267FB45E","","0","18","3","2","False","False","Modify, Synchronize","ID-F3A6F3B8F654","ID-F3A6F3B8F654","NTFS","ID-5CF6276A6642","ID-5CF6276A6642"
"ID-F00DB75A3279","ID-99C4519F7453","group","ID-96DEAE9DFE4E","","0","18","3","2","False","False","Modify, Synchronize","ID-776229634114","ID-776229634114","NTFS","ID-FF85CC125600","ID-FF85CC125600"
"ID-7FE97CC93116","ID-F215427FABEB","group","ID-D92BB5F02529","","0","18","3","2","False","False","Modify, Synchronize","ID-8390A3B043AA","ID-8390A3B043AA","NTFS","ID-3477C77F65EF","ID-3477C77F65EF"
"ID-DB62FE9CE176","ID-B5EFF8F565ED","group","ID-A9AA880A8B76","","0","18","3","2","False","False","Modify, Synchronize","ID-E87EF3CC3122","ID-E87EF3CC3122","NTFS","ID-0B8746ED35C7","ID-0B8746ED35C7"
"ID-B2A706181196","ID-95143E7DEF53","group","ID-E835A3192318","","0","18","3","2","False","False","Modify, Synchronize","ID-0CE178E955F6","ID-0CE178E955F6","NTFS","ID-5983A9A8CA73","ID-5983A9A8CA73"
"ID-1547406B0AD5","ID-DEE01309A79D","group","ID-149AE2D302B3","","0","18","3","2","False","False","Modify, Synchronize","ID-C134A27B34F9","ID-C134A27B34F9","NTFS","ID-36E24E8565C6","ID-36E24E8565C6"
"ID-4AD7FC82325F","ID-04DA362E4737","group","ID-A1B6D5F67157","","0","18","3","2","False","False","Modify, Synchronize","ID-467AC3C59612","ID-467AC3C59612","NTFS","ID-5F2AFBD13B93","ID-5F2AFBD13B93"
"ID-C0FEB9E2C527","ID-08EAB44CBFB0","group","ID-7EF4E7898279","","0","18","3","2","False","False","Modify, Synchronize","ID-B8C54BECF801","ID-B8C54BECF801","NTFS","ID-A8FD759F8D7F","ID-A8FD759F8D7F"
"ID-E9394EA755EA","ID-5E6B11E48200","group","ID-6820D24C7FC7","","0","18","3","2","False","False","Modify, Synchronize","ID-14F183ABA571","ID-14F183ABA571","NTFS","ID-330D18BDCC67","ID-330D18BDCC67"
"ID-5A3F49EAEEB3","ID-C4CFD96C5874","group","ID-DCDD3878FC8E","","0","18","3","2","False","False","Modify, Synchronize","ID-0947C5370084","ID-0947C5370084","NTFS","ID-23B5DDD3912B","ID-23B5DDD3912B"
"ID-15C4A57F1C2A","ID-8CB148D5C338","group","ID-F1321ED95930","","0","18","3","2","False","False","Modify, Synchronize","ID-2DEEF7075A0E","ID-2DEEF7075A0E","NTFS","ID-362B851F2DFE","ID-362B851F2DFE"
"ID-5794E2AEFEE6","ID-FF49D5DC584A","group","ID-0BB4EE772675","","0","18","3","2","False","False","Modify, Synchronize","ID-45DF41C82285","ID-45DF41C82285","NTFS","ID-FF085ACB36C9","ID-FF085ACB36C9"
"ID-10F55823E1B9","ID-A226AD4990A8","group","ID-1418F7D15BDF","","0","18","3","2","False","False","Modify, Synchronize","ID-617F2AEC3D19","ID-617F2AEC3D19","NTFS","ID-072E327E804C","ID-072E327E804C"
"ID-F531E96BCCE6","ID-8BFA3109B7E3","group","ID-EE09B7FBD9F8","","0","18","3","2","False","False","Modify, Synchronize","ID-3D72E259E408","ID-3D72E259E408","NTFS","ID-0FF9524DF8F3","ID-0FF9524DF8F3"
"ID-7AE9AF9D3649","ID-A562DD9B85C0","group","ID-AA48381B6B17","","0","18","3","2","False","False","Modify, Synchronize","ID-B3161AFA39C7","ID-B3161AFA39C7","NTFS","ID-326D946F9567","ID-326D946F9567"
"ID-40DF9A10CD12","ID-EC42CA2B129D","group","ID-161A919D82CB","","0","18","3","2","False","False","Modify, Synchronize","ID-9AB3A1D41F6F","ID-9AB3A1D41F6F","NTFS","ID-69AF91F963F4","ID-69AF91F963F4"
"ID-09E9B2753965","ID-E379DF596F00","group","ID-0F9DAD042E8C","","0","18","3","2","False","False","Modify, Synchronize","ID-E151038A58F1","ID-E151038A58F1","NTFS","ID-F4F38F197116","ID-F4F38F197116"
"ID-66C0EFA7A30C","ID-0EA8210507C7","group","ID-6FD2BA10DBDA","","0","18","3","2","False","False","Modify, Synchronize","ID-E687DEF6E207","ID-E687DEF6E207","NTFS","ID-7061BEC6BFB6","ID-7061BEC6BFB6"
"ID-884FBFF69554","ID-852E379D6D8D","group","ID-36CC72FBCD63","","0","18","3","2","False","False","Modify, Synchronize","ID-1EE836D214D5","ID-1EE836D214D5","NTFS","ID-792DD4C1EBC9","ID-792DD4C1EBC9"
"ID-A65993338D6E","ID-64943D7C78A5","group","ID-371614C3A11B","","0","18","3","2","False","False","Modify, Synchronize","ID-16B17ECEA9A8","ID-16B17ECEA9A8","NTFS","ID-EFB11C155B55","ID-EFB11C155B55"
"ID-B7F119016F29","ID-FFC440B04CC1","group","ID-308C8B0333F4","","0","18","3","2","False","False","Modify, Synchronize","ID-90F90BE522E7","ID-90F90BE522E7","NTFS","ID-816CBB33278C","ID-816CBB33278C"
"ID-5BCAB9ADA472","ID-6385CEB8D9B6","group","ID-3691247129B8","","0","18","3","2","False","False","Modify, Synchronize","ID-7ED99E3DF14D","ID-7ED99E3DF14D","NTFS","ID-C69F8D0C66E5","ID-C69F8D0C66E5"
"ID-8CF5E6DB8B1C","ID-588E2B191D52","group","ID-6F6E8AEF9865","","0","18","3","2","False","False","Modify, Synchronize","ID-8E0553952B64","ID-8E0553952B64","NTFS","ID-778F512BDC03","ID-778F512BDC03"
"ID-243992DEBDE2","ID-99ED7436E275","group","ID-635125C84574","","0","18","3","2","False","False","Modify, Synchronize","ID-F9CC6633F61F","ID-F9CC6633F61F","NTFS","ID-204B3919A111","ID-204B3919A111"
"ID-4CDD954A2A22","ID-DF6135CCF342","group","ID-17B4BDF8B409","","0","18","3","2","False","False","Modify, Synchronize","ID-DBB1C39A0B00","ID-DBB1C39A0B00","NTFS","ID-DE466F6EB364","ID-DE466F6EB364"
"ID-825984BBE923","ID-F481C0ED4D03","group","ID-F634C66C77AE","","0","18","3","2","False","False","Modify, Synchronize","ID-083441950D2E","ID-083441950D2E","NTFS","ID-21572CAE5B77","ID-21572CAE5B77"
"ID-504AE785A577","ID-DBA67EEDDEBF","group","ID-98C7574A6C22","","0","18","3","2","False","False","Modify, Synchronize","ID-C4B36BC6B4AF","ID-C4B36BC6B4AF","NTFS","ID-05DE5C316263","ID-05DE5C316263"
"ID-AF8FFCC4B53C","ID-AD22CFCC2A9F","group","ID-0E1793C37BDB","","0","18","3","2","False","False","Modify, Synchronize","ID-C9E8ED6EE942","ID-C9E8ED6EE942","NTFS","ID-24AFCEDC5F08","ID-24AFCEDC5F08"
"ID-4A11983B660A","ID-314C666152F9","group","ID-C2103929D54D","","0","18","3","2","False","False","Modify, Synchronize","ID-2289EAD8D82D","ID-2289EAD8D82D","NTFS","ID-70395F8E5434","ID-70395F8E5434"
"ID-4504D15ADD70","ID-88F830841584","group","ID-EEE9A439AE7F","","0","18","3","2","False","False","Modify, Synchronize","ID-05EDA4B1CD86","ID-05EDA4B1CD86","NTFS","ID-EA0780C1F284","ID-EA0780C1F284"
"ID-1EAC8AB9AD47","ID-FC9D8B2254B8","group","ID-D96D4F4556F7","","0","18","3","2","False","False","Modify, Synchronize","ID-14FCC0FDFB22","ID-14FCC0FDFB22","NTFS","ID-ED87B22A5052","ID-ED87B22A5052"
"ID-17484255095F","ID-44744ACAEDBA","group","ID-F49A81A124A6","","0","18","3","2","False","False","Modify, Synchronize","ID-3ADDA7F5E394","ID-3ADDA7F5E394","NTFS","ID-672D72EDFE18","ID-672D72EDFE18"
"ID-7FE0474A4098","ID-CEE1A02C9A93","group","ID-58FBEBB64430","","0","18","3","2","False","False","Modify, Synchronize","ID-57BD8CDA7077","ID-57BD8CDA7077","NTFS","ID-D449FBBB2920","ID-D449FBBB2920"
"ID-67DE42A0BE64","ID-6D5764606E3B","group","ID-634AFE322ACD","","0","18","3","2","False","False","Modify, Synchronize","ID-E9C60FF561F0","ID-E9C60FF561F0","NTFS","ID-BC98A66D294B","ID-BC98A66D294B"
"ID-2B42153A6686","ID-11FD414B0CB0","group","ID-324234138B96","","0","18","3","2","False","False","Modify, Synchronize","ID-8199F4D1D424","ID-8199F4D1D424","NTFS","ID-D6E808975875","ID-D6E808975875"
"ID-372D7561BB82","ID-A0FBB1E2E41B","group","ID-7D6411DD2308","","0","18","3","2","False","False","Modify, Synchronize","ID-70BDF6B0B975","ID-70BDF6B0B975","NTFS","ID-9EA3E51309F9","ID-9EA3E51309F9"
"ID-52B00588015B","ID-E3230C791CEE","group","ID-93ECDA96E492","","0","18","3","2","False","False","Modify, Synchronize","ID-D8CD7F796E22","ID-D8CD7F796E22","NTFS","ID-E45BA5A82B4F","ID-E45BA5A82B4F"
"ID-A2A391FA1E76","ID-27DB6EE440AE","group","ID-33B53E0D0CF1","","0","18","3","2","False","False","Modify, Synchronize","ID-C33FA51EC066","ID-C33FA51EC066","NTFS","ID-624A491C780E","ID-624A491C780E"
"ID-BD9170822E42","ID-9388BE3CD9A7","group","ID-3915DD9E1658","","0","18","3","2","False","False","Modify, Synchronize","ID-2D18C633D625","ID-2D18C633D625","NTFS","ID-0E0817576464","ID-0E0817576464"
"ID-F5E0E012C866","ID-20CA3E330694","group","ID-E2DABD5BBBCD","","0","18","3","2","False","False","Modify, Synchronize","ID-B5C59F3D2E5D","ID-B5C59F3D2E5D","NTFS","ID-67DB65DE850D","ID-67DB65DE850D"
"ID-56073A987936","ID-144710BCBF17","group","ID-794251EBF839","","0","18","3","2","False","False","Modify, Synchronize","ID-34E2B885354B","ID-34E2B885354B","NTFS","ID-3228B4E77F5B","ID-3228B4E77F5B"
"ID-CCFDDCC91A27","ID-11392665D539","group","ID-B84739A5E04A","","0","18","3","2","False","False","Modify, Synchronize","ID-86618F9EAF19","ID-86618F9EAF19","NTFS","ID-1FE65C188052","ID-1FE65C188052"
"ID-C359951A9B4F","ID-1A4959F3A5AC","group","ID-05F4CC86F67C","","0","18","3","2","False","False","Modify, Synchronize","ID-875AA644BF64","ID-875AA644BF64","NTFS","ID-7D9FECA72383","ID-7D9FECA72383"
"ID-9B60A3E1ECB8","ID-A619A8CB4904","group","ID-6DDF50ECB544","","0","18","3","2","False","False","Modify, Synchronize","ID-008890E394CB","ID-008890E394CB","NTFS","ID-7CFEEECCD73F","ID-7CFEEECCD73F"
"ID-92171168997F","ID-BA6DF708382B","group","ID-E265062E6CF3","","0","18","3","2","False","False","Modify, Synchronize","ID-3CA7D0E535EC","ID-3CA7D0E535EC","NTFS","ID-6BD54B4333DE","ID-6BD54B4333DE"
"ID-1B1B041840A7","ID-AD6FEA86512E","group","ID-AC966D6116F9","","0","18","3","2","False","False","Modify, Synchronize","ID-4F172941788F","ID-4F172941788F","NTFS","ID-2BB0A63DBE3D","ID-2BB0A63DBE3D"
"ID-301F73089099","ID-AFF68CF496D7","group","ID-CEFD7FE14C9C","","0","18","3","2","False","False","Modify, Synchronize","ID-74D54D731E35","ID-74D54D731E35","NTFS","ID-A77FDE77327F","ID-A77FDE77327F"
"ID-01503D5719C5","ID-6FFBD9931263","group","ID-A9EC5001C43D","","0","18","3","2","False","False","Modify, Synchronize","ID-1D408B14F488","ID-1D408B14F488","NTFS","ID-5DD39B3B5F4F","ID-5DD39B3B5F4F"
"ID-EF763AF24CD6","ID-19D1B8F8ABA9","group","ID-81A1845455EB","","0","18","3","2","False","False","Modify, Synchronize","ID-83C596438B47","ID-83C596438B47","NTFS","ID-12DDB04EBFCF","ID-12DDB04EBFCF"
"ID-9ECB89D216D9","ID-8ECDC8A2CE60","group","ID-B545EAFB86CD","","0","18","3","2","False","False","Modify, Synchronize","ID-1371A33DF7F4","ID-1371A33DF7F4","NTFS","ID-DC04F947C057","ID-DC04F947C057"
"ID-ED2A34CB3BCA","ID-4EF8B49A3A60","group","ID-F01A219F51BB","","0","18","3","2","False","False","Modify, Synchronize","ID-6AF0D280D0CF","ID-6AF0D280D0CF","NTFS","ID-F449008251A7","ID-F449008251A7"
"ID-2FD91817C5BE","ID-AEE156667F6A","group","ID-A4167A20E089","","0","18","3","2","False","False","Modify, Synchronize","ID-066ECF24BDD6","ID-066ECF24BDD6","NTFS","ID-ADB2E29D2953","ID-ADB2E29D2953"
"ID-5CA312EA685C","ID-BAFCA317E660","group","ID-B9392948903F","","0","18","3","2","False","False","Modify, Synchronize","ID-4EB960C1B058","ID-4EB960C1B058","NTFS","ID-00685AAA60D4","ID-00685AAA60D4"
"ID-8375FB9E65B9","ID-710AC1CCB978","group","ID-A72701BA3BE1","","0","18","3","2","False","False","Modify, Synchronize","ID-C6A43A7B7FFA","ID-C6A43A7B7FFA","NTFS","ID-503B4FDA3974","ID-503B4FDA3974"
"ID-00A602979DAF","ID-A4258C4C0B6E","group","ID-D7C0F9DB8D9D","","0","18","3","2","False","False","Modify, Synchronize","ID-67532121DE71","ID-67532121DE71","NTFS","ID-0BD5E0F161C8","ID-0BD5E0F161C8"
"ID-C8B42F3D8291","ID-4545149A90A6","group","ID-9544331CB0F4","","0","18","3","2","False","False","Modify, Synchronize","ID-385FAC60F25E","ID-385FAC60F25E","NTFS","ID-5444BA2120EC","ID-5444BA2120EC"
"ID-F2401C79F70C","ID-6044CC2D927D","group","ID-6AFF561F6CAA","","0","18","3","2","False","False","Modify, Synchronize","ID-8FB08A87821A","ID-8FB08A87821A","NTFS","ID-1CDFD3400818","ID-1CDFD3400818"
"ID-F3EEC7744662","ID-3148DD13BA83","group","ID-920DE612DAD5","","0","18","3","2","False","False","Modify, Synchronize","ID-1B0D2BC7B4E5","ID-1B0D2BC7B4E5","NTFS","ID-D4F0E0DD69A1","ID-D4F0E0DD69A1"
"ID-546F6A8861DB","ID-265CB5D273BF","group","ID-85F6F6F8F99C","","0","18","3","2","False","False","Modify, Synchronize","ID-F169EE19CC18","ID-F169EE19CC18","NTFS","ID-4455B06B96F7","ID-4455B06B96F7"
"ID-65BD2DBE87F6","ID-932EF03F7EE5","group","ID-95917DA41C76","","0","18","3","2","False","False","Modify, Synchronize","ID-7A0DEC188383","ID-7A0DEC188383","NTFS","ID-82816B89B139","ID-82816B89B139"
"ID-F05983059EA0","ID-020F12AC9204","group","ID-BE06D2DCF9C0","","0","18","3","2","False","False","Modify, Synchronize","ID-0C731D98B010","ID-0C731D98B010","NTFS","ID-2A50EF798767","ID-2A50EF798767"
"ID-4D1A2ADD2B76","ID-A273A9CFB30E","group","ID-BE3ADBDB7528","","0","18","3","2","False","False","Modify, Synchronize","ID-676F17E08F06","ID-676F17E08F06","NTFS","ID-642EE2CE7A77","ID-642EE2CE7A77"
"ID-F9634AD889C9","ID-1F95734F1A7F","group","ID-7397149CA0F2","","0","18","3","2","False","False","Modify, Synchronize","ID-5F805B08A0B9","ID-5F805B08A0B9","NTFS","ID-E71BA03D68CA","ID-E71BA03D68CA"
"ID-7F07FE19A120","ID-765D33653CA7","group","ID-2A54D8DD70CE","","0","18","3","2","False","False","Modify, Synchronize","ID-5D806D3A2C71","ID-5D806D3A2C71","NTFS","ID-BF9079DBA8A3","ID-BF9079DBA8A3"
"ID-037688CC3BF3","ID-8A9DD5F71E2C","group","ID-00C548B4F29B","","0","18","3","2","False","False","Modify, Synchronize","ID-86026C31B641","ID-86026C31B641","NTFS","ID-02DF236D1173","ID-02DF236D1173"
"ID-F5831E61E362","ID-4C970ED66093","group","ID-8BA101556968","","0","18","3","2","False","False","Modify, Synchronize","ID-C5FA2EB4A67F","ID-C5FA2EB4A67F","NTFS","ID-5E1C164906D9","ID-5E1C164906D9"
"ID-279EA55E2164","ID-28D5534B0277","group","ID-3E1EC13C4E15","","0","18","3","2","False","False","Modify, Synchronize","ID-3A941C54F16C","ID-3A941C54F16C","NTFS","ID-5D27E6ADD22A","ID-5D27E6ADD22A"
"ID-C6BBD2385284","ID-0FA35D1A5D7D","group","ID-C4C9F8B612B2","","0","18","3","2","False","False","Modify, Synchronize","ID-058A799E2607","ID-058A799E2607","NTFS","ID-597B97CA34AF","ID-597B97CA34AF"
"ID-FD55538699BA","ID-04D59C8F375A","group","ID-1EC70FBA1C58","","0","18","3","2","False","False","Modify, Synchronize","ID-6AC212A8B12F","ID-6AC212A8B12F","NTFS","ID-994A3ED29174","ID-994A3ED29174"
"ID-8D44F98AD439","ID-D7049BE6CA27","group","ID-DAE0FCBC42D8","","0","18","3","2","False","False","Modify, Synchronize","ID-75D1766CF45B","ID-75D1766CF45B","NTFS","ID-847B2B61F963","ID-847B2B61F963"
"ID-DA3916B6E20D","ID-696493D5E2AB","group","ID-3F72EB2278E4","","0","18","3","2","False","False","Modify, Synchronize","ID-A87D455646EB","ID-A87D455646EB","NTFS","ID-680CB7801E4F","ID-680CB7801E4F"
"ID-6EFFA9F0E193","ID-55E042360A6B","group","ID-B2BF429AC767","","0","18","3","2","False","False","Modify, Synchronize","ID-C109193D9695","ID-C109193D9695","NTFS","ID-D870EC515878","ID-D870EC515878"
"ID-E5D553570993","ID-F2F13A2AE7B6","group","ID-1DE843B59D66","","0","18","3","2","False","False","Modify, Synchronize","ID-1869D9D0B5C4","ID-1869D9D0B5C4","NTFS","ID-CD96D98E326B","ID-CD96D98E326B"
"ID-E4508DA053EA","ID-6DB412A265F7","group","ID-4E6F046018BA","","0","18","3","2","False","False","Modify, Synchronize","ID-03B7A9CEC579","ID-03B7A9CEC579","NTFS","ID-C390C9726B47","ID-C390C9726B47"
"ID-EF257EA5683D","ID-2316BAC925B2","group","ID-82BAF316E025","","0","18","3","2","False","False","Modify, Synchronize","ID-564D74068950","ID-564D74068950","NTFS","ID-D259C23C3B7A","ID-D259C23C3B7A"
"ID-137B8DE3F27B","ID-6308B0F0A616","group","ID-40EA1CB851D1","","0","18","3","2","False","False","Modify, Synchronize","ID-28AFAB9E2461","ID-28AFAB9E2461","NTFS","ID-D9CE601C4DB2","ID-D9CE601C4DB2"
"ID-A8B40FFB8ED1","ID-E97E00AD533B","group","ID-EA486AD035EA","","0","18","3","2","False","False","Modify, Synchronize","ID-9866428035C6","ID-9866428035C6","NTFS","ID-D939D8C9597D","ID-D939D8C9597D"
"ID-94F6232C5C94","ID-8B96BD3E9408","group","ID-6A6C97F93202","","0","18","3","2","False","False","Modify, Synchronize","ID-31A3391AC535","ID-31A3391AC535","NTFS","ID-A5768E1A8B4F","ID-A5768E1A8B4F"
"ID-B234523E889C","ID-581111940DF9","group","ID-4D0B96B2AD69","","0","18","3","2","False","False","Modify, Synchronize","ID-670A11217498","ID-670A11217498","NTFS","ID-A44ECF57C7D9","ID-A44ECF57C7D9"
"ID-5B7FC84FC6BF","ID-00BC255275B9","group","ID-E8C4F36128A2","","0","18","3","2","False","False","Modify, Synchronize","ID-176C1CD16B83","ID-176C1CD16B83","NTFS","ID-92179BEBEB73","ID-92179BEBEB73"
"ID-2C63CF1F4676","ID-30834C769707","group","ID-F9DA4353A93D","","0","18","3","2","False","False","Modify, Synchronize","ID-162C37B5820C","ID-162C37B5820C","NTFS","ID-F0726D7BDD9F","ID-F0726D7BDD9F"
"ID-8B308566F688","ID-6C9180B8AA6F","group","ID-49C87AD7619F","","0","18","3","2","False","False","Modify, Synchronize","ID-9ADF3911F35A","ID-9ADF3911F35A","NTFS","ID-3EB8B500B3AE","ID-3EB8B500B3AE"
"ID-6AD40F551169","ID-D7668837FDF3","group","ID-EF01785A126B","","0","18","3","2","False","False","Modify, Synchronize","ID-090599BE211C","ID-090599BE211C","NTFS","ID-071CC4DD8FB3","ID-071CC4DD8FB3"
"ID-5E5BBA74D107","ID-60AF3941D5D6","group","ID-B636DA52B221","","0","18","3","2","False","False","Modify, Synchronize","ID-A6274D36B673","ID-A6274D36B673","NTFS","ID-5F4E4C2C2A1A","ID-5F4E4C2C2A1A"
"ID-DEC609C46EB5","ID-57315725A5CB","group","ID-F5155157CA9A","","0","18","3","2","False","False","Modify, Synchronize","ID-A265E1068D43","ID-A265E1068D43","NTFS","ID-98417A1CDD04","ID-98417A1CDD04"
"ID-E2D209EC7F9D","ID-572DCC6719C8","group","ID-B5867FB877BB","","0","18","3","2","False","False","Modify, Synchronize","ID-74EBF1652C35","ID-74EBF1652C35","NTFS","ID-103FE0ADD77B","ID-103FE0ADD77B"
"ID-215631E80D44","ID-803BF6D66C53","group","ID-1E1571203244","","0","18","3","2","False","False","Modify, Synchronize","ID-82ABF23B3BA0","ID-82ABF23B3BA0","NTFS","ID-58FE6C0EB9E4","ID-58FE6C0EB9E4"
"ID-C14600161D56","ID-E14AF6ED28C7","group","ID-4AD82E623EB1","","0","18","3","2","False","False","Modify, Synchronize","ID-E6A8A8F91EFF","ID-E6A8A8F91EFF","NTFS","ID-8C9EF026FB62","ID-8C9EF026FB62"
"ID-7D2BBFBFF6E9","ID-8F55EADC8485","group","ID-8FEA2215D9F0","","0","18","3","2","False","False","Modify, Synchronize","ID-F37BE760AE41","ID-F37BE760AE41","NTFS","ID-E07EC6C94456","ID-E07EC6C94456"
"ID-73910760FBA9","ID-CA0782437E6F","group","ID-4EF91EC6D568","","0","18","3","2","False","False","Modify, Synchronize","ID-018197248D33","ID-018197248D33","NTFS","ID-1042465EED5B","ID-1042465EED5B"
"ID-B4A0071C5D8C","ID-C2A5D6B88067","group","ID-3722F9BC1267","","0","18","3","2","False","False","Modify, Synchronize","ID-8CFB42968112","ID-8CFB42968112","NTFS","ID-BC55563F667D","ID-BC55563F667D"
"ID-334A6A083FB6","ID-64374BAE799D","group","ID-1286B188164B","","0","18","3","2","False","False","Modify, Synchronize","ID-4C82A36DE504","ID-4C82A36DE504","NTFS","ID-A8A066D6E38A","ID-A8A066D6E38A"
"ID-0E6E8283290C","ID-CD859AB14536","group","ID-54F26A776782","","0","18","3","2","False","False","Modify, Synchronize","ID-D3874DE06757","ID-D3874DE06757","NTFS","ID-6991F904685B","ID-6991F904685B"
"ID-15A22454BCAE","ID-4FDB6D812B80","group","ID-6D36D8B4D3D7","","0","18","3","2","False","False","Modify, Synchronize","ID-CD2064FDBB72","ID-CD2064FDBB72","NTFS","ID-DC224DE5DA1B","ID-DC224DE5DA1B"
"ID-52DD40B1BA76","ID-10DC0E55AF8B","group","ID-7C3735A05C65","","0","18","3","2","False","False","Modify, Synchronize","ID-52E1CE8DC224","ID-52E1CE8DC224","NTFS","ID-C542A672AA21","ID-C542A672AA21"
"ID-FAFE4DE0C0D5","ID-E14611B7924D","group","ID-57C7B5A6B256","","0","18","3","2","False","False","Modify, Synchronize","ID-FC687E3676BA","ID-FC687E3676BA","NTFS","ID-36FE992C955F","ID-36FE992C955F"
"ID-16BD37D771DF","ID-B71F3029B86E","group","ID-6FBD71682E25","","0","18","3","2","False","False","Modify, Synchronize","ID-E1A5B09FCDE0","ID-E1A5B09FCDE0","NTFS","ID-5A7B317F39FB","ID-5A7B317F39FB"
"ID-DC22A0948839","ID-4616508FA6B0","group","ID-C8A464D636F4","","0","18","3","2","False","False","Modify, Synchronize","ID-527906860DD9","ID-527906860DD9","NTFS","ID-4C675EE41822","ID-4C675EE41822"
"ID-5F5338D4D8DB","ID-8C57358CA578","group","ID-0789D6F478FF","","0","18","3","2","False","False","Modify, Synchronize","ID-F9138B2AC339","ID-F9138B2AC339","NTFS","ID-C47AC13521DF","ID-C47AC13521DF"
"ID-24855DE8779F","ID-A623B8EE53EE","group","ID-7E09FCD3DE63","","0","18","3","2","False","False","Modify, Synchronize","ID-DC190EE601DF","ID-DC190EE601DF","NTFS","ID-59A835392C95","ID-59A835392C95"
"ID-4AE93F6E8DA0","ID-BDDF91A7FC53","group","ID-75CD127A7583","","0","18","3","2","False","False","Modify, Synchronize","ID-2D0EE4C04F45","ID-2D0EE4C04F45","NTFS","ID-3A6DDE78D0E6","ID-3A6DDE78D0E6"
"ID-8F22C76E8F08","ID-4475687840C4","group","ID-441EBBC9EA88","","0","18","3","2","False","False","Modify, Synchronize","ID-61F0580FCA8B","ID-61F0580FCA8B","NTFS","ID-68C93F0FC2F9","ID-68C93F0FC2F9"
"ID-37C84B83221A","ID-C81FAD669E45","group","ID-0677CB2EACB7","","0","18","3","2","False","False","Modify, Synchronize","ID-271FC70318C7","ID-271FC70318C7","NTFS","ID-0651FB7EB3F7","ID-0651FB7EB3F7"
"ID-31E41D7EAD56","ID-9B0E25A2B1AB","group","ID-99B2915C89AE","","0","18","3","2","False","False","Modify, Synchronize","ID-A7A7D924EE06","ID-A7A7D924EE06","NTFS","ID-FE69802C1712","ID-FE69802C1712"
"ID-2436FF7DB5EE","ID-2D2C689BC060","group","ID-9B7735F5CC54","","0","18","3","2","False","False","Modify, Synchronize","ID-D235970EA67C","ID-D235970EA67C","NTFS","ID-E7F7A545967C","ID-E7F7A545967C"
"ID-C32E8E40E120","ID-C35A61751236","group","ID-F35BD4018DB6","","0","18","3","2","False","False","Modify, Synchronize","ID-9DBB1F7CD8D1","ID-9DBB1F7CD8D1","NTFS","ID-2D98A5DB3BC6","ID-2D98A5DB3BC6"
"ID-3B073C83D310","ID-597721A9F851","group","ID-9FB7D9DC4906","","0","18","3","2","False","False","Modify, Synchronize","ID-A8BEB5FCC841","ID-A8BEB5FCC841","NTFS","ID-0EA504ADD345","ID-0EA504ADD345"
"ID-98F65CD3C61D","ID-21A7FEC35E65","group","ID-D34DDF33A3A6","","0","18","3","2","False","False","Modify, Synchronize","ID-9A41D4B6DFC3","ID-9A41D4B6DFC3","NTFS","ID-CF7F6806D0FE","ID-CF7F6806D0FE"
"ID-C1A851215E7A","ID-D4F34F601CFC","group","ID-4B1BCE116FCB","","0","18","3","2","False","False","Modify, Synchronize","ID-A0C09D4098DB","ID-A0C09D4098DB","NTFS","ID-19BFD3FC1483","ID-19BFD3FC1483"
"ID-E23E42D403AE","ID-B153D7C08DC6","group","ID-2BA3196071E8","","0","18","3","2","False","False","Modify, Synchronize","ID-F8E6494BE27D","ID-F8E6494BE27D","NTFS","ID-3A9650EDF817","ID-3A9650EDF817"
"ID-2E5D489E9567","ID-19FC8E3C059F","group","ID-D9145FBFD172","","0","18","3","2","False","False","Modify, Synchronize","ID-3D40A309B9EA","ID-3D40A309B9EA","NTFS","ID-5D830A683A5D","ID-5D830A683A5D"
"ID-BCE3EC18D868","ID-3580C50C5391","group","ID-615FFAF02BE1","","0","18","3","2","False","False","Modify, Synchronize","ID-A9AE53A7B1F4","ID-A9AE53A7B1F4","NTFS","ID-DCBDD490B146","ID-DCBDD490B146"
"ID-B22822B2E98E","ID-2B77C151C09C","group","ID-B12061905114","","0","18","3","2","False","False","Modify, Synchronize","ID-659960E88AF8","ID-659960E88AF8","NTFS","ID-3A3F04111328","ID-3A3F04111328"
"ID-0AC9DDE72C86","ID-954B9C3ECE05","group","ID-5A8477630281","","0","18","3","2","False","False","Modify, Synchronize","ID-7477E596CBFD","ID-7477E596CBFD","NTFS","ID-77EBD5EB26F6","ID-77EBD5EB26F6"
"ID-0AF0635E0E09","ID-FE1E6FB879D1","group","ID-CD867125751D","","0","18","3","2","False","False","Modify, Synchronize","ID-DE2290EC2EEE","ID-DE2290EC2EEE","NTFS","ID-40782520C8C2","ID-40782520C8C2"
"ID-B8825DE2BDC5","ID-50A35AA03C57","group","ID-2123032ACF7C","","0","18","3","2","False","False","Modify, Synchronize","ID-60A821374392","ID-60A821374392","NTFS","ID-ACFAF3D7EA17","ID-ACFAF3D7EA17"
"ID-D7008DE172A4","ID-F3757F8DC475","group","ID-4E1DA6D43F74","","0","18","3","2","False","False","Modify, Synchronize","ID-E004B34628FC","ID-E004B34628FC","NTFS","ID-26D735CB5D90","ID-26D735CB5D90"
"ID-9FEB2F364AF2","ID-E9A9E16A0C17","group","ID-53E888B1AACC","","0","18","3","2","False","False","Modify, Synchronize","ID-C264ED80B217","ID-C264ED80B217","NTFS","ID-469395740271","ID-469395740271"
"ID-5823E566CA8E","ID-82F651C8372A","group","ID-B82C469E5314","","0","18","3","2","False","False","Modify, Synchronize","ID-A62AA04BDAB6","ID-A62AA04BDAB6","NTFS","ID-AA5F40929FE3","ID-AA5F40929FE3"
"ID-30664C3DC36D","ID-05B574AC0A57","group","ID-7B2B671BBE17","","0","18","3","2","False","False","Modify, Synchronize","ID-FBD0B8F6649C","ID-FBD0B8F6649C","NTFS","ID-5AE0A50BACB7","ID-5AE0A50BACB7"
"ID-00C9853E9537","ID-698C1454284D","group","ID-039BE5C7EA0B","","0","18","3","2","False","False","Modify, Synchronize","ID-F566358DDF6E","ID-F566358DDF6E","NTFS","ID-2B99007ED05B","ID-2B99007ED05B"
"ID-B017F5FD6CD3","ID-6F0D28A92383","group","ID-72A7DFD77750","","0","18","3","2","False","False","Modify, Synchronize","ID-8DB73BDC737D","ID-8DB73BDC737D","NTFS","ID-C388D2B7056A","ID-C388D2B7056A"
"ID-EEAE0B792E18","ID-703706F97D7D","group","ID-4AFF87A3F64D","","0","18","3","2","False","False","Modify, Synchronize","ID-693E06240AF8","ID-693E06240AF8","NTFS","ID-FD879153E87C","ID-FD879153E87C"
"ID-1010B6973C8D","ID-8C31C68736BE","group","ID-1AB855D461D9","","0","18","3","2","False","False","Modify, Synchronize","ID-5CD6ECAD06C6","ID-5CD6ECAD06C6","NTFS","ID-C278C9E0F00B","ID-C278C9E0F00B"
"ID-57D169454BF8","ID-9EB7B3AD44B0","group","ID-8252BF0DBB94","","0","18","3","2","False","False","Modify, Synchronize","ID-FF124570C335","ID-FF124570C335","NTFS","ID-098C109EDDCB","ID-098C109EDDCB"
"ID-3AE9ACB0BD4C","ID-16EA21D6D22E","group","ID-9264A4E36DF6","","0","18","3","2","False","False","Modify, Synchronize","ID-6FD723CB2D9C","ID-6FD723CB2D9C","NTFS","ID-339A242EA63B","ID-339A242EA63B"
"ID-2C7E0699A548","ID-6FDBC7A25C3D","group","ID-8B22D6C1EA5A","","0","18","3","2","False","False","Modify, Synchronize","ID-38513BEC2132","ID-38513BEC2132","NTFS","ID-46646C5D7A4B","ID-46646C5D7A4B"
"ID-A664A4EA4448","ID-7A07E30E82CB","group","ID-6007D4D29117","","0","18","3","2","False","False","Modify, Synchronize","ID-C1406E3F26E1","ID-C1406E3F26E1","NTFS","ID-A29053095549","ID-A29053095549"
"ID-2859DD4FCA80","ID-F24289C4ACFD","group","ID-BA28FEE2028A","","0","18","3","2","False","False","Modify, Synchronize","ID-421097DB8781","ID-421097DB8781","NTFS","ID-B9577CB3360E","ID-B9577CB3360E"
"ID-11C93AC6A16C","ID-F83FD780BCB3","group","ID-6850F20E0F8F","","0","18","3","2","False","False","Modify, Synchronize","ID-80FD41030D28","ID-80FD41030D28","NTFS","ID-D3C643E02518","ID-D3C643E02518"
"ID-C620801767C8","ID-A03326C741DB","group","ID-ED865C13504F","","0","18","3","2","False","False","Modify, Synchronize","ID-808E3F07CECF","ID-808E3F07CECF","NTFS","ID-D732BEBAEE5C","ID-D732BEBAEE5C"
"ID-94C984934FD9","ID-E3D0B0878193","group","ID-898B3CF96FBD","","0","18","3","2","False","False","Modify, Synchronize","ID-F85AF365E7BA","ID-F85AF365E7BA","NTFS","ID-0AAD5EDC69E8","ID-0AAD5EDC69E8"
"ID-44FE456A29BF","ID-C1B8CE35E6EA","group","ID-02499DF685C9","","0","18","3","2","False","False","Modify, Synchronize","ID-7D500D72EB3C","ID-7D500D72EB3C","NTFS","ID-79CB725F78F2","ID-79CB725F78F2"
"ID-164ADEFA4FD6","ID-76FD00449203","group","ID-380F7F3C3F81","","0","18","3","2","False","False","Modify, Synchronize","ID-5023A2B6D80F","ID-5023A2B6D80F","NTFS","ID-DDEAFD808960","ID-DDEAFD808960"
"ID-0C4B6D5EF090","ID-1C98D69CAD36","group","ID-A9AFFCDABF9A","","0","18","3","2","False","False","Modify, Synchronize","ID-6E3D6B8288F3","ID-6E3D6B8288F3","NTFS","ID-39360B2EE971","ID-39360B2EE971"
"ID-6C677E2C6A47","ID-431854FAA6FD","group","ID-FFF352520B73","","0","18","3","2","False","False","Modify, Synchronize","ID-09E4D6941BF4","ID-09E4D6941BF4","NTFS","ID-5C968DEA1F99","ID-5C968DEA1F99"
"ID-678538DB29AC","ID-6C9D4163EEB9","group","ID-B2D399EFE1B7","","0","18","3","2","False","False","Modify, Synchronize","ID-CC31BBF06DC0","ID-CC31BBF06DC0","NTFS","ID-1D3D0C218B3B","ID-1D3D0C218B3B"
"ID-B6C8D8E50EFC","ID-6C11D040CBFE","group","ID-C3BFA1093142","","0","18","3","2","False","False","Modify, Synchronize","ID-F252A7B87037","ID-F252A7B87037","NTFS","ID-1340B96FA388","ID-1340B96FA388"
"ID-8F6679FD7F9A","ID-98D6869336BA","group","ID-B75DF8465EE1","","0","18","3","2","False","False","Modify, Synchronize","ID-588DDDA3D84D","ID-588DDDA3D84D","NTFS","ID-C69B492F5379","ID-C69B492F5379"
"ID-2A15258783E1","ID-7240D73AE774","group","ID-BC44BE490280","","0","18","3","2","False","False","Modify, Synchronize","ID-90E5136EB087","ID-90E5136EB087","NTFS","ID-0BF69FAC327C","ID-0BF69FAC327C"
"ID-F73DB9D89950","ID-EF972C55FA8E","group","ID-6C8218CD7EBD","","0","18","3","2","False","False","Modify, Synchronize","ID-358724F9C321","ID-358724F9C321","NTFS","ID-060F8ED5C20E","ID-060F8ED5C20E"
"ID-BCE8170EF610","ID-DF400D2EAC08","group","ID-2C4C2A960EA5","","0","18","3","2","False","False","Modify, Synchronize","ID-57C65BD24302","ID-57C65BD24302","NTFS","ID-3F7016E7B73A","ID-3F7016E7B73A"
"ID-6A98B13C0060","ID-52B1E5453D39","group","ID-C91527B10B4E","","0","18","3","2","False","False","Modify, Synchronize","ID-D0BE4E751E7E","ID-D0BE4E751E7E","NTFS","ID-C8F97A852F58","ID-C8F97A852F58"
"ID-F87EF507999D","ID-9B5C185ECE56","group","ID-3107268B63BD","","0","18","3","2","False","False","Modify, Synchronize","ID-94DA238A7344","ID-94DA238A7344","NTFS","ID-D2BC1A02635F","ID-D2BC1A02635F"
"ID-800765835B15","ID-D84A6DE578AB","group","ID-9CC3E3E10CB9","","0","18","3","2","False","False","Modify, Synchronize","ID-87B8BE2679A2","ID-87B8BE2679A2","NTFS","ID-3E1A5016FAEA","ID-3E1A5016FAEA"
"ID-4234E227983F","ID-89CB047A4762","group","ID-DA4CA2B0696E","","0","18","3","2","False","False","Modify, Synchronize","ID-16B41CEAF42B","ID-16B41CEAF42B","NTFS","ID-443DDF6F7D8F","ID-443DDF6F7D8F"
"ID-5DCB08AEBE60","ID-D6E0F0A3FF0B","group","ID-B18E7E982C50","","0","18","3","2","False","False","Modify, Synchronize","ID-C05E6BB9D24B","ID-C05E6BB9D24B","NTFS","ID-3B204E30F192","ID-3B204E30F192"
"ID-5EDDB2FD5CBD","ID-CA7FC7517F45","group","ID-725B1D8630DF","","0","18","3","2","False","False","Modify, Synchronize","ID-BD2664F4BB01","ID-BD2664F4BB01","NTFS","ID-B8610A4E3E4F","ID-B8610A4E3E4F"
"ID-A70EADE6391A","ID-8C7385DF3C1C","group","ID-97410FBE752F","","0","18","3","2","False","False","Modify, Synchronize","ID-A040368B1BF4","ID-A040368B1BF4","NTFS","ID-7F77F57C9402","ID-7F77F57C9402"
"ID-E9B6883830B8","ID-D19370D27E0A","group","ID-EA13998E6C5E","","0","18","3","2","False","False","Modify, Synchronize","ID-5A244C4A0262","ID-5A244C4A0262","NTFS","ID-75C28EC29D6A","ID-75C28EC29D6A"
"ID-AD66B1D27EB3","ID-4076DD4E6BA6","group","ID-B3D275DBE4E6","","0","18","3","2","False","False","Modify, Synchronize","ID-4A7AED37E91B","ID-4A7AED37E91B","NTFS","ID-BF23FB3167B0","ID-BF23FB3167B0"
"ID-12E310565CCA","ID-0A83A90EB89C","group","ID-20E606549D3E","","0","18","3","2","False","False","Modify, Synchronize","ID-81A8E3F35DCF","ID-81A8E3F35DCF","NTFS","ID-3F02B964BE03","ID-3F02B964BE03"
"ID-FF328470D14C","ID-FE1B1C6D26C4","group","ID-826DCE076E4E","","0","18","3","2","False","False","Modify, Synchronize","ID-6FCF861C020E","ID-6FCF861C020E","NTFS","ID-7B39CA5A47C8","ID-7B39CA5A47C8"
"ID-7B494468C666","ID-6EB27F98CEBE","group","ID-FF3737EF200A","","0","18","3","2","False","False","Modify, Synchronize","ID-D518C6DAD2FB","ID-D518C6DAD2FB","NTFS","ID-30FF0E573A56","ID-30FF0E573A56"
"ID-829FC552AC87","ID-B402AA022BAE","group","ID-B2481C2D6307","","0","18","3","2","False","False","Modify, Synchronize","ID-85E6C786406A","ID-85E6C786406A","NTFS","ID-DA85FC0F7200","ID-DA85FC0F7200"
"ID-6918885769BE","ID-F58ACD5D53EF","group","ID-1A6396A0A0B5","","0","18","3","2","False","False","Modify, Synchronize","ID-646851050243","ID-646851050243","NTFS","ID-E5F447D4DF6C","ID-E5F447D4DF6C"
"ID-595E2E01DA3C","ID-12966B6F7CE9","group","ID-EF3FB5241647","","0","18","3","2","False","False","Modify, Synchronize","ID-D4017D73349E","ID-D4017D73349E","NTFS","ID-F5C803BD056C","ID-F5C803BD056C"
"ID-624259EC87C9","ID-FCD0FAE4CE0A","group","ID-0455C3D64F4C","","0","18","3","2","False","False","Modify, Synchronize","ID-008A270D9B49","ID-008A270D9B49","NTFS","ID-37B980A9C3DC","ID-37B980A9C3DC"
"ID-5AC24F718159","ID-5930BD0D27DC","group","ID-C35218F6AE4A","","0","18","3","2","False","False","Modify, Synchronize","ID-304091463464","ID-304091463464","NTFS","ID-6D6622D29B3E","ID-6D6622D29B3E"
"ID-A4D755637A50","ID-A7CCBC0AF068","group","ID-4A7D507FA2DB","","0","18","3","2","False","False","Modify, Synchronize","ID-CD2894ECDF5C","ID-CD2894ECDF5C","NTFS","ID-04C238659DE7","ID-04C238659DE7"
"ID-61DD7A9AD198","ID-4FEAFB63EC8A","group","ID-3D25A2BD5AFA","","0","18","3","2","False","False","Modify, Synchronize","ID-09259615AE2A","ID-09259615AE2A","NTFS","ID-1D761F4D9C28","ID-1D761F4D9C28"
"ID-70383CA8AB90","ID-89629D075DB6","group","ID-8B523484E323","","0","18","3","2","False","False","Modify, Synchronize","ID-556B4AD216AC","ID-556B4AD216AC","NTFS","ID-0C8C231B03A7","ID-0C8C231B03A7"
"ID-E8AD12D5D550","ID-E33C47C93D7E","group","ID-5553FA3BC118","","0","18","3","2","False","False","Modify, Synchronize","ID-AF1E9FCD1E34","ID-AF1E9FCD1E34","NTFS","ID-4CDE8308F675","ID-4CDE8308F675"
"ID-D3D681EC1D4C","ID-AD3EE085101C","group","ID-B680B5A7E46E","","0","18","3","2","False","False","Modify, Synchronize","ID-61CB28842742","ID-61CB28842742","NTFS","ID-8992AE15BA0E","ID-8992AE15BA0E"
"ID-CE798C0B5F93","ID-57AD0DC85DAD","group","ID-FA90B0FC46ED","","0","18","3","2","False","False","Modify, Synchronize","ID-CFBAB562B5AB","ID-CFBAB562B5AB","NTFS","ID-6CAE154B844B","ID-6CAE154B844B"
"ID-B15326B1E655","ID-8AC37135C4E1","group","ID-CABAD8735E7D","","0","18","3","2","False","False","Modify, Synchronize","ID-CC8E5D2332FE","ID-CC8E5D2332FE","NTFS","ID-526F118282C1","ID-526F118282C1"
"ID-19E7797FB479","ID-5249128FFBEA","group","ID-45CE8B02A98A","","0","18","3","2","False","False","Modify, Synchronize","ID-12DEC05ED490","ID-12DEC05ED490","NTFS","ID-313F6D0447BC","ID-313F6D0447BC"
"ID-9F1494E56299","ID-B72645AEA2F8","group","ID-BC3618615D58","","0","18","3","2","False","False","Modify, Synchronize","ID-894FE1FCA83C","ID-894FE1FCA83C","NTFS","ID-1EE3C747C873","ID-1EE3C747C873"
"ID-D6864C25AB04","ID-BD73CBB41681","group","ID-BC727C29412E","","0","18","3","2","False","False","Modify, Synchronize","ID-1F5631C1EF8A","ID-1F5631C1EF8A","NTFS","ID-96DE29026633","ID-96DE29026633"
"ID-0442D30FFADA","ID-76D88F63206B","group","ID-1BC79B3AD51F","","0","18","3","2","False","False","Modify, Synchronize","ID-323BF305BAAB","ID-323BF305BAAB","NTFS","ID-399B689FA44F","ID-399B689FA44F"
"ID-9E873A211778","ID-034F51DF26E9","group","ID-E1490ED1CF82","","0","18","3","2","False","False","Modify, Synchronize","ID-0C3918E0B8AC","ID-0C3918E0B8AC","NTFS","ID-C05D37AA1D20","ID-C05D37AA1D20"
"ID-E2E5E8C1ADBF","ID-D954EC63D066","group","ID-F435548E5E26","","0","18","3","2","False","False","Modify, Synchronize","ID-FE1D0714360D","ID-FE1D0714360D","NTFS","ID-7379B2BC391D","ID-7379B2BC391D"
"ID-A6A9D49E55F4","ID-091B740F4D91","group","ID-A6C0F7040E8D","","0","18","3","2","False","False","Modify, Synchronize","ID-29785CABB643","ID-29785CABB643","NTFS","ID-20623FD59C61","ID-20623FD59C61"
"ID-7BFE8478CC3F","ID-BEA049537E3F","group","ID-E2816B6A5204","","0","18","3","2","False","False","Modify, Synchronize","ID-1243C97FC971","ID-1243C97FC971","NTFS","ID-E15405046810","ID-E15405046810"
"ID-62AAB2360E77","ID-38043AC33FD2","group","ID-AD67FED63CE5","","0","18","3","2","False","False","Modify, Synchronize","ID-AA3FDC18671A","ID-AA3FDC18671A","NTFS","ID-503AA4D6B8AE","ID-503AA4D6B8AE"
"ID-82A783DB652C","ID-0660A5FDBD27","group","ID-3E025BD81F43","","0","18","3","2","False","False","Modify, Synchronize","ID-F6963066D78F","ID-F6963066D78F","NTFS","ID-D2E11C06A821","ID-D2E11C06A821"
"ID-736BD3D352B1","ID-FE075A742ED6","group","ID-B057883ED2B3","","0","18","3","2","False","False","Modify, Synchronize","ID-EAEEF1B278CE","ID-EAEEF1B278CE","NTFS","ID-278A752EACFF","ID-278A752EACFF"
"ID-27926D0E7187","ID-CBDC9BEAC2DE","group","ID-B5FB0DC0BFF3","","0","18","3","2","False","False","Modify, Synchronize","ID-334FC7A767C5","ID-334FC7A767C5","NTFS","ID-42555F49E3E5","ID-42555F49E3E5"
"ID-A6AE7B2264C5","ID-8286F0525055","group","ID-64E47DD14D2E","","0","18","3","2","False","False","Modify, Synchronize","ID-2B6F1B4CFD82","ID-2B6F1B4CFD82","NTFS","ID-7ACD149A6A12","ID-7ACD149A6A12"
"ID-80B491541122","ID-158E6A8A3494","group","ID-AF390F6E2886","","0","18","3","2","False","False","Modify, Synchronize","ID-3F7EDF9B2489","ID-3F7EDF9B2489","NTFS","ID-BF32B63077BD","ID-BF32B63077BD"
"ID-03489375A6C9","ID-72EACAD4B78C","group","ID-95FB9FCA7D17","","0","18","3","2","False","False","Modify, Synchronize","ID-C536903084F0","ID-C536903084F0","NTFS","ID-A2EE990264D3","ID-A2EE990264D3"
"ID-A1C407AA145E","ID-55AD6D3698EA","group","ID-20DD48436651","","0","18","3","2","False","False","Modify, Synchronize","ID-103E50907601","ID-103E50907601","NTFS","ID-1D81084E8662","ID-1D81084E8662"
"ID-FB996A370C98","ID-3F406CB16F16","group","ID-CFAD369BCCCF","","0","18","3","2","False","False","Modify, Synchronize","ID-CAD72EF8281E","ID-CAD72EF8281E","NTFS","ID-FF5544FC5D75","ID-FF5544FC5D75"
"ID-71FDB6A1F409","ID-0E2643EFFCB5","group","ID-C509B43032E3","","0","18","3","2","False","False","Modify, Synchronize","ID-7ED9A059B482","ID-7ED9A059B482","NTFS","ID-3310C283549F","ID-3310C283549F"
"ID-43ABE84E5460","ID-EFFA300B3E2A","group","ID-3B951F7AFBC8","","0","18","3","2","False","False","Modify, Synchronize","ID-3C0E724E4B5E","ID-3C0E724E4B5E","NTFS","ID-A88D5219A1F9","ID-A88D5219A1F9"
"ID-98CD925F59E0","ID-398B214CA46F","group","ID-E11091B28D90","","0","18","3","2","False","False","Modify, Synchronize","ID-1DD38ABAF5AE","ID-1DD38ABAF5AE","NTFS","ID-B8536BC00559","ID-B8536BC00559"
"ID-EDB89320EE68","ID-117B8FD4DB5A","group","ID-90A9ED794BCD","","0","18","3","2","False","False","Modify, Synchronize","ID-DA57678CBF35","ID-DA57678CBF35","NTFS","ID-96ED9F40FE4E","ID-96ED9F40FE4E"
"ID-9901F63B7664","ID-FF36533BADFC","group","ID-0591D5A4EB5F","","0","18","3","2","False","False","Modify, Synchronize","ID-F61832436AFF","ID-F61832436AFF","NTFS","ID-4EE27E1CF12B","ID-4EE27E1CF12B"
"ID-4A256DB11D9E","ID-6A6D4BCF5962","group","ID-8EE2C94D378C","","0","18","3","2","False","False","Modify, Synchronize","ID-00D8762B40E2","ID-00D8762B40E2","NTFS","ID-761DAC134710","ID-761DAC134710"
"ID-D9AA47104B1D","ID-F8250C4F8F0F","group","ID-8BD4650E0A24","","0","18","3","2","False","False","Modify, Synchronize","ID-4EA5619AC866","ID-4EA5619AC866","NTFS","ID-91F61452E73B","ID-91F61452E73B"
"ID-0F1835C77564","ID-16CC9B032459","group","ID-AFDCC33CD112","","0","18","3","2","False","False","Modify, Synchronize","ID-503C0C6E425A","ID-503C0C6E425A","NTFS","ID-38B54818AD1B","ID-38B54818AD1B"
"ID-797C0533A792","ID-197D68AAB268","group","ID-B2884189016C","","0","18","3","2","False","False","Modify, Synchronize","ID-A257110B3D52","ID-A257110B3D52","NTFS","ID-BF3D7C1329A1","ID-BF3D7C1329A1"
"ID-222B1E164987","ID-B1CA6C7A6284","group","ID-D46BF2A7F1AF","","0","18","3","2","False","False","Modify, Synchronize","ID-9B343EC131FC","ID-9B343EC131FC","NTFS","ID-E28DA6E779F3","ID-E28DA6E779F3"
"ID-0BF331C15733","ID-2A1C6EECCF86","group","ID-03DDCFE09585","","0","18","3","2","False","False","Modify, Synchronize","ID-436778ADA85F","ID-436778ADA85F","NTFS","ID-AB031F73CA35","ID-AB031F73CA35"
"ID-70B8C742B8F8","ID-E18628B43E81","group","ID-9357994B4B72","","0","18","3","2","False","False","Modify, Synchronize","ID-BD756E4CFECC","ID-BD756E4CFECC","NTFS","ID-2E85A79A6030","ID-2E85A79A6030"
"ID-0217FBAB3A59","ID-FC5EE2DFC5D9","group","ID-E15C31A1B4A8","","0","18","3","2","False","False","Modify, Synchronize","ID-72B9DDC68E7B","ID-72B9DDC68E7B","NTFS","ID-378A6E860521","ID-378A6E860521"
"ID-272684CE7E43","ID-372DE1AC844F","group","ID-3703D308DA29","","0","18","3","2","False","False","Modify, Synchronize","ID-1737F2AE73FC","ID-1737F2AE73FC","NTFS","ID-CED4D2A9D2FA","ID-CED4D2A9D2FA"
"ID-4DA601EC358E","ID-A28C44FD01CC","group","ID-CC439E24802A","","0","18","3","2","False","False","Modify, Synchronize","ID-E74925A07AB8","ID-E74925A07AB8","NTFS","ID-6C9417DEB9BA","ID-6C9417DEB9BA"
"ID-1BB7B9981FBE","ID-0F8FFB707809","group","ID-84AE75D075A8","","0","18","3","2","False","False","Modify, Synchronize","ID-9B13B53652B1","ID-9B13B53652B1","NTFS","ID-CC0FF06CDCDD","ID-CC0FF06CDCDD"
"ID-374E98FEB55D","ID-8DB660F2D59A","group","ID-395229562A4B","","0","18","3","2","False","False","Modify, Synchronize","ID-451E8C086E55","ID-451E8C086E55","NTFS","ID-68D386A63805","ID-68D386A63805"
"ID-00DF39C12C07","ID-406C85DD57F6","group","ID-07F5EE47C818","","0","18","3","2","False","False","Modify, Synchronize","ID-FD4051FA868A","ID-FD4051FA868A","NTFS","ID-1D862D950040","ID-1D862D950040"
"ID-8446A740736D","ID-B68D60CE3A71","group","ID-419F04BAB6D0","","0","18","3","2","False","False","Modify, Synchronize","ID-0D49B0CC6BBA","ID-0D49B0CC6BBA","NTFS","ID-14D2807E96DC","ID-14D2807E96DC"
"ID-FC22E53A652F","ID-0F2C349BD93B","group","ID-95AC19EA1836","","0","18","3","2","False","False","Modify, Synchronize","ID-050C505D4F00","ID-050C505D4F00","NTFS","ID-42EBA62FE57F","ID-42EBA62FE57F"
"ID-37ECF1DEAC72","ID-9B1BD04E8731","group","ID-975A9B11372C","","0","18","3","2","False","False","Modify, Synchronize","ID-6D409413B809","ID-6D409413B809","NTFS","ID-11633F258E91","ID-11633F258E91"
"ID-5BCE53AD5CB1","ID-F9E5DA0A89E3","group","ID-CFF9C4B2D85D","","0","18","3","2","False","False","Modify, Synchronize","ID-ECDD7A61A56A","ID-ECDD7A61A56A","NTFS","ID-60B266FF36BC","ID-60B266FF36BC"
"ID-8266025D00A6","ID-171D2D0111E0","group","ID-D46299E68D8D","","0","18","3","2","False","False","Modify, Synchronize","ID-FFBBBF4AF26F","ID-FFBBBF4AF26F","NTFS","ID-D81B1F16FA08","ID-D81B1F16FA08"
"ID-85A9DD353675","ID-1926ECD1011E","group","ID-5D16B55721C0","","0","18","3","2","False","False","Modify, Synchronize","ID-DE15F57BBAFB","ID-DE15F57BBAFB","NTFS","ID-812CEE407ABB","ID-812CEE407ABB"
"ID-678C6608ACB8","ID-2CFB325B2D2B","group","ID-BE51854F62BA","","0","18","3","2","False","False","Modify, Synchronize","ID-65D9E22E1A78","ID-65D9E22E1A78","NTFS","ID-C676848DA289","ID-C676848DA289"
"ID-CC360BA25CAB","ID-87886019465B","group","ID-175FF3842237","","0","18","3","2","False","False","Modify, Synchronize","ID-CFCFD7E160B6","ID-CFCFD7E160B6","NTFS","ID-3285528130F9","ID-3285528130F9"
"ID-013A453DF3B5","ID-E7B97C8875BB","group","ID-1C2AAA59CFF6","","0","18","3","2","False","False","Modify, Synchronize","ID-0C6AB53EC604","ID-0C6AB53EC604","NTFS","ID-614BB8E9A23D","ID-614BB8E9A23D"
"ID-1D6363ACDFBE","ID-9792BB139635","group","ID-165D15202BB3","","0","18","3","2","False","False","Modify, Synchronize","ID-4E68E53BE9AF","ID-4E68E53BE9AF","NTFS","ID-D6FD6C405617","ID-D6FD6C405617"
"ID-0779FE666145","ID-75C699D0246F","group","ID-0FDCB9302BB2","","0","18","3","2","False","False","Modify, Synchronize","ID-18EB141BA849","ID-18EB141BA849","NTFS","ID-A0D7FA5DAE9F","ID-A0D7FA5DAE9F"
"ID-05D9483F7DB9","ID-5303F2EFA057","group","ID-F943D27E2CD1","","0","18","3","2","False","False","Modify, Synchronize","ID-71D1CCD92E75","ID-71D1CCD92E75","NTFS","ID-77192D3077D0","ID-77192D3077D0"
"ID-E27AA69686F8","ID-63D947751437","group","ID-43F5EA7DE138","","0","18","3","2","False","False","Modify, Synchronize","ID-AA28AA5D2816","ID-AA28AA5D2816","NTFS","ID-7A75F4A6DEE6","ID-7A75F4A6DEE6"
"ID-812B83A86531","ID-3F38294FD86D","group","ID-4D6AA5753C79","","0","18","3","2","False","False","Modify, Synchronize","ID-5EE28189F89A","ID-5EE28189F89A","NTFS","ID-347F79CC8988","ID-347F79CC8988"
"ID-2883404D6067","ID-607F1E4E83F1","group","ID-02BE42AFC39A","","0","18","3","2","False","False","Modify, Synchronize","ID-9C00397A8ECF","ID-9C00397A8ECF","NTFS","ID-CF956BBD0CC2","ID-CF956BBD0CC2"
"ID-9700DE2E9D3A","ID-974E6B9B32F0","group","ID-EF58CAADC09E","","0","18","3","2","False","False","Modify, Synchronize","ID-51DE783EFB12","ID-51DE783EFB12","NTFS","ID-BFD1A74DC675","ID-BFD1A74DC675"
"ID-39699A1DC6CD","ID-8C0875B8A39F","group","ID-044D1F0DA228","","0","18","3","2","False","False","Modify, Synchronize","ID-96DB2C635531","ID-96DB2C635531","NTFS","ID-0F948D5177AC","ID-0F948D5177AC"
"ID-917EC60BFDBE","ID-ABCF0A6F4408","group","ID-F143A4BFE5F6","","1","12","2","1","False","False","Read; ReadAndExecute, Synchronize","ID-FF24A257AC98","ID-FF24A257AC98","NTFS; Share","ID-46177F6ADC9F","ID-46177F6ADC9F"
"ID-E237AD7E8BDA","ID-0E5121145153","group","ID-887EF3E7A27F","","1","0","2","2","False","False","Read","ID-4114DC20EECA","ID-4114DC20EECA","Share","",""
"ID-571A541FF60A","ID-318D004C617F","group","ID-AFBD16222A19","","1","0","2","2","False","False","Read","ID-5387D3CA2368","ID-5387D3CA2368","Share","",""
"ID-687A616F85F3","ID-2B798FEC2949","group","ID-232B18A7F371","","1","0","2","2","False","False","Read","ID-8EBFF12BE1CA","ID-8EBFF12BE1CA","Share","",""
"ID-DC3A8847827C","ID-05D9A832B0F2","group","ID-38848BDAE86F","","1","0","2","2","False","False","Read","ID-EFA86385524E","ID-EFA86385524E","Share","",""
"ID-D6C59B0DB23B","ID-855BB93D2B06","group","ID-15436FED8F48","","1","0","2","2","False","False","Read","ID-7E438A6220E4","ID-7E438A6220E4","Share","",""
"ID-29FB63F94E86","ID-D978196D5FD6","group","ID-651A414D6BE2","","1","0","2","2","False","False","Read","ID-54D047C0C10E","ID-54D047C0C10E","Share","",""
"ID-78E7108BCD84","ID-5A35DC887F89","group","ID-BE8B15A3155F","","1","0","2","2","False","False","Read","ID-6146270638B1","ID-6146270638B1","Share","",""
"ID-668D702A3B42","ID-0F6BE36D01A8","group","ID-98F540E05C05","","1","0","2","2","False","False","Read","ID-F0925E579A09","ID-F0925E579A09","Share","",""
"ID-093406368D0D","ID-3CD193F98A0A","group","ID-68269F4128ED","","1","0","2","2","False","False","Read","ID-6C994D206912","ID-6C994D206912","Share","",""
"ID-B40108628416","ID-37F36D58D102","group","ID-45AB9C1523B4","","1","0","2","2","False","False","Read","ID-F5F86F20FCD1","ID-F5F86F20FCD1","Share","",""
"ID-D0E6212A1903","ID-0035D3F1FC74","group","ID-0863D9AA99E4","","1","0","2","2","False","False","Read","ID-7D766E983EBD","ID-7D766E983EBD","Share","",""
"ID-854394441E3F","ID-FDA87F562B15","group","ID-8BBBE9249DAD","","1","0","2","2","False","False","Read","ID-24ADD11EC9B3","ID-24ADD11EC9B3","Share","",""
"ID-05E43A2BD8D7","ID-98351A2FC568","group","ID-36D98D6A659B","","1","0","2","2","False","False","Read","ID-685A3058033C","ID-685A3058033C","Share","",""
"ID-4410F85C00D9","ID-1600D132EDA9","group","ID-91105C11DF85","","1","0","2","2","False","False","Read","ID-7CBF69AC376A","ID-7CBF69AC376A","Share","",""
"ID-7F0967DB5618","ID-3D64D357FF5E","group","ID-E6D4565DB962","","1","0","2","2","False","False","Read","ID-A87251964273","ID-A87251964273","Share","",""
"ID-EC31528D264D","ID-CD8CBA5FFE24","group","ID-CD317306A041","","1","0","2","2","False","False","Read","ID-831F51DD3CC8","ID-831F51DD3CC8","Share","",""
"ID-A109E3A45A1D","ID-953EC974F39C","group","ID-AB28A429F295","","1","0","2","2","False","False","Read","ID-3E737AE31037","ID-3E737AE31037","Share","",""
"ID-E7D29DBBD4D7","ID-76AFA373E9C3","group","ID-C6E6DA62484D","","1","0","2","2","False","False","Read","ID-14C8A54E7E2F","ID-14C8A54E7E2F","Share","",""
"ID-603CFB446CF7","ID-9E6DBEB309FD","group","ID-73027A5F96CB","","1","0","2","2","False","False","Read","ID-5FD55FA7C962","ID-5FD55FA7C962","Share","",""
"ID-24D01D65F615","ID-AA0687CE585C","group","ID-B764122F9F1C","","1","0","2","2","False","False","Read","ID-7112513D9FC4","ID-7112513D9FC4","Share","",""
"ID-44657658B6DB","ID-6E672DB4BB52","group","ID-7A05B73B4EEF","","1","0","2","2","False","False","Read","ID-2788FFE1310D","ID-2788FFE1310D","Share","",""
"ID-73C17C1E688F","ID-216C64005A76","group","ID-7ADAB4C46639","","1","0","2","2","False","False","Read","ID-494D91E2F01C","ID-494D91E2F01C","Share","",""
"ID-79D0742AB866","ID-3420182791DA","group","ID-FD72AE7E0C2C","","1","0","2","2","False","False","Read","ID-1A5FF23A240B","ID-1A5FF23A240B","Share","",""
"ID-3B8F8740FC9E","ID-96F596B4561C","group","ID-94EDFEC99E75","","1","0","2","2","False","False","Read","ID-E29B62928EAC","ID-E29B62928EAC","Share","",""
"ID-8B2B268DE117","ID-B96130A873A7","group","ID-9517856EB872","","1","0","2","2","False","False","Read","ID-705132FBB983","ID-705132FBB983","Share","",""
"ID-FCBAC2D8E42C","ID-F1B0B3DC656D","group","ID-FAF5889C6212","","1","0","2","2","False","False","Read","ID-A666111AFFA0","ID-A666111AFFA0","Share","",""
"ID-8ABAE59D378A","ID-D18DF2D9A336","group","ID-458F68886773","","1","0","2","2","False","False","Read","ID-C8EF6513690C","ID-C8EF6513690C","Share","",""
"ID-BAD03F2D33FE","ID-DAE163C7C833","group","ID-FC2E67C8ACE2","","1","0","2","2","False","False","Read","ID-9E17DCD4E36F","ID-9E17DCD4E36F","Share","",""
"ID-CE85D9B0884B","ID-9BAF71E2E43B","group","ID-5D43031ED510","","1","0","2","2","False","False","Read","ID-308E49FCD84D","ID-308E49FCD84D","Share","",""
"ID-11C987418654","ID-84C78B00CF7B","group","ID-F2908CBD7071","","1","0","2","2","False","False","Read","ID-F3A6F3B8F654","ID-F3A6F3B8F654","Share","",""
"ID-3BFEE9F4C97A","ID-E8288553EACF","group","ID-F44A63C556E0","","1","0","2","2","False","False","Read","ID-776229634114","ID-776229634114","Share","",""
"ID-2DBE1A7E58C4","ID-4BE749923BD1","group","ID-3CFEE18A4F2E","","1","0","2","2","False","False","Read","ID-8390A3B043AA","ID-8390A3B043AA","Share","",""
"ID-4E4E56C6B447","ID-2D0FB14E98A1","group","ID-13EC0553DBC6","","1","0","2","2","False","False","Read","ID-E87EF3CC3122","ID-E87EF3CC3122","Share","",""
"ID-2D511F0A2E32","ID-BFCC79AD1B71","group","ID-873E8C7F00A2","","1","0","2","2","False","False","Read","ID-0CE178E955F6","ID-0CE178E955F6","Share","",""
"ID-71255B99DDDB","ID-F43B30713D82","group","ID-FC06343BB9DC","","1","0","2","2","False","False","Read","ID-C134A27B34F9","ID-C134A27B34F9","Share","",""
"ID-6B94BC4B9DFE","ID-D9F7672E5638","group","ID-5E3885891D65","","1","0","2","2","False","False","Read","ID-467AC3C59612","ID-467AC3C59612","Share","",""
"ID-9E294471A097","ID-E2A94E06B937","group","ID-467D5AD633DE","","1","0","2","2","False","False","Read","ID-B8C54BECF801","ID-B8C54BECF801","Share","",""
"ID-A3A7580DBA87","ID-BD1002F0086A","group","ID-D23615EAA9D0","","1","0","2","2","False","False","Read","ID-14F183ABA571","ID-14F183ABA571","Share","",""
"ID-5729DB4EF082","ID-8038F28E940A","group","ID-1738D5EA1603","","1","0","2","2","False","False","Read","ID-0947C5370084","ID-0947C5370084","Share","",""
"ID-B97FB95D8E88","ID-D9BC43B8E64A","group","ID-217AEEE88532","","1","0","2","2","False","False","Read","ID-2DEEF7075A0E","ID-2DEEF7075A0E","Share","",""
"ID-ECDF672CC209","ID-0DBA91D9DCD2","group","ID-905936B8BFF1","","1","0","2","2","False","False","Read","ID-45DF41C82285","ID-45DF41C82285","Share","",""
"ID-5D5E424C4BFC","ID-E28A4B912177","group","ID-5859E7D586BF","","1","0","2","2","False","False","Read","ID-617F2AEC3D19","ID-617F2AEC3D19","Share","",""
"ID-176CAC5F4B56","ID-6F013AB0A38B","group","ID-4DFF466139E5","","1","0","2","2","False","False","Read","ID-3D72E259E408","ID-3D72E259E408","Share","",""
"ID-43CA07E80978","ID-E59ECDC6967B","group","ID-7764919B6BAE","","1","0","2","2","False","False","Read","ID-B3161AFA39C7","ID-B3161AFA39C7","Share","",""
"ID-B0C8AE3CEB08","ID-0272931B7345","group","ID-440FD8EF083E","","1","0","2","2","False","False","Read","ID-9AB3A1D41F6F","ID-9AB3A1D41F6F","Share","",""
"ID-A9F9E529047F","ID-50061F26A476","group","ID-2BE2EF9F1B3F","","1","0","2","2","False","False","Read","ID-E151038A58F1","ID-E151038A58F1","Share","",""
"ID-08DDBA9008CF","ID-E3050397DA8E","group","ID-730E8976A940","","1","0","2","2","False","False","Read","ID-E687DEF6E207","ID-E687DEF6E207","Share","",""
"ID-33B6584B11C8","ID-753B9714CE0D","group","ID-5D267057A108","","1","0","2","2","False","False","Read","ID-1EE836D214D5","ID-1EE836D214D5","Share","",""
"ID-6B9EDF0E70B4","ID-A693DD841067","group","ID-BE8B3A5B1CEA","","1","0","2","2","False","False","Read","ID-16B17ECEA9A8","ID-16B17ECEA9A8","Share","",""
"ID-0989EEA0CB33","ID-B2356D08C900","group","ID-54700D445CC3","","1","0","2","2","False","False","Read","ID-90F90BE522E7","ID-90F90BE522E7","Share","",""
"ID-3CE3A0050AE6","ID-D23FF1CF04F0","group","ID-BC5B4F7CEA7F","","1","0","2","2","False","False","Read","ID-7ED99E3DF14D","ID-7ED99E3DF14D","Share","",""
"ID-5AAEAEB08050","ID-25491C22E094","group","ID-3F888B89E19F","","1","0","2","2","False","False","Read","ID-8E0553952B64","ID-8E0553952B64","Share","",""
"ID-A2C54634F79B","ID-E9DB37E49C47","group","ID-5CBBFB2B452B","","1","0","2","2","False","False","Read","ID-F9CC6633F61F","ID-F9CC6633F61F","Share","",""
"ID-DDB23D4EC54B","ID-6D11B617E70B","group","ID-F8D9E77F6074","","1","0","2","2","False","False","Read","ID-DBB1C39A0B00","ID-DBB1C39A0B00","Share","",""
"ID-F329E5C4EDE5","ID-A77E96610DEF","group","ID-AE25C4C943A6","","1","0","2","2","False","False","Read","ID-083441950D2E","ID-083441950D2E","Share","",""
"ID-A3E1B0E18C79","ID-DCB8E6EF471F","group","ID-7976F66D7CCE","","1","0","2","2","False","False","Read","ID-C4B36BC6B4AF","ID-C4B36BC6B4AF","Share","",""
"ID-B4225905C7F2","ID-71B035E13B6B","group","ID-1BA8B28DED3B","","1","0","2","2","False","False","Read","ID-C9E8ED6EE942","ID-C9E8ED6EE942","Share","",""
"ID-5F2E083E4490","ID-A724DBEF71F8","group","ID-21D96FFC1208","","1","0","2","2","False","False","Read","ID-2289EAD8D82D","ID-2289EAD8D82D","Share","",""
"ID-642195CBC220","ID-6AFD8579E545","group","ID-5469EC6A9DF2","","1","0","2","2","False","False","Read","ID-05EDA4B1CD86","ID-05EDA4B1CD86","Share","",""
"ID-A05D64511D2C","ID-3E93E997D9C9","group","ID-42285E00B63E","","1","0","2","2","False","False","Read","ID-14FCC0FDFB22","ID-14FCC0FDFB22","Share","",""
"ID-9BF75AE848CE","ID-411A1C8B5FBE","group","ID-93FD1387B9BD","","1","0","2","2","False","False","Read","ID-3ADDA7F5E394","ID-3ADDA7F5E394","Share","",""
"ID-D887B7B1AFE3","ID-5B262A4D6716","group","ID-8A878415BD18","","1","0","2","2","False","False","Read","ID-57BD8CDA7077","ID-57BD8CDA7077","Share","",""
"ID-83580428D76C","ID-D05BCEA65C76","group","ID-227BE21CA324","","1","0","2","2","False","False","Read","ID-E9C60FF561F0","ID-E9C60FF561F0","Share","",""
"ID-F8939B952593","ID-8AB4949F059C","group","ID-670AB2F6A8E6","","1","0","2","2","False","False","Read","ID-8199F4D1D424","ID-8199F4D1D424","Share","",""
"ID-68FB2821FD14","ID-670CFE8E6385","group","ID-90F13DC681BF","","1","0","2","2","False","False","Read","ID-70BDF6B0B975","ID-70BDF6B0B975","Share","",""
"ID-3A9F1171B20C","ID-05F759E222D6","group","ID-A797B59100EA","","1","0","2","2","False","False","Read","ID-D8CD7F796E22","ID-D8CD7F796E22","Share","",""
"ID-AA5763C5C3F4","ID-1A70B310B337","group","ID-A2EB6DA1E31C","","1","0","2","2","False","False","Read","ID-C33FA51EC066","ID-C33FA51EC066","Share","",""
"ID-E9D9DCF04729","ID-3DB3AFF988A5","group","ID-A910AECACE30","","1","0","2","2","False","False","Read","ID-2D18C633D625","ID-2D18C633D625","Share","",""
"ID-2FF261D7E8A3","ID-8A27BF1FB6E5","group","ID-872DD4F22CDB","","1","0","2","2","False","False","Read","ID-B5C59F3D2E5D","ID-B5C59F3D2E5D","Share","",""
"ID-2AC1599AD7D1","ID-23335A468112","group","ID-B36A8B732419","","1","0","2","2","False","False","Read","ID-34E2B885354B","ID-34E2B885354B","Share","",""
"ID-8194E0E6C7AA","ID-7A3D366BFFFA","group","ID-B582F4F6F24C","","1","0","2","2","False","False","Read","ID-86618F9EAF19","ID-86618F9EAF19","Share","",""
"ID-7E0E8C444C9D","ID-239AD466D310","group","ID-12C8FA029B62","","1","0","2","2","False","False","Read","ID-875AA644BF64","ID-875AA644BF64","Share","",""
"ID-CD1799A9284A","ID-CBC13E9100B2","group","ID-BC3C87C3B9B3","","1","0","2","2","False","False","Read","ID-008890E394CB","ID-008890E394CB","Share","",""
"ID-59FFC3835FDE","ID-AC7FB0BAFC2C","group","ID-755683698A26","","1","0","2","2","False","False","Read","ID-3CA7D0E535EC","ID-3CA7D0E535EC","Share","",""
"ID-3CF3E82020C3","ID-404659EE638A","group","ID-9365AED6516A","","1","0","2","2","False","False","Read","ID-4F172941788F","ID-4F172941788F","Share","",""
"ID-BE4212B6EE8B","ID-D992D9B39ABC","group","ID-F6BFB76BB94B","","1","0","2","2","False","False","Read","ID-74D54D731E35","ID-74D54D731E35","Share","",""
"ID-73BDDC5D8C6F","ID-3CB38D920F78","group","ID-EAB3C52655AF","","1","0","2","2","False","False","Read","ID-1D408B14F488","ID-1D408B14F488","Share","",""
"ID-112DAD9D2A23","ID-DF0603CABCF6","group","ID-CC88AE2F9A80","","1","0","2","2","False","False","Read","ID-83C596438B47","ID-83C596438B47","Share","",""
"ID-076CBC6BEE0B","ID-E34250D2F140","group","ID-6646A1F5F404","","1","0","2","2","False","False","Read","ID-1371A33DF7F4","ID-1371A33DF7F4","Share","",""
"ID-2F11DB08A2EA","ID-893969562B0C","group","ID-81A27BE6247E","","1","0","2","2","False","False","Read","ID-6AF0D280D0CF","ID-6AF0D280D0CF","Share","",""
"ID-6952586B79B6","ID-624F6C2DC85D","group","ID-7028BF2E7D84","","1","0","2","2","False","False","Read","ID-066ECF24BDD6","ID-066ECF24BDD6","Share","",""
"ID-6E7303BCA293","ID-416D51EC1FA0","group","ID-F9EAE836FC0B","","1","0","2","2","False","False","Read","ID-4EB960C1B058","ID-4EB960C1B058","Share","",""
"ID-21E7A3F64879","ID-5D866E428931","group","ID-C19069B560B4","","1","0","2","2","False","False","Read","ID-C6A43A7B7FFA","ID-C6A43A7B7FFA","Share","",""
"ID-6EB948CDC851","ID-DD7336990C44","group","ID-24D526946D13","","1","0","2","2","False","False","Read","ID-67532121DE71","ID-67532121DE71","Share","",""
"ID-39F8125786E0","ID-515952C1E363","group","ID-F9C095E729E2","","1","0","2","2","False","False","Read","ID-385FAC60F25E","ID-385FAC60F25E","Share","",""
"ID-E694E8ED8036","ID-22F760549511","group","ID-CFAE92534C5F","","1","0","2","2","False","False","Read","ID-8FB08A87821A","ID-8FB08A87821A","Share","",""
"ID-CAEA7F5EC362","ID-F021D2AFDFA2","group","ID-E9F0D3C2C645","","1","0","2","2","False","False","Read","ID-1B0D2BC7B4E5","ID-1B0D2BC7B4E5","Share","",""
"ID-5B64294B9A1D","ID-93BF88B7FE01","group","ID-C611DC060451","","1","0","2","2","False","False","Read","ID-F169EE19CC18","ID-F169EE19CC18","Share","",""
"ID-6C93E0A94B22","ID-89DA105570F1","group","ID-D97BD72BC5C1","","1","0","2","2","False","False","Read","ID-7A0DEC188383","ID-7A0DEC188383","Share","",""
"ID-C7E432CF6ECB","ID-2E1977C80CFA","group","ID-1BD7B96EFCA1","","1","0","2","2","False","False","Read","ID-0C731D98B010","ID-0C731D98B010","Share","",""
"ID-1B1F1724B620","ID-7815339341A2","group","ID-433CAFDC81C6","","1","0","2","2","False","False","Read","ID-676F17E08F06","ID-676F17E08F06","Share","",""
"ID-1AFF5C28DD5A","ID-A36696DE8897","group","ID-C35652CD32A6","","1","0","2","2","False","False","Read","ID-5F805B08A0B9","ID-5F805B08A0B9","Share","",""
"ID-DCEF3BEFE1F4","ID-2A091E0E9E97","group","ID-0F3FC56530AA","","1","0","2","2","False","False","Read","ID-5D806D3A2C71","ID-5D806D3A2C71","Share","",""
"ID-2CD6255ECB5B","ID-661F3BE12AF0","group","ID-C59CD1BF41F1","","1","0","2","2","False","False","Read","ID-86026C31B641","ID-86026C31B641","Share","",""
"ID-C17CDE17AA65","ID-48A33A64000E","group","ID-E6801891A5AB","","1","0","2","2","False","False","Read","ID-C5FA2EB4A67F","ID-C5FA2EB4A67F","Share","",""
"ID-CCCAF4B5446C","ID-5BBEAFBA7B5E","group","ID-5620557741F8","","1","0","2","2","False","False","Read","ID-3A941C54F16C","ID-3A941C54F16C","Share","",""
"ID-69A4627945B2","ID-7BBEF905890A","group","ID-D14BE9BBFA89","","1","0","2","2","False","False","Read","ID-058A799E2607","ID-058A799E2607","Share","",""
"ID-333BC1C75240","ID-775048EEDC58","group","ID-09B20E4624A7","","1","0","2","2","False","False","Read","ID-6AC212A8B12F","ID-6AC212A8B12F","Share","",""
"ID-CD4E3B393BF6","ID-213133DFAC6C","group","ID-F37DC544752B","","1","0","2","2","False","False","Read","ID-75D1766CF45B","ID-75D1766CF45B","Share","",""
"ID-5271D67D87B5","ID-E4ED31C038E0","group","ID-FA2D5B97D556","","1","0","2","2","False","False","Read","ID-A87D455646EB","ID-A87D455646EB","Share","",""
"ID-CC3E3FD19AAA","ID-3E77D309CB88","group","ID-C5E233F4D5FC","","1","0","2","2","False","False","Read","ID-C109193D9695","ID-C109193D9695","Share","",""
"ID-B3262C5F8679","ID-93057ACF604A","group","ID-B7CC34B72EDB","","1","0","2","2","False","False","Read","ID-1869D9D0B5C4","ID-1869D9D0B5C4","Share","",""
"ID-2BDE897FD8BC","ID-B78F0E3EFE5D","group","ID-2B430535A20B","","1","0","2","2","False","False","Read","ID-03B7A9CEC579","ID-03B7A9CEC579","Share","",""
"ID-7AA0F4CA6BFC","ID-7AB578CCB75E","group","ID-2CBEFD6B5784","","1","0","2","2","False","False","Read","ID-564D74068950","ID-564D74068950","Share","",""
"ID-FF6472CE7B4E","ID-26E1AA9488D1","group","ID-7317731C9D7B","","1","0","2","2","False","False","Read","ID-28AFAB9E2461","ID-28AFAB9E2461","Share","",""
"ID-CBB655A5A058","ID-5DAFD478077A","group","ID-99D78EE8F88B","","1","0","2","2","False","False","Read","ID-9866428035C6","ID-9866428035C6","Share","",""
"ID-E4C1EF0041C0","ID-346BB87C470F","group","ID-10DBBDB97720","","1","0","2","2","False","False","Read","ID-31A3391AC535","ID-31A3391AC535","Share","",""
"ID-56430B4E4E41","ID-4CD80D852794","group","ID-2858510D1356","","1","0","2","2","False","False","Read","ID-670A11217498","ID-670A11217498","Share","",""
"ID-C9352955E722","ID-376A237A0652","group","ID-397A4F468170","","1","0","2","2","False","False","Read","ID-176C1CD16B83","ID-176C1CD16B83","Share","",""
"ID-C27D96C80AC8","ID-6DC5B8C25FE4","group","ID-1D359D11A38E","","1","0","2","2","False","False","Read","ID-162C37B5820C","ID-162C37B5820C","Share","",""
"ID-B7A337566B38","ID-0F3F1789D460","group","ID-54BC649FD4AC","","1","0","2","2","False","False","Read","ID-9ADF3911F35A","ID-9ADF3911F35A","Share","",""
"ID-CF7AD6B99E6F","ID-C859669982AE","group","ID-564E48534BE7","","1","0","2","2","False","False","Read","ID-090599BE211C","ID-090599BE211C","Share","",""
"ID-6331093C04EB","ID-5D977058C3E5","group","ID-395342F2F04B","","1","0","2","2","False","False","Read","ID-A6274D36B673","ID-A6274D36B673","Share","",""
"ID-E9566FAE7E92","ID-947A3E14B4B6","group","ID-09C06C1385E2","","1","0","2","2","False","False","Read","ID-A265E1068D43","ID-A265E1068D43","Share","",""
"ID-271FB3517CE8","ID-8336C188391A","group","ID-1942DF468C56","","1","0","2","2","False","False","Read","ID-74EBF1652C35","ID-74EBF1652C35","Share","",""
"ID-D4243C0F1BF5","ID-53CFD7565965","group","ID-61159B3CCC61","","1","0","2","2","False","False","Read","ID-82ABF23B3BA0","ID-82ABF23B3BA0","Share","",""
"ID-AD3F568B2F96","ID-EF2F16A351B5","group","ID-9E642CECE8E6","","1","0","2","2","False","False","Read","ID-E6A8A8F91EFF","ID-E6A8A8F91EFF","Share","",""
"ID-2EEC462C0A2B","ID-F85A2957CBD7","group","ID-4B27EFC19D8D","","1","0","2","2","False","False","Read","ID-F37BE760AE41","ID-F37BE760AE41","Share","",""
"ID-971AF0DA6EB6","ID-21A17C4D60BE","group","ID-ADE6D211FBA3","","1","0","2","2","False","False","Read","ID-018197248D33","ID-018197248D33","Share","",""
"ID-C7B6CCA88928","ID-5BC898BE319F","group","ID-D7D58980D99C","","1","0","2","2","False","False","Read","ID-8CFB42968112","ID-8CFB42968112","Share","",""
"ID-7CFA6C141D19","ID-7100D2C1DB8D","group","ID-C1B3267BE744","","1","0","2","2","False","False","Read","ID-4C82A36DE504","ID-4C82A36DE504","Share","",""
"ID-AFC036D321EB","ID-E44F68E77769","group","ID-034479749100","","1","0","2","2","False","False","Read","ID-D3874DE06757","ID-D3874DE06757","Share","",""
"ID-E17B639C9E63","ID-812FA9F6C032","group","ID-4063D5CFCE96","","1","0","2","2","False","False","Read","ID-CD2064FDBB72","ID-CD2064FDBB72","Share","",""
"ID-0160DD08E510","ID-559F642EE4ED","group","ID-0569EA638A00","","1","0","2","2","False","False","Read","ID-52E1CE8DC224","ID-52E1CE8DC224","Share","",""
"ID-D9743DA985AB","ID-3DE24A7C8429","group","ID-2D316E05C051","","1","0","2","2","False","False","Read","ID-FC687E3676BA","ID-FC687E3676BA","Share","",""
"ID-E62996BDEDC5","ID-B28480DA29F5","group","ID-584AFC43E2C0","","1","0","2","2","False","False","Read","ID-E1A5B09FCDE0","ID-E1A5B09FCDE0","Share","",""
"ID-207ED050D927","ID-42990C617E65","group","ID-284C99A9242A","","1","0","2","2","False","False","Read","ID-527906860DD9","ID-527906860DD9","Share","",""
"ID-505DE2999C80","ID-3E462804BCA0","group","ID-AEBDD0B61091","","1","0","2","2","False","False","Read","ID-F9138B2AC339","ID-F9138B2AC339","Share","",""
"ID-6CDD07F87F5C","ID-C6DF91A8E7A1","group","ID-95FD7F91F754","","1","0","2","2","False","False","Read","ID-DC190EE601DF","ID-DC190EE601DF","Share","",""
"ID-DB28724DFF35","ID-C08E5141653C","group","ID-F9C084766E55","","1","0","2","2","False","False","Read","ID-2D0EE4C04F45","ID-2D0EE4C04F45","Share","",""
"ID-2FBE6E3DE2AE","ID-3892B144ED70","group","ID-9FF37F1996A2","","1","0","2","2","False","False","Read","ID-61F0580FCA8B","ID-61F0580FCA8B","Share","",""
"ID-0423757167E0","ID-1E785B295505","group","ID-1356F641CDCD","","1","0","2","2","False","False","Read","ID-271FC70318C7","ID-271FC70318C7","Share","",""
"ID-D0244BAE176F","ID-F65B4D484B91","group","ID-C3C3FF70708A","","1","0","2","2","False","False","Read","ID-A7A7D924EE06","ID-A7A7D924EE06","Share","",""
"ID-959D97396C50","ID-EC4BF559D6FA","group","ID-380B1887B577","","1","0","2","2","False","False","Read","ID-D235970EA67C","ID-D235970EA67C","Share","",""
"ID-82F6B562DC4A","ID-E7875ED363D7","group","ID-5830D74622B3","","1","0","2","2","False","False","Read","ID-9DBB1F7CD8D1","ID-9DBB1F7CD8D1","Share","",""
"ID-8D017C5C79CD","ID-427DDC12566F","group","ID-E669AC6A5B9F","","1","0","2","2","False","False","Read","ID-A8BEB5FCC841","ID-A8BEB5FCC841","Share","",""
"ID-B406DE005181","ID-0E01D98011A7","group","ID-00E6E3244630","","1","0","2","2","False","False","Read","ID-9A41D4B6DFC3","ID-9A41D4B6DFC3","Share","",""
"ID-0B0DD4CAD96D","ID-1DC2D45FB35D","group","ID-9E18237B85D8","","1","0","2","2","False","False","Read","ID-A0C09D4098DB","ID-A0C09D4098DB","Share","",""
"ID-D6F0E4B69629","ID-F96173D11BA5","group","ID-F50485548804","","1","0","2","2","False","False","Read","ID-F8E6494BE27D","ID-F8E6494BE27D","Share","",""
"ID-4F9C5E8C85D8","ID-26A4E3F14A62","group","ID-F7A31F5776B5","","1","0","2","2","False","False","Read","ID-3D40A309B9EA","ID-3D40A309B9EA","Share","",""
"ID-B6AE3CAF1A06","ID-2CFC2980F3F2","group","ID-6DBBE0E55572","","1","0","2","2","False","False","Read","ID-A9AE53A7B1F4","ID-A9AE53A7B1F4","Share","",""
"ID-EFF67F7A9353","ID-BFFB43DEC747","group","ID-804F989FA87A","","1","0","2","2","False","False","Read","ID-659960E88AF8","ID-659960E88AF8","Share","",""
"ID-6BED3657641A","ID-7B924A2CE7B4","group","ID-05245C99BA85","","1","0","2","2","False","False","Read","ID-7477E596CBFD","ID-7477E596CBFD","Share","",""
"ID-61D2A603226F","ID-2CB16B738876","group","ID-D4005EA2C6CB","","1","0","2","2","False","False","Read","ID-DE2290EC2EEE","ID-DE2290EC2EEE","Share","",""
"ID-2DDD166224BE","ID-7CE634CD1244","group","ID-76C04B0A7185","","1","0","2","2","False","False","Read","ID-60A821374392","ID-60A821374392","Share","",""
"ID-7C3A20A3F40D","ID-0C2E8EA11A57","group","ID-7393C389E503","","1","0","2","2","False","False","Read","ID-E004B34628FC","ID-E004B34628FC","Share","",""
"ID-71D7D4D5BB90","ID-7ABD05E2B299","group","ID-A447AB134D3C","","1","0","2","2","False","False","Read","ID-C264ED80B217","ID-C264ED80B217","Share","",""
"ID-43FA05502F7A","ID-6888849F7E60","group","ID-EF2EF006EB31","","1","0","2","2","False","False","Read","ID-A62AA04BDAB6","ID-A62AA04BDAB6","Share","",""
"ID-BAC5F55E143B","ID-047924554E79","group","ID-9FD92338103B","","1","0","2","2","False","False","Read","ID-FBD0B8F6649C","ID-FBD0B8F6649C","Share","",""
"ID-555F2EB12381","ID-717968985F17","group","ID-663FAFF36CE5","","1","0","2","2","False","False","Read","ID-F566358DDF6E","ID-F566358DDF6E","Share","",""
"ID-C0884A3C6531","ID-55A8E374072F","group","ID-FB726C41C947","","1","0","2","2","False","False","Read","ID-8DB73BDC737D","ID-8DB73BDC737D","Share","",""
"ID-3DCF006C2828","ID-9766D4204993","group","ID-18206B8BF75A","","1","0","2","2","False","False","Read","ID-693E06240AF8","ID-693E06240AF8","Share","",""
"ID-8CA36B2BBB32","ID-F4F86BA9D572","group","ID-CDBC34200403","","1","0","2","2","False","False","Read","ID-5CD6ECAD06C6","ID-5CD6ECAD06C6","Share","",""
"ID-4B0F9885F1D3","ID-5C7C434EA495","group","ID-11CEB9ACAB65","","1","0","2","2","False","False","Read","ID-FF124570C335","ID-FF124570C335","Share","",""
"ID-0C16B03A201C","ID-2744FEAEBBD4","group","ID-6A1525BBA4E7","","1","0","2","2","False","False","Read","ID-6FD723CB2D9C","ID-6FD723CB2D9C","Share","",""
"ID-73675E5754BE","ID-60AC687C4B93","group","ID-6D1E8D840582","","1","0","2","2","False","False","Read","ID-38513BEC2132","ID-38513BEC2132","Share","",""
"ID-7D52D8632E38","ID-E587C7F45F6D","group","ID-C988B9D83DBE","","1","0","2","2","False","False","Read","ID-C1406E3F26E1","ID-C1406E3F26E1","Share","",""
"ID-6D83ECCF0915","ID-007FD9A38518","group","ID-DAE82ED5A8BF","","1","0","2","2","False","False","Read","ID-421097DB8781","ID-421097DB8781","Share","",""
"ID-DB77E1638001","ID-185CE3962BDD","group","ID-978DE8320621","","1","0","2","2","False","False","Read","ID-80FD41030D28","ID-80FD41030D28","Share","",""
"ID-2FE59238EF29","ID-A0FCF4DD1A53","group","ID-9D341E5B2610","","1","0","2","2","False","False","Read","ID-808E3F07CECF","ID-808E3F07CECF","Share","",""
"ID-9C6CCFF324EA","ID-2A4240CDEFC7","group","ID-FA1DCE25B465","","1","0","2","2","False","False","Read","ID-F85AF365E7BA","ID-F85AF365E7BA","Share","",""
"ID-8A78018763AA","ID-BCEC658676E2","group","ID-E2135EEF87E2","","1","0","2","2","False","False","Read","ID-7D500D72EB3C","ID-7D500D72EB3C","Share","",""
"ID-ACBA62EC1BD5","ID-AA61ABF54832","group","ID-138F4646F8F6","","1","0","2","2","False","False","Read","ID-5023A2B6D80F","ID-5023A2B6D80F","Share","",""
"ID-D16043212F18","ID-56B51DE8AFF1","group","ID-CD4EA641B47E","","1","0","2","2","False","False","Read","ID-6E3D6B8288F3","ID-6E3D6B8288F3","Share","",""
"ID-FEFD989859AD","ID-BDAB194E7C97","group","ID-92264892C504","","1","0","2","2","False","False","Read","ID-09E4D6941BF4","ID-09E4D6941BF4","Share","",""
"ID-AD2C388FBCD4","ID-62C5AD0B94BF","group","ID-6258236310D2","","1","0","2","2","False","False","Read","ID-CC31BBF06DC0","ID-CC31BBF06DC0","Share","",""
"ID-313448F99CB6","ID-64A4A23988F3","group","ID-FBB9F84C67ED","","1","0","2","2","False","False","Read","ID-F252A7B87037","ID-F252A7B87037","Share","",""
"ID-170002797AEF","ID-54FFE0F1AD72","group","ID-0F174F7481CE","","1","0","2","2","False","False","Read","ID-588DDDA3D84D","ID-588DDDA3D84D","Share","",""
"ID-7165ABD002D7","ID-6A90A70063E6","group","ID-7087593BF96B","","1","0","2","2","False","False","Read","ID-90E5136EB087","ID-90E5136EB087","Share","",""
"ID-EDE8CA8BB194","ID-AFEA8A45C630","group","ID-9752E553C77C","","1","0","2","2","False","False","Read","ID-358724F9C321","ID-358724F9C321","Share","",""
"ID-EF2310FCAC75","ID-A89FFE04DB80","group","ID-9C51B168EC67","","1","0","2","2","False","False","Read","ID-57C65BD24302","ID-57C65BD24302","Share","",""
"ID-352CF5492A23","ID-D025222BF340","group","ID-948A95FF60CA","","1","0","2","2","False","False","Read","ID-D0BE4E751E7E","ID-D0BE4E751E7E","Share","",""
"ID-22CA90E42242","ID-D7FA072BD389","group","ID-A68A34F26E40","","1","0","2","2","False","False","Read","ID-94DA238A7344","ID-94DA238A7344","Share","",""
"ID-ED3C71750E1C","ID-5A451DED7C19","group","ID-64A41E673C36","","1","0","2","2","False","False","Read","ID-87B8BE2679A2","ID-87B8BE2679A2","Share","",""
"ID-1E20C5E5C73D","ID-94F39F4EA9E0","group","ID-5F366DC4FA52","","1","0","2","2","False","False","Read","ID-16B41CEAF42B","ID-16B41CEAF42B","Share","",""
"ID-1480392898DB","ID-6AC9595D77CC","group","ID-48D812E55F09","","1","0","2","2","False","False","Read","ID-C05E6BB9D24B","ID-C05E6BB9D24B","Share","",""
"ID-E692D44ECB02","ID-476373E81FB3","group","ID-0AD9E3D7D5FB","","1","0","2","2","False","False","Read","ID-BD2664F4BB01","ID-BD2664F4BB01","Share","",""
"ID-AF7AABDDC662","ID-F99E3D36783C","group","ID-F9313BAFB14D","","1","0","2","2","False","False","Read","ID-A040368B1BF4","ID-A040368B1BF4","Share","",""
"ID-453A98FA4EB2","ID-D4F29947878D","group","ID-FEDD702BB52C","","1","0","2","2","False","False","Read","ID-5A244C4A0262","ID-5A244C4A0262","Share","",""
"ID-EA16A344F206","ID-73E9222F26A9","group","ID-D771D232F065","","1","0","2","2","False","False","Read","ID-4A7AED37E91B","ID-4A7AED37E91B","Share","",""
"ID-ECDCB8BF6299","ID-9E93BCC66699","group","ID-998681A853C0","","1","0","2","2","False","False","Read","ID-81A8E3F35DCF","ID-81A8E3F35DCF","Share","",""
"ID-59EB8BDEA83B","ID-D1D6D15CDAE3","group","ID-C41C9D6DB5CA","","1","0","2","2","False","False","Read","ID-6FCF861C020E","ID-6FCF861C020E","Share","",""
"ID-A79E26E4234A","ID-076A274E6B2B","group","ID-24AA87C5CF70","","1","0","2","2","False","False","Read","ID-D518C6DAD2FB","ID-D518C6DAD2FB","Share","",""
"ID-A57A85C53EFE","ID-9A3B1F390217","group","ID-241843E78BF1","","1","0","2","2","False","False","Read","ID-85E6C786406A","ID-85E6C786406A","Share","",""
"ID-55ACC5889E64","ID-0DA09A5EE2FB","group","ID-7FDF88482901","","1","0","2","2","False","False","Read","ID-646851050243","ID-646851050243","Share","",""
"ID-BC18E4A561FF","ID-CFDACDAD38A6","group","ID-4D1FB32438CE","","1","0","2","2","False","False","Read","ID-D4017D73349E","ID-D4017D73349E","Share","",""
"ID-2D220F8BD5CE","ID-A1DF0F7219E5","group","ID-C9B4454A1514","","1","0","2","2","False","False","Read","ID-008A270D9B49","ID-008A270D9B49","Share","",""
"ID-E0A1E1277A91","ID-BF861F0C580E","group","ID-6BD5AE4DC703","","1","0","2","2","False","False","Read","ID-304091463464","ID-304091463464","Share","",""
"ID-E7A2658E68C6","ID-D27EFABD552E","group","ID-C8DE0ADECDA2","","1","0","2","2","False","False","Read","ID-CD2894ECDF5C","ID-CD2894ECDF5C","Share","",""
"ID-7C2DD7533472","ID-D0995EE7A566","group","ID-0A291650CECB","","1","0","2","2","False","False","Read","ID-09259615AE2A","ID-09259615AE2A","Share","",""
"ID-5B7FE7B1D72A","ID-953C4BB13B15","group","ID-B7D80E0D0B40","","1","0","2","2","False","False","Read","ID-556B4AD216AC","ID-556B4AD216AC","Share","",""
"ID-42263DF3ED77","ID-B0C77E5963CD","group","ID-DD6BCD00EC84","","1","0","2","2","False","False","Read","ID-AF1E9FCD1E34","ID-AF1E9FCD1E34","Share","",""
"ID-4A4D1268C6E3","ID-E8123CD7EB0C","group","ID-372992228588","","1","0","2","2","False","False","Read","ID-61CB28842742","ID-61CB28842742","Share","",""
"ID-4B58A0AA8565","ID-27FF30334BD4","group","ID-D053791C28AE","","1","0","2","2","False","False","Read","ID-CFBAB562B5AB","ID-CFBAB562B5AB","Share","",""
"ID-28C60167663B","ID-F8D1870117FF","group","ID-9BF3CEE43B45","","1","0","2","2","False","False","Read","ID-CC8E5D2332FE","ID-CC8E5D2332FE","Share","",""
"ID-9D0F26DA122D","ID-849428148A01","group","ID-58F9FCC44F15","","1","0","2","2","False","False","Read","ID-12DEC05ED490","ID-12DEC05ED490","Share","",""
"ID-F8A3573E46B2","ID-E00E7E35BEF3","group","ID-253BB545A772","","1","0","2","2","False","False","Read","ID-894FE1FCA83C","ID-894FE1FCA83C","Share","",""
"ID-AD3D9236BED9","ID-C461B92A1EB8","group","ID-396C374A8444","","1","0","2","2","False","False","Read","ID-1F5631C1EF8A","ID-1F5631C1EF8A","Share","",""
"ID-B2578D659E3E","ID-86253E7AAAE9","group","ID-497460B9462B","","1","0","2","2","False","False","Read","ID-323BF305BAAB","ID-323BF305BAAB","Share","",""
"ID-6903A580E3FB","ID-74E2E5421D6D","group","ID-88D16F600DD9","","1","0","2","2","False","False","Read","ID-0C3918E0B8AC","ID-0C3918E0B8AC","Share","",""
"ID-0B7C00C45993","ID-3B7908522264","group","ID-C04B6421B834","","1","0","2","2","False","False","Read","ID-FE1D0714360D","ID-FE1D0714360D","Share","",""
"ID-8A2597AC3E68","ID-7F6088609BAE","group","ID-06AB04CD0DD8","","1","0","2","2","False","False","Read","ID-29785CABB643","ID-29785CABB643","Share","",""
"ID-F93D7EDB2C52","ID-B7C5129BB6E1","group","ID-EFBB8E1037C8","","1","0","2","2","False","False","Read","ID-1243C97FC971","ID-1243C97FC971","Share","",""
"ID-2BE8F1A351FB","ID-C2AD13A529D6","group","ID-58AD8DA01855","","1","0","2","2","False","False","Read","ID-AA3FDC18671A","ID-AA3FDC18671A","Share","",""
"ID-06BAA2716586","ID-74C09BF93243","group","ID-F4C81B5661C8","","1","0","2","2","False","False","Read","ID-F6963066D78F","ID-F6963066D78F","Share","",""
"ID-73F82FB714EF","ID-C36B067D6213","group","ID-9BBD788F560C","","1","0","2","2","False","False","Read","ID-EAEEF1B278CE","ID-EAEEF1B278CE","Share","",""
"ID-7463F73D90CD","ID-303D5BB64F33","group","ID-665601355219","","1","0","2","2","False","False","Read","ID-334FC7A767C5","ID-334FC7A767C5","Share","",""
"ID-BA7A6F394E69","ID-2FA7B41FE1E5","group","ID-1D68C7724036","","1","0","2","2","False","False","Read","ID-2B6F1B4CFD82","ID-2B6F1B4CFD82","Share","",""
"ID-289F36C17C0A","ID-B9B22B40F4BF","group","ID-D1A7D5B5222E","","1","0","2","2","False","False","Read","ID-3F7EDF9B2489","ID-3F7EDF9B2489","Share","",""
"ID-88979978DD2E","ID-EE17830BEA21","group","ID-D3E98687F979","","1","0","2","2","False","False","Read","ID-C536903084F0","ID-C536903084F0","Share","",""
"ID-F2EC44F947FC","ID-12E88C3B3483","group","ID-9BA0BA8FA9A1","","1","0","2","2","False","False","Read","ID-103E50907601","ID-103E50907601","Share","",""
"ID-894C9F67F050","ID-F5C0A67FCF5B","group","ID-82A88DB8EAA6","","1","0","2","2","False","False","Read","ID-CAD72EF8281E","ID-CAD72EF8281E","Share","",""
"ID-C1E44DED359C","ID-EDC7638B719E","group","ID-72C513CFCD67","","1","0","2","2","False","False","Read","ID-7ED9A059B482","ID-7ED9A059B482","Share","",""
"ID-2766609D275C","ID-D5C9F5EAE181","group","ID-0E1E710A25D6","","1","0","2","2","False","False","Read","ID-3C0E724E4B5E","ID-3C0E724E4B5E","Share","",""
"ID-8119436AEB7C","ID-A0BAE0C68197","group","ID-B5CCB3C7417F","","1","0","2","2","False","False","Read","ID-1DD38ABAF5AE","ID-1DD38ABAF5AE","Share","",""
"ID-9945FD24B72F","ID-D0C1355CAE4A","group","ID-B64230EC80AD","","1","0","2","2","False","False","Read","ID-DA57678CBF35","ID-DA57678CBF35","Share","",""
"ID-020D6A061AFB","ID-96A65F062EBB","group","ID-13D5F34F6B69","","1","0","2","2","False","False","Read","ID-F61832436AFF","ID-F61832436AFF","Share","",""
"ID-8CEE887DEC05","ID-EEF5DECECBC0","group","ID-ECC0B5096E19","","1","0","2","2","False","False","Read","ID-00D8762B40E2","ID-00D8762B40E2","Share","",""
"ID-127E9E8C9B42","ID-3849A1B13F2C","group","ID-DFC25FF65CE3","","1","0","2","2","False","False","Read","ID-4EA5619AC866","ID-4EA5619AC866","Share","",""
"ID-893C0660C3DA","ID-B8F74D56299D","group","ID-90A0ECBD55D0","","1","0","2","2","False","False","Read","ID-503C0C6E425A","ID-503C0C6E425A","Share","",""
"ID-D6ADE0087BE6","ID-2341A86D5429","group","ID-C65B2633E64A","","1","0","2","2","False","False","Read","ID-A257110B3D52","ID-A257110B3D52","Share","",""
"ID-A27D2FB42C95","ID-A138EA8AB0CF","group","ID-D4A722A9718E","","1","0","2","2","False","False","Read","ID-9B343EC131FC","ID-9B343EC131FC","Share","",""
"ID-8CDA2C631D9A","ID-255229F268F3","group","ID-9071DA882B23","","1","0","2","2","False","False","Read","ID-436778ADA85F","ID-436778ADA85F","Share","",""
"ID-7888F62471F1","ID-5183FBF34EFD","group","ID-F66EC8E6BBE7","","1","0","2","2","False","False","Read","ID-BD756E4CFECC","ID-BD756E4CFECC","Share","",""
"ID-8C38431735A9","ID-EF200C482A73","group","ID-532E61F06D3C","","1","0","2","2","False","False","Read","ID-72B9DDC68E7B","ID-72B9DDC68E7B","Share","",""
"ID-A29704B5E741","ID-D5356D47731E","group","ID-3315D24350DD","","1","0","2","2","False","False","Read","ID-1737F2AE73FC","ID-1737F2AE73FC","Share","",""
"ID-17465A11E755","ID-DB2350101EC5","group","ID-B94A7A0436B7","","1","0","2","2","False","False","Read","ID-E74925A07AB8","ID-E74925A07AB8","Share","",""
"ID-EE30643BC6C0","ID-E639940442A6","group","ID-A6E7F776FCBC","","1","0","2","2","False","False","Read","ID-9B13B53652B1","ID-9B13B53652B1","Share","",""
"ID-A6A58948B8B3","ID-686055EB6A32","group","ID-E4FCE3F8F3E7","","1","0","2","2","False","False","Read","ID-451E8C086E55","ID-451E8C086E55","Share","",""
"ID-FFA00379894D","ID-58EAB01AA410","group","ID-7F5632159E73","","1","0","2","2","False","False","Read","ID-FD4051FA868A","ID-FD4051FA868A","Share","",""
"ID-CA1CE3DCFCF2","ID-BE7B57439728","group","ID-FC51FD27F1F2","","1","0","2","2","False","False","Read","ID-0D49B0CC6BBA","ID-0D49B0CC6BBA","Share","",""
"ID-45D75B76B367","ID-2A2FA1CE1152","group","ID-3FEBD7497523","","1","0","2","2","False","False","Read","ID-050C505D4F00","ID-050C505D4F00","Share","",""
"ID-1E6A89914256","ID-0894FC13A7CA","group","ID-F081074E7667","","1","0","2","2","False","False","Read","ID-6D409413B809","ID-6D409413B809","Share","",""
"ID-8D00BEE99F42","ID-DD96F50D1BA2","group","ID-6191745209F0","","1","0","2","2","False","False","Read","ID-ECDD7A61A56A","ID-ECDD7A61A56A","Share","",""
"ID-5ACAFA314F7B","ID-2830952F15E3","group","ID-7AD06B7ED909","","1","0","2","2","False","False","Read","ID-FFBBBF4AF26F","ID-FFBBBF4AF26F","Share","",""
"ID-278657A8AAEF","ID-28736A40C4CE","group","ID-83BFD6A19A67","","1","0","2","2","False","False","Read","ID-DE15F57BBAFB","ID-DE15F57BBAFB","Share","",""
"ID-6900900AD202","ID-AC5CD40C3386","group","ID-A3114E03326C","","1","0","2","2","False","False","Read","ID-65D9E22E1A78","ID-65D9E22E1A78","Share","",""
"ID-43E05ACB1EF5","ID-505072D046C8","group","ID-48E9F117945E","","1","0","2","2","False","False","Read","ID-CFCFD7E160B6","ID-CFCFD7E160B6","Share","",""
"ID-AB5033EF5948","ID-F557AF350756","group","ID-A05EA15F3999","","1","0","2","2","False","False","Read","ID-0C6AB53EC604","ID-0C6AB53EC604","Share","",""
"ID-DD05BD1BCFD0","ID-E239BA15F21A","group","ID-0E42815418E6","","1","0","2","2","False","False","Read","ID-4E68E53BE9AF","ID-4E68E53BE9AF","Share","",""
"ID-FBE0933DD8E3","ID-D15315A4A9C3","group","ID-702E46526399","","1","0","2","2","False","False","Read","ID-18EB141BA849","ID-18EB141BA849","Share","",""
"ID-B307DFE128A5","ID-530074821455","group","ID-B21EF675BD1B","","1","0","2","2","False","False","Read","ID-71D1CCD92E75","ID-71D1CCD92E75","Share","",""
"ID-29BFDA3476DA","ID-EC628A34687D","group","ID-3E958B6CDE88","","1","0","2","2","False","False","Read","ID-AA28AA5D2816","ID-AA28AA5D2816","Share","",""
"ID-521EC34A6734","ID-2D888703A8C9","group","ID-DB4287F62658","","1","0","2","2","False","False","Read","ID-5EE28189F89A","ID-5EE28189F89A","Share","",""
"ID-22A8BBDA4D7A","ID-896C2FA1640A","group","ID-E48C5521541E","","1","0","2","2","False","False","Read","ID-9C00397A8ECF","ID-9C00397A8ECF","Share","",""
"ID-CA7E657D7448","ID-FF978D075ACF","group","ID-20F3691BB39A","","1","0","2","2","False","False","Read","ID-51DE783EFB12","ID-51DE783EFB12","Share","",""
"ID-8D1A26E59B38","ID-2B7B0FE7258C","group","ID-05FA58297F6A","","1","0","2","2","False","False","Read","ID-96DB2C635531","ID-96DB2C635531","Share","",""
"ID-057D984D0EAE","ID-B64379E5CDF5","group","ID-79116439B25B","","1","4","2","2","False","False","Modify, Synchronize; Read","ID-427FE57F8BEB","ID-427FE57F8BEB","NTFS; Share","ID-B8CD3400CED8","ID-B8CD3400CED8"
"ID-7D56D2ECB22D","ID-3D51BF38401F","group","ID-75695D440A81","","1","5","2","1","False","False","Full; Modify, Synchronize; Read, Synchronize","ID-B5DE5B676C97","ID-B5DE5B676C97","NTFS; Share","ID-CC1ACC6C3447","ID-CC1ACC6C3447"
