"RelatedAreaId","RelatedDataArea","BusinessUnit","Owner","Pattern","Source","RiskLevel","MigrationReadiness","MatchingShares","MatchingItems","Directories","Files","FindingCount","ConflictCount","ReviewItemCount","PartialShareCount","DirectIdentityCount","DirectGroupCount","ExpandedMemberCount","RelatedBecause","SuggestedNextAction"
"related-area-0166","ID-0737160CDA6B","ID-57D2DAACE60A","ID-2ECFB50A6780","ID-AB937E029F59","LabPlan","High","Blocked by scan gaps","1","25","16","9","5","137","142","1","6","4","9","same owner mapping; same business unit; matching path pattern; shared permission group; shared review risk; partial collection gap","Review collection errors and rerun the scan before final migration planning."
"related-area-0249","ID-4086E565FBA5","ID-23B57BD664B9","ID-4183848330D5","ID-B9AB3C844B27","LabPlan","High","Blocked by scan gaps","1","20","10","10","7","96","103","1","6","4","10","same owner mapping; same business unit; matching path pattern; shared permission group; shared review risk; partial collection gap","Review collection errors and rerun the scan before final migration planning."
"related-area-0001","ID-C08E74EE2C43","ID-E2673D1A42EE","ID-E2935BE59904","ID-8D64C5185490","LabPlan","High","Review","1","12","3","9","0","45","45","0","5","3","8","same owner mapping; same business unit; matching path pattern; shared permission group; shared review risk","Confirm ownership, review access groups, and clean up findings or conflicts before migration."
"related-area-0167","ID-0737160CDA6B","ID-57D2DAACE60A","ID-2ECFB50A6780","ID-73A2840F241B","LabPlan","High","Review","1","23","14","9","1","130","131","0","6","4","9","same owner mapping; same business unit; matching path pattern; shared permission group; shared review risk","Confirm ownership, review access groups, and clean up findings or conflicts before migration."
"related-area-0165","ID-0737160CDA6B","ID-57D2DAACE60A","ID-2ECFB50A6780","ID-7F1EE1A03465","LabPlan","High","Review","1","23","14","9","1","130","131","0","6","4","9","same owner mapping; same business unit; matching path pattern; shared permission group; shared review risk","Confirm ownership, review access groups, and clean up findings or conflicts before migration."
"related-area-0168","ID-0737160CDA6B","ID-57D2DAACE60A","ID-2ECFB50A6780","ID-AF1D5F7B60EE","LabPlan","High","Review","1","23","14","9","1","130","131","0","6","4","9","same owner mapping; same business unit; matching path pattern; shared permission group; shared review risk","Confirm ownership, review access groups, and clean up findings or conflicts before migration."
"related-area-0171","ID-0737160CDA6B","ID-57D2DAACE60A","ID-2ECFB50A6780","ID-0FE2ECA1A8F2","LabPlan","High","Review","1","23","14","9","1","130","131","0","6","4","9","same owner mapping; same business unit; matching path pattern; shared permission group; shared review risk","Confirm ownership, review access groups, and clean up findings or conflicts before migration."
"related-area-0170","ID-0737160CDA6B","ID-57D2DAACE60A","ID-2ECFB50A6780","ID-211207D8D1C6","LabPlan","High","Review","1","23","14","9","1","130","131","0","6","4","9","same owner mapping; same business unit; matching path pattern; shared permission group; shared review risk","Confirm ownership, review access groups, and clean up findings or conflicts before migration."
"related-area-0169","ID-0737160CDA6B","ID-57D2DAACE60A","ID-2ECFB50A6780","ID-8BB9C53FA72B","LabPlan","High","Review","1","23","14","9","1","130","131","0","6","4","9","same owner mapping; same business unit; matching path pattern; shared permission group; shared review risk","Confirm ownership, review access groups, and clean up findings or conflicts before migration."
"related-area-0164","ID-0737160CDA6B","ID-57D2DAACE60A","ID-2ECFB50A6780","ID-669E3C79752E","LabPlan","High","Review","1","23","14","9","1","130","131","0","6","4","9","same owner mapping; same business unit; matching path pattern; shared permission group; shared review risk","Confirm ownership, review access groups, and clean up findings or conflicts before migration."
"related-area-0159","ID-0737160CDA6B","ID-57D2DAACE60A","ID-2ECFB50A6780","ID-13A7100FF7BA","LabPlan","High","Review","1","23","14","9","1","130","131","0","6","4","9","same owner mapping; same business unit; matching path pattern; shared permission group; shared review risk","Confirm ownership, review access groups, and clean up findings or conflicts before migration."
"related-area-0158","ID-0737160CDA6B","ID-57D2DAACE60A","ID-2ECFB50A6780","ID-52AE318FE7FA","LabPlan","High","Review","1","23","14","9","1","130","131","0","6","4","9","same owner mapping; same business unit; matching path pattern; shared permission group; shared review risk","Confirm ownership, review access groups, and clean up findings or conflicts before migration."
"related-area-0157","ID-0737160CDA6B","ID-57D2DAACE60A","ID-2ECFB50A6780","ID-06BB528FEE57","LabPlan","High","Review","1","23","14","9","1","130","131","0","6","4","9","same owner mapping; same business unit; matching path pattern; shared permission group; shared review risk","Confirm ownership, review access groups, and clean up findings or conflicts before migration."
"related-area-0160","ID-0737160CDA6B","ID-57D2DAACE60A","ID-2ECFB50A6780","ID-891B13B4718C","LabPlan","High","Review","1","23","14","9","1","130","131","0","6","4","9","same owner mapping; same business unit; matching path pattern; shared permission group; shared review risk","Confirm ownership, review access groups, and clean up findings or conflicts before migration."
"related-area-0163","ID-0737160CDA6B","ID-57D2DAACE60A","ID-2ECFB50A6780","ID-7AF45FE99499","LabPlan","High","Review","1","23","14","9","1","130","131","0","6","4","9","same owner mapping; same business unit; matching path pattern; shared permission group; shared review risk","Confirm ownership, review access groups, and clean up findings or conflicts before migration."
"related-area-0162","ID-0737160CDA6B","ID-57D2DAACE60A","ID-2ECFB50A6780","ID-B26A046E86F8","LabPlan","High","Review","1","23","14","9","1","130","131","0","6","4","9","same owner mapping; same business unit; matching path pattern; shared permission group; shared review risk","Confirm ownership, review access groups, and clean up findings or conflicts before migration."
"related-area-0161","ID-0737160CDA6B","ID-57D2DAACE60A","ID-2ECFB50A6780","ID-CD25BDA6C4E3","LabPlan","High","Review","1","23","14","9","1","130","131","0","6","4","9","same owner mapping; same business unit; matching path pattern; shared permission group; shared review risk","Confirm ownership, review access groups, and clean up findings or conflicts before migration."
"related-area-0182","ID-0737160CDA6B","ID-57D2DAACE60A","ID-2ECFB50A6780","ID-36D85CF8F185","LabPlan","High","Review","1","23","14","9","1","130","131","0","6","4","9","same owner mapping; same business unit; matching path pattern; shared permission group; shared review risk","Confirm ownership, review access groups, and clean up findings or conflicts before migration."
"related-area-0181","ID-0737160CDA6B","ID-57D2DAACE60A","ID-2ECFB50A6780","ID-A8F5D0C260E5","LabPlan","High","Review","1","23","14","9","1","130","131","0","6","4","9","same owner mapping; same business unit; matching path pattern; shared permission group; shared review risk","Confirm ownership, review access groups, and clean up findings or conflicts before migration."
"related-area-0180","ID-0737160CDA6B","ID-57D2DAACE60A","ID-2ECFB50A6780","ID-3A08A921E381","LabPlan","High","Review","1","23","14","9","1","130","131","0","6","4","9","same owner mapping; same business unit; matching path pattern; shared permission group; shared review risk","Confirm ownership, review access groups, and clean up findings or conflicts before migration."
"related-area-0183","ID-0737160CDA6B","ID-57D2DAACE60A","ID-2ECFB50A6780","ID-074E0522886F","LabPlan","High","Review","1","23","14","9","1","130","131","0","6","4","9","same owner mapping; same business unit; matching path pattern; shared permission group; shared review risk","Confirm ownership, review access groups, and clean up findings or conflicts before migration."
"related-area-0186","ID-0737160CDA6B","ID-57D2DAACE60A","ID-2ECFB50A6780","ID-EF834E20024F","LabPlan","High","Review","1","23","14","9","1","130","131","0","6","4","9","same owner mapping; same business unit; matching path pattern; shared permission group; shared review risk","Confirm ownership, review access groups, and clean up findings or conflicts before migration."
"related-area-0185","ID-0737160CDA6B","ID-57D2DAACE60A","ID-2ECFB50A6780","ID-30D8A622AFAB","LabPlan","High","Review","1","23","14","9","1","130","131","0","6","4","9","same owner mapping; same business unit; matching path pattern; shared permission group; shared review risk","Confirm ownership, review access groups, and clean up findings or conflicts before migration."
"related-area-0184","ID-0737160CDA6B","ID-57D2DAACE60A","ID-2ECFB50A6780","ID-A2890C142CFF","LabPlan","High","Review","1","23","14","9","1","130","131","0","6","4","9","same owner mapping; same business unit; matching path pattern; shared permission group; shared review risk","Confirm ownership, review access groups, and clean up findings or conflicts before migration."
"related-area-0179","ID-0737160CDA6B","ID-57D2DAACE60A","ID-2ECFB50A6780","ID-15E186F43BF3","LabPlan","High","Review","1","23","14","9","1","130","131","0","6","4","9","same owner mapping; same business unit; matching path pattern; shared permission group; shared review risk","Confirm ownership, review access groups, and clean up findings or conflicts before migration."
"related-area-0174","ID-0737160CDA6B","ID-57D2DAACE60A","ID-2ECFB50A6780","ID-0F3316CE9684","LabPlan","High","Review","1","23","14","9","1","130","131","0","6","4","9","same owner mapping; same business unit; matching path pattern; shared permission group; shared review risk","Confirm ownership, review access groups, and clean up findings or conflicts before migration."
"related-area-0173","ID-0737160CDA6B","ID-57D2DAACE60A","ID-2ECFB50A6780","ID-C542E55F7A86","LabPlan","High","Review","1","23","14","9","1","130","131","0","6","4","9","same owner mapping; same business unit; matching path pattern; shared permission group; shared review risk","Confirm ownership, review access groups, and clean up findings or conflicts before migration."
"related-area-0172","ID-0737160CDA6B","ID-57D2DAACE60A","ID-2ECFB50A6780","ID-52154580E150","LabPlan","High","Review","1","23","14","9","1","130","131","0","6","4","9","same owner mapping; same business unit; matching path pattern; shared permission group; shared review risk","Confirm ownership, review access groups, and clean up findings or conflicts before migration."
"related-area-0175","ID-0737160CDA6B","ID-57D2DAACE60A","ID-2ECFB50A6780","ID-0A8613BFA442","LabPlan","High","Review","1","23","14","9","1","130","131","0","6","4","9","same owner mapping; same business unit; matching path pattern; shared permission group; shared review risk","Confirm ownership, review access groups, and clean up findings or conflicts before migration."
"related-area-0178","ID-0737160CDA6B","ID-57D2DAACE60A","ID-2ECFB50A6780","ID-7D9539E118CC","LabPlan","High","Review","1","23","14","9","1","130","131","0","6","4","9","same owner mapping; same business unit; matching path pattern; shared permission group; shared review risk","Confirm ownership, review access groups, and clean up findings or conflicts before migration."
"related-area-0177","ID-0737160CDA6B","ID-57D2DAACE60A","ID-2ECFB50A6780","ID-A8EF38C0DF77","LabPlan","High","Review","1","23","14","9","1","130","131","0","6","4","9","same owner mapping; same business unit; matching path pattern; shared permission group; shared review risk","Confirm ownership, review access groups, and clean up findings or conflicts before migration."
"related-area-0176","ID-0737160CDA6B","ID-57D2DAACE60A","ID-2ECFB50A6780","ID-234FDB379C2F","LabPlan","High","Review","1","23","14","9","1","130","131","0","6","4","9","same owner mapping; same business unit; matching path pattern; shared permission group; shared review risk","Confirm ownership, review access groups, and clean up findings or conflicts before migration."
"related-area-0156","ID-0737160CDA6B","ID-57D2DAACE60A","ID-2ECFB50A6780","ID-EE03175DFB52","LabPlan","High","Review","1","23","14","9","1","130","131","0","6","4","9","same owner mapping; same business unit; matching path pattern; shared permission group; shared review risk","Confirm ownership, review access groups, and clean up findings or conflicts before migration."
"related-area-0136","ID-0737160CDA6B","ID-57D2DAACE60A","ID-2ECFB50A6780","ID-CEF3B995B98C","LabPlan","High","Review","1","23","14","9","1","130","131","0","6","4","9","same owner mapping; same business unit; matching path pattern; shared permission group; shared review risk","Confirm ownership, review access groups, and clean up findings or conflicts before migration."
"related-area-0135","ID-0737160CDA6B","ID-57D2DAACE60A","ID-2ECFB50A6780","ID-844E72CBF148","LabPlan","High","Review","1","23","14","9","1","130","131","0","6","4","9","same owner mapping; same business unit; matching path pattern; shared permission group; shared review risk","Confirm ownership, review access groups, and clean up findings or conflicts before migration."
"related-area-0134","ID-0737160CDA6B","ID-57D2DAACE60A","ID-2ECFB50A6780","ID-044003713EB4","LabPlan","High","Review","1","23","14","9","1","130","131","0","6","4","9","same owner mapping; same business unit; matching path pattern; shared permission group; shared review risk","Confirm ownership, review access groups, and clean up findings or conflicts before migration."
"related-area-0137","ID-0737160CDA6B","ID-57D2DAACE60A","ID-2ECFB50A6780","ID-109F0F996EB5","LabPlan","High","Review","1","23","14","9","1","130","131","0","6","4","9","same owner mapping; same business unit; matching path pattern; shared permission group; shared review risk","Confirm ownership, review access groups, and clean up findings or conflicts before migration."
"related-area-0140","ID-0737160CDA6B","ID-57D2DAACE60A","ID-2ECFB50A6780","ID-2457BFC3D838","LabPlan","High","Review","1","23","14","9","1","130","131","0","6","4","9","same owner mapping; same business unit; matching path pattern; shared permission group; shared review risk","Confirm ownership, review access groups, and clean up findings or conflicts before migration."
"related-area-0139","ID-0737160CDA6B","ID-57D2DAACE60A","ID-2ECFB50A6780","ID-56E8EBF62E0A","LabPlan","High","Review","1","23","14","9","1","130","131","0","6","4","9","same owner mapping; same business unit; matching path pattern; shared permission group; shared review risk","Confirm ownership, review access groups, and clean up findings or conflicts before migration."
"related-area-0138","ID-0737160CDA6B","ID-57D2DAACE60A","ID-2ECFB50A6780","ID-A2D2DA8BA381","LabPlan","High","Review","1","23","14","9","1","130","131","0","6","4","9","same owner mapping; same business unit; matching path pattern; shared permission group; shared review risk","Confirm ownership, review access groups, and clean up findings or conflicts before migration."
"related-area-0133","ID-0737160CDA6B","ID-57D2DAACE60A","ID-2ECFB50A6780","ID-34ACB971094A","LabPlan","High","Review","1","23","14","9","1","130","131","0","6","4","9","same owner mapping; same business unit; matching path pattern; shared permission group; shared review risk","Confirm ownership, review access groups, and clean up findings or conflicts before migration."
"related-area-0128","ID-0737160CDA6B","ID-57D2DAACE60A","ID-2ECFB50A6780","ID-AB646D4F83E8","LabPlan","High","Review","1","23","14","9","1","130","131","0","6","4","9","same owner mapping; same business unit; matching path pattern; shared permission group; shared review risk","Confirm ownership, review access groups, and clean up findings or conflicts before migration."
"related-area-0127","ID-0737160CDA6B","ID-57D2DAACE60A","ID-2ECFB50A6780","ID-0F4A211294CB","LabPlan","High","Review","1","23","14","9","1","130","131","0","6","4","9","same owner mapping; same business unit; matching path pattern; shared permission group; shared review risk","Confirm ownership, review access groups, and clean up findings or conflicts before migration."
"related-area-0126","ID-0737160CDA6B","ID-57D2DAACE60A","ID-2ECFB50A6780","ID-14837FAABD93","LabPlan","High","Review","1","23","14","9","1","130","131","0","6","4","9","same owner mapping; same business unit; matching path pattern; shared permission group; shared review risk","Confirm ownership, review access groups, and clean up findings or conflicts before migration."
"related-area-0129","ID-0737160CDA6B","ID-57D2DAACE60A","ID-2ECFB50A6780","ID-A836C99BDC19","LabPlan","High","Review","1","23","14","9","1","130","131","0","6","4","9","same owner mapping; same business unit; matching path pattern; shared permission group; shared review risk","Confirm ownership, review access groups, and clean up findings or conflicts before migration."
"related-area-0132","ID-0737160CDA6B","ID-57D2DAACE60A","ID-2ECFB50A6780","ID-F15D8E7E13BE","LabPlan","High","Review","1","23","14","9","1","130","131","0","6","4","9","same owner mapping; same business unit; matching path pattern; shared permission group; shared review risk","Confirm ownership, review access groups, and clean up findings or conflicts before migration."
"related-area-0131","ID-0737160CDA6B","ID-57D2DAACE60A","ID-2ECFB50A6780","ID-725E5E707C09","LabPlan","High","Review","1","23","14","9","1","130","131","0","6","4","9","same owner mapping; same business unit; matching path pattern; shared permission group; shared review risk","Confirm ownership, review access groups, and clean up findings or conflicts before migration."
"related-area-0130","ID-0737160CDA6B","ID-57D2DAACE60A","ID-2ECFB50A6780","ID-7A3B9702808A","LabPlan","High","Review","1","23","14","9","1","130","131","0","6","4","9","same owner mapping; same business unit; matching path pattern; shared permission group; shared review risk","Confirm ownership, review access groups, and clean up findings or conflicts before migration."
"related-area-0151","ID-0737160CDA6B","ID-57D2DAACE60A","ID-2ECFB50A6780","ID-F9459DEAAA82","LabPlan","High","Review","1","23","14","9","1","130","131","0","6","4","9","same owner mapping; same business unit; matching path pattern; shared permission group; shared review risk","Confirm ownership, review access groups, and clean up findings or conflicts before migration."
"related-area-0150","ID-0737160CDA6B","ID-57D2DAACE60A","ID-2ECFB50A6780","ID-83138115BD13","LabPlan","High","Review","1","23","14","9","1","130","131","0","6","4","9","same owner mapping; same business unit; matching path pattern; shared permission group; shared review risk","Confirm ownership, review access groups, and clean up findings or conflicts before migration."
"related-area-0149","ID-0737160CDA6B","ID-57D2DAACE60A","ID-2ECFB50A6780","ID-6D3309B315B7","LabPlan","High","Review","1","23","14","9","1","130","131","0","6","4","9","same owner mapping; same business unit; matching path pattern; shared permission group; shared review risk","Confirm ownership, review access groups, and clean up findings or conflicts before migration."
"related-area-0152","ID-0737160CDA6B","ID-57D2DAACE60A","ID-2ECFB50A6780","ID-2A1D3B95365F","LabPlan","High","Review","1","23","14","9","1","130","131","0","6","4","9","same owner mapping; same business unit; matching path pattern; shared permission group; shared review risk","Confirm ownership, review access groups, and clean up findings or conflicts before migration."
"related-area-0155","ID-0737160CDA6B","ID-57D2DAACE60A","ID-2ECFB50A6780","ID-1739BD4D13EF","LabPlan","High","Review","1","23","14","9","1","130","131","0","6","4","9","same owner mapping; same business unit; matching path pattern; shared permission group; shared review risk","Confirm ownership, review access groups, and clean up findings or conflicts before migration."
"related-area-0154","ID-0737160CDA6B","ID-57D2DAACE60A","ID-2ECFB50A6780","ID-2E3606505A19","LabPlan","High","Review","1","23","14","9","1","130","131","0","6","4","9","same owner mapping; same business unit; matching path pattern; shared permission group; shared review risk","Confirm ownership, review access groups, and clean up findings or conflicts before migration."
"related-area-0153","ID-0737160CDA6B","ID-57D2DAACE60A","ID-2ECFB50A6780","ID-6688F9128D1F","LabPlan","High","Review","1","23","14","9","1","130","131","0","6","4","9","same owner mapping; same business unit; matching path pattern; shared permission group; shared review risk","Confirm ownership, review access groups, and clean up findings or conflicts before migration."
"related-area-0148","ID-0737160CDA6B","ID-57D2DAACE60A","ID-2ECFB50A6780","ID-CD88A1DA91FC","LabPlan","High","Review","1","23","14","9","1","130","131","0","6","4","9","same owner mapping; same business unit; matching path pattern; shared permission group; shared review risk","Confirm ownership, review access groups, and clean up findings or conflicts before migration."
"related-area-0143","ID-0737160CDA6B","ID-57D2DAACE60A","ID-2ECFB50A6780","ID-663EE45F04F2","LabPlan","High","Review","1","23","14","9","1","130","131","0","6","4","9","same owner mapping; same business unit; matching path pattern; shared permission group; shared review risk","Confirm ownership, review access groups, and clean up findings or conflicts before migration."
"related-area-0142","ID-0737160CDA6B","ID-57D2DAACE60A","ID-2ECFB50A6780","ID-A19A9BC51E30","LabPlan","High","Review","1","23","14","9","1","130","131","0","6","4","9","same owner mapping; same business unit; matching path pattern; shared permission group; shared review risk","Confirm ownership, review access groups, and clean up findings or conflicts before migration."
"related-area-0141","ID-0737160CDA6B","ID-57D2DAACE60A","ID-2ECFB50A6780","ID-0C3CDA806A06","LabPlan","High","Review","1","23","14","9","1","130","131","0","6","4","9","same owner mapping; same business unit; matching path pattern; shared permission group; shared review risk","Confirm ownership, review access groups, and clean up findings or conflicts before migration."
"related-area-0144","ID-0737160CDA6B","ID-57D2DAACE60A","ID-2ECFB50A6780","ID-BC488DEE9B5F","LabPlan","High","Review","1","23","14","9","1","130","131","0","6","4","9","same owner mapping; same business unit; matching path pattern; shared permission group; shared review risk","Confirm ownership, review access groups, and clean up findings or conflicts before migration."
"related-area-0147","ID-0737160CDA6B","ID-57D2DAACE60A","ID-2ECFB50A6780","ID-A2229AEDAC97","LabPlan","High","Review","1","23","14","9","1","130","131","0","6","4","9","same owner mapping; same business unit; matching path pattern; shared permission group; shared review risk","Confirm ownership, review access groups, and clean up findings or conflicts before migration."
"related-area-0146","ID-0737160CDA6B","ID-57D2DAACE60A","ID-2ECFB50A6780","ID-C9D7B03F5EEA","LabPlan","High","Review","1","23","14","9","1","130","131","0","6","4","9","same owner mapping; same business unit; matching path pattern; shared permission group; shared review risk","Confirm ownership, review access groups, and clean up findings or conflicts before migration."
"related-area-0145","ID-0737160CDA6B","ID-57D2DAACE60A","ID-2ECFB50A6780","ID-C7ACA686E4D0","LabPlan","High","Review","1","23","14","9","1","130","131","0","6","4","9","same owner mapping; same business unit; matching path pattern; shared permission group; shared review risk","Confirm ownership, review access groups, and clean up findings or conflicts before migration."
"related-area-0187","ID-0737160CDA6B","ID-57D2DAACE60A","ID-2ECFB50A6780","ID-F8C667DE7248","LabPlan","High","Review","1","23","14","9","1","130","131","0","6","4","9","same owner mapping; same business unit; matching path pattern; shared permission group; shared review risk","Confirm ownership, review access groups, and clean up findings or conflicts before migration."
"related-area-0229","ID-0737160CDA6B","ID-57D2DAACE60A","ID-2ECFB50A6780","ID-144C070184D5","LabPlan","High","Review","1","23","14","9","1","130","131","0","6","4","9","same owner mapping; same business unit; matching path pattern; shared permission group; shared review risk","Confirm ownership, review access groups, and clean up findings or conflicts before migration."
"related-area-0228","ID-0737160CDA6B","ID-57D2DAACE60A","ID-2ECFB50A6780","ID-E81A6E256AE6","LabPlan","High","Review","1","23","14","9","1","130","131","0","6","4","9","same owner mapping; same business unit; matching path pattern; shared permission group; shared review risk","Confirm ownership, review access groups, and clean up findings or conflicts before migration."
"related-area-0227","ID-0737160CDA6B","ID-57D2DAACE60A","ID-2ECFB50A6780","ID-C8B28DFD34BD","LabPlan","High","Review","1","23","14","9","1","130","131","0","6","4","9","same owner mapping; same business unit; matching path pattern; shared permission group; shared review risk","Confirm ownership, review access groups, and clean up findings or conflicts before migration."
"related-area-0230","ID-0737160CDA6B","ID-57D2DAACE60A","ID-2ECFB50A6780","ID-5ED59A408323","LabPlan","High","Review","1","23","14","9","1","130","131","0","6","4","9","same owner mapping; same business unit; matching path pattern; shared permission group; shared review risk","Confirm ownership, review access groups, and clean up findings or conflicts before migration."
"related-area-0233","ID-0737160CDA6B","ID-57D2DAACE60A","ID-2ECFB50A6780","ID-76452C86846F","LabPlan","High","Review","1","23","14","9","1","130","131","0","6","4","9","same owner mapping; same business unit; matching path pattern; shared permission group; shared review risk","Confirm ownership, review access groups, and clean up findings or conflicts before migration."
"related-area-0232","ID-0737160CDA6B","ID-57D2DAACE60A","ID-2ECFB50A6780","ID-4D371D14AB94","LabPlan","High","Review","1","23","14","9","1","130","131","0","6","4","9","same owner mapping; same business unit; matching path pattern; shared permission group; shared review risk","Confirm ownership, review access groups, and clean up findings or conflicts before migration."
"related-area-0231","ID-0737160CDA6B","ID-57D2DAACE60A","ID-2ECFB50A6780","ID-BA4E6D588C50","LabPlan","High","Review","1","23","14","9","1","130","131","0","6","4","9","same owner mapping; same business unit; matching path pattern; shared permission group; shared review risk","Confirm ownership, review access groups, and clean up findings or conflicts before migration."
"related-area-0226","ID-0737160CDA6B","ID-57D2DAACE60A","ID-2ECFB50A6780","ID-3850C3DCC2BC","LabPlan","High","Review","1","23","14","9","1","130","131","0","6","4","9","same owner mapping; same business unit; matching path pattern; shared permission group; shared review risk","Confirm ownership, review access groups, and clean up findings or conflicts before migration."
"related-area-0221","ID-0737160CDA6B","ID-57D2DAACE60A","ID-2ECFB50A6780","ID-CC94D6AA6071","LabPlan","High","Review","1","23","14","9","1","130","131","0","6","4","9","same owner mapping; same business unit; matching path pattern; shared permission group; shared review risk","Confirm ownership, review access groups, and clean up findings or conflicts before migration."
"related-area-0220","ID-0737160CDA6B","ID-57D2DAACE60A","ID-2ECFB50A6780","ID-632D587866D2","LabPlan","High","Review","1","23","14","9","1","130","131","0","6","4","9","same owner mapping; same business unit; matching path pattern; shared permission group; shared review risk","Confirm ownership, review access groups, and clean up findings or conflicts before migration."
"related-area-0219","ID-0737160CDA6B","ID-57D2DAACE60A","ID-2ECFB50A6780","ID-D3F62126E637","LabPlan","High","Review","1","23","14","9","1","130","131","0","6","4","9","same owner mapping; same business unit; matching path pattern; shared permission group; shared review risk","Confirm ownership, review access groups, and clean up findings or conflicts before migration."
"related-area-0222","ID-0737160CDA6B","ID-57D2DAACE60A","ID-2ECFB50A6780","ID-73CB16EADF22","LabPlan","High","Review","1","23","14","9","1","130","131","0","6","4","9","same owner mapping; same business unit; matching path pattern; shared permission group; shared review risk","Confirm ownership, review access groups, and clean up findings or conflicts before migration."
"related-area-0225","ID-0737160CDA6B","ID-57D2DAACE60A","ID-2ECFB50A6780","ID-AFD7E94D7785","LabPlan","High","Review","1","23","14","9","1","130","131","0","6","4","9","same owner mapping; same business unit; matching path pattern; shared permission group; shared review risk","Confirm ownership, review access groups, and clean up findings or conflicts before migration."
"related-area-0224","ID-0737160CDA6B","ID-57D2DAACE60A","ID-2ECFB50A6780","ID-86D4A7A7657E","LabPlan","High","Review","1","23","14","9","1","130","131","0","6","4","9","same owner mapping; same business unit; matching path pattern; shared permission group; shared review risk","Confirm ownership, review access groups, and clean up findings or conflicts before migration."
"related-area-0223","ID-0737160CDA6B","ID-57D2DAACE60A","ID-2ECFB50A6780","ID-7C9D1769D3C4","LabPlan","High","Review","1","23","14","9","1","130","131","0","6","4","9","same owner mapping; same business unit; matching path pattern; shared permission group; shared review risk","Confirm ownership, review access groups, and clean up findings or conflicts before migration."
"related-area-0244","ID-0737160CDA6B","ID-57D2DAACE60A","ID-2ECFB50A6780","ID-32DF28FED73E","LabPlan","High","Review","1","23","14","9","1","130","131","0","6","4","9","same owner mapping; same business unit; matching path pattern; shared permission group; shared review risk","Confirm ownership, review access groups, and clean up findings or conflicts before migration."
"related-area-0243","ID-0737160CDA6B","ID-57D2DAACE60A","ID-2ECFB50A6780","ID-5DBFAF2086BE","LabPlan","High","Review","1","23","14","9","1","130","131","0","6","4","9","same owner mapping; same business unit; matching path pattern; shared permission group; shared review risk","Confirm ownership, review access groups, and clean up findings or conflicts before migration."
"related-area-0242","ID-0737160CDA6B","ID-57D2DAACE60A","ID-2ECFB50A6780","ID-B57A871EE2FE","LabPlan","High","Review","1","23","14","9","1","130","131","0","6","4","9","same owner mapping; same business unit; matching path pattern; shared permission group; shared review risk","Confirm ownership, review access groups, and clean up findings or conflicts before migration."
"related-area-0245","ID-0737160CDA6B","ID-57D2DAACE60A","ID-2ECFB50A6780","ID-C4B54FAA7584","LabPlan","High","Review","1","23","14","9","1","130","131","0","6","4","9","same owner mapping; same business unit; matching path pattern; shared permission group; shared review risk","Confirm ownership, review access groups, and clean up findings or conflicts before migration."
"related-area-0248","ID-0737160CDA6B","ID-57D2DAACE60A","ID-2ECFB50A6780","ID-162CCC58CEA6","LabPlan","High","Review","1","23","14","9","1","130","131","0","6","4","9","same owner mapping; same business unit; matching path pattern; shared permission group; shared review risk","Confirm ownership, review access groups, and clean up findings or conflicts before migration."
"related-area-0247","ID-0737160CDA6B","ID-57D2DAACE60A","ID-2ECFB50A6780","ID-2DE62B2C37E4","LabPlan","High","Review","1","23","14","9","1","130","131","0","6","4","9","same owner mapping; same business unit; matching path pattern; shared permission group; shared review risk","Confirm ownership, review access groups, and clean up findings or conflicts before migration."
"related-area-0246","ID-0737160CDA6B","ID-57D2DAACE60A","ID-2ECFB50A6780","ID-311957C1E4BC","LabPlan","High","Review","1","23","14","9","1","130","131","0","6","4","9","same owner mapping; same business unit; matching path pattern; shared permission group; shared review risk","Confirm ownership, review access groups, and clean up findings or conflicts before migration."
"related-area-0241","ID-0737160CDA6B","ID-57D2DAACE60A","ID-2ECFB50A6780","ID-0597B876145C","LabPlan","High","Review","1","23","14","9","1","130","131","0","6","4","9","same owner mapping; same business unit; matching path pattern; shared permission group; shared review risk","Confirm ownership, review access groups, and clean up findings or conflicts before migration."
"related-area-0236","ID-0737160CDA6B","ID-57D2DAACE60A","ID-2ECFB50A6780","ID-5F9484CF717C","LabPlan","High","Review","1","23","14","9","1","130","131","0","6","4","9","same owner mapping; same business unit; matching path pattern; shared permission group; shared review risk","Confirm ownership, review access groups, and clean up findings or conflicts before migration."
"related-area-0235","ID-0737160CDA6B","ID-57D2DAACE60A","ID-2ECFB50A6780","ID-A2A37FF0A695","LabPlan","High","Review","1","23","14","9","1","130","131","0","6","4","9","same owner mapping; same business unit; matching path pattern; shared permission group; shared review risk","Confirm ownership, review access groups, and clean up findings or conflicts before migration."
"related-area-0234","ID-0737160CDA6B","ID-57D2DAACE60A","ID-2ECFB50A6780","ID-60950A2A2A63","LabPlan","High","Review","1","23","14","9","1","130","131","0","6","4","9","same owner mapping; same business unit; matching path pattern; shared permission group; shared review risk","Confirm ownership, review access groups, and clean up findings or conflicts before migration."
"related-area-0237","ID-0737160CDA6B","ID-57D2DAACE60A","ID-2ECFB50A6780","ID-E680E05151E2","LabPlan","High","Review","1","23","14","9","1","130","131","0","6","4","9","same owner mapping; same business unit; matching path pattern; shared permission group; shared review risk","Confirm ownership, review access groups, and clean up findings or conflicts before migration."
"related-area-0240","ID-0737160CDA6B","ID-57D2DAACE60A","ID-2ECFB50A6780","ID-B1058D7D6485","LabPlan","High","Review","1","23","14","9","1","130","131","0","6","4","9","same owner mapping; same business unit; matching path pattern; shared permission group; shared review risk","Confirm ownership, review access groups, and clean up findings or conflicts before migration."
"related-area-0239","ID-0737160CDA6B","ID-57D2DAACE60A","ID-2ECFB50A6780","ID-70FB31F02A62","LabPlan","High","Review","1","23","14","9","1","130","131","0","6","4","9","same owner mapping; same business unit; matching path pattern; shared permission group; shared review risk","Confirm ownership, review access groups, and clean up findings or conflicts before migration."
"related-area-0238","ID-0737160CDA6B","ID-57D2DAACE60A","ID-2ECFB50A6780","ID-7FECD354DF8D","LabPlan","High","Review","1","23","14","9","1","130","131","0","6","4","9","same owner mapping; same business unit; matching path pattern; shared permission group; shared review risk","Confirm ownership, review access groups, and clean up findings or conflicts before migration."
"related-area-0218","ID-0737160CDA6B","ID-57D2DAACE60A","ID-2ECFB50A6780","ID-8F7FB90CE642","LabPlan","High","Review","1","23","14","9","1","130","131","0","6","4","9","same owner mapping; same business unit; matching path pattern; shared permission group; shared review risk","Confirm ownership, review access groups, and clean up findings or conflicts before migration."
"related-area-0198","ID-0737160CDA6B","ID-57D2DAACE60A","ID-2ECFB50A6780","ID-C63478763BFB","LabPlan","High","Review","1","23","14","9","1","130","131","0","6","4","9","same owner mapping; same business unit; matching path pattern; shared permission group; shared review risk","Confirm ownership, review access groups, and clean up findings or conflicts before migration."
"related-area-0197","ID-0737160CDA6B","ID-57D2DAACE60A","ID-2ECFB50A6780","ID-22FAAF754BE1","LabPlan","High","Review","1","23","14","9","1","130","131","0","6","4","9","same owner mapping; same business unit; matching path pattern; shared permission group; shared review risk","Confirm ownership, review access groups, and clean up findings or conflicts before migration."
"related-area-0196","ID-0737160CDA6B","ID-57D2DAACE60A","ID-2ECFB50A6780","ID-240CD4B18C8C","LabPlan","High","Review","1","23","14","9","1","130","131","0","6","4","9","same owner mapping; same business unit; matching path pattern; shared permission group; shared review risk","Confirm ownership, review access groups, and clean up findings or conflicts before migration."
"related-area-0199","ID-0737160CDA6B","ID-57D2DAACE60A","ID-2ECFB50A6780","ID-B816BB8094FF","LabPlan","High","Review","1","23","14","9","1","130","131","0","6","4","9","same owner mapping; same business unit; matching path pattern; shared permission group; shared review risk","Confirm ownership, review access groups, and clean up findings or conflicts before migration."
"related-area-0202","ID-0737160CDA6B","ID-57D2DAACE60A","ID-2ECFB50A6780","ID-13E78CBB056B","LabPlan","High","Review","1","23","14","9","1","130","131","0","6","4","9","same owner mapping; same business unit; matching path pattern; shared permission group; shared review risk","Confirm ownership, review access groups, and clean up findings or conflicts before migration."
"related-area-0201","ID-0737160CDA6B","ID-57D2DAACE60A","ID-2ECFB50A6780","ID-038891576218","LabPlan","High","Review","1","23","14","9","1","130","131","0","6","4","9","same owner mapping; same business unit; matching path pattern; shared permission group; shared review risk","Confirm ownership, review access groups, and clean up findings or conflicts before migration."
"related-area-0200","ID-0737160CDA6B","ID-57D2DAACE60A","ID-2ECFB50A6780","ID-515DA6FB2111","LabPlan","High","Review","1","23","14","9","1","130","131","0","6","4","9","same owner mapping; same business unit; matching path pattern; shared permission group; shared review risk","Confirm ownership, review access groups, and clean up findings or conflicts before migration."
"related-area-0195","ID-0737160CDA6B","ID-57D2DAACE60A","ID-2ECFB50A6780","ID-9BE5DB8A5366","LabPlan","High","Review","1","23","14","9","1","130","131","0","6","4","9","same owner mapping; same business unit; matching path pattern; shared permission group; shared review risk","Confirm ownership, review access groups, and clean up findings or conflicts before migration."
"related-area-0190","ID-0737160CDA6B","ID-57D2DAACE60A","ID-2ECFB50A6780","ID-4B966CDB7225","LabPlan","High","Review","1","23","14","9","1","130","131","0","6","4","9","same owner mapping; same business unit; matching path pattern; shared permission group; shared review risk","Confirm ownership, review access groups, and clean up findings or conflicts before migration."
"related-area-0189","ID-0737160CDA6B","ID-57D2DAACE60A","ID-2ECFB50A6780","ID-49B65B4EC7B8","LabPlan","High","Review","1","23","14","9","1","130","131","0","6","4","9","same owner mapping; same business unit; matching path pattern; shared permission group; shared review risk","Confirm ownership, review access groups, and clean up findings or conflicts before migration."
"related-area-0188","ID-0737160CDA6B","ID-57D2DAACE60A","ID-2ECFB50A6780","ID-F1E2A12F905A","LabPlan","High","Review","1","23","14","9","1","130","131","0","6","4","9","same owner mapping; same business unit; matching path pattern; shared permission group; shared review risk","Confirm ownership, review access groups, and clean up findings or conflicts before migration."
"related-area-0191","ID-0737160CDA6B","ID-57D2DAACE60A","ID-2ECFB50A6780","ID-DBE65572DB88","LabPlan","High","Review","1","23","14","9","1","130","131","0","6","4","9","same owner mapping; same business unit; matching path pattern; shared permission group; shared review risk","Confirm ownership, review access groups, and clean up findings or conflicts before migration."
"related-area-0194","ID-0737160CDA6B","ID-57D2DAACE60A","ID-2ECFB50A6780","ID-30E4C34DE45E","LabPlan","High","Review","1","23","14","9","1","130","131","0","6","4","9","same owner mapping; same business unit; matching path pattern; shared permission group; shared review risk","Confirm ownership, review access groups, and clean up findings or conflicts before migration."
"related-area-0193","ID-0737160CDA6B","ID-57D2DAACE60A","ID-2ECFB50A6780","ID-506C041A1394","LabPlan","High","Review","1","23","14","9","1","130","131","0","6","4","9","same owner mapping; same business unit; matching path pattern; shared permission group; shared review risk","Confirm ownership, review access groups, and clean up findings or conflicts before migration."
"related-area-0192","ID-0737160CDA6B","ID-57D2DAACE60A","ID-2ECFB50A6780","ID-E7AF536BD777","LabPlan","High","Review","1","23","14","9","1","130","131","0","6","4","9","same owner mapping; same business unit; matching path pattern; shared permission group; shared review risk","Confirm ownership, review access groups, and clean up findings or conflicts before migration."
"related-area-0213","ID-0737160CDA6B","ID-57D2DAACE60A","ID-2ECFB50A6780","ID-1D78CD4F3582","LabPlan","High","Review","1","23","14","9","1","130","131","0","6","4","9","same owner mapping; same business unit; matching path pattern; shared permission group; shared review risk","Confirm ownership, review access groups, and clean up findings or conflicts before migration."
"related-area-0212","ID-0737160CDA6B","ID-57D2DAACE60A","ID-2ECFB50A6780","ID-75EDE897B4DD","LabPlan","High","Review","1","23","14","9","1","130","131","0","6","4","9","same owner mapping; same business unit; matching path pattern; shared permission group; shared review risk","Confirm ownership, review access groups, and clean up findings or conflicts before migration."
"related-area-0211","ID-0737160CDA6B","ID-57D2DAACE60A","ID-2ECFB50A6780","ID-762A6BA45535","LabPlan","High","Review","1","23","14","9","1","130","131","0","6","4","9","same owner mapping; same business unit; matching path pattern; shared permission group; shared review risk","Confirm ownership, review access groups, and clean up findings or conflicts before migration."
"related-area-0214","ID-0737160CDA6B","ID-57D2DAACE60A","ID-2ECFB50A6780","ID-A37C3C672C55","LabPlan","High","Review","1","23","14","9","1","130","131","0","6","4","9","same owner mapping; same business unit; matching path pattern; shared permission group; shared review risk","Confirm ownership, review access groups, and clean up findings or conflicts before migration."
"related-area-0217","ID-0737160CDA6B","ID-57D2DAACE60A","ID-2ECFB50A6780","ID-04D2BE681DC5","LabPlan","High","Review","1","23","14","9","1","130","131","0","6","4","9","same owner mapping; same business unit; matching path pattern; shared permission group; shared review risk","Confirm ownership, review access groups, and clean up findings or conflicts before migration."
"related-area-0216","ID-0737160CDA6B","ID-57D2DAACE60A","ID-2ECFB50A6780","ID-1F48848C6DEF","LabPlan","High","Review","1","23","14","9","1","130","131","0","6","4","9","same owner mapping; same business unit; matching path pattern; shared permission group; shared review risk","Confirm ownership, review access groups, and clean up findings or conflicts before migration."
"related-area-0215","ID-0737160CDA6B","ID-57D2DAACE60A","ID-2ECFB50A6780","ID-04F01C085E77","LabPlan","High","Review","1","23","14","9","1","130","131","0","6","4","9","same owner mapping; same business unit; matching path pattern; shared permission group; shared review risk","Confirm ownership, review access groups, and clean up findings or conflicts before migration."
"related-area-0210","ID-0737160CDA6B","ID-57D2DAACE60A","ID-2ECFB50A6780","ID-CAD7C4452C75","LabPlan","High","Review","1","23","14","9","1","130","131","0","6","4","9","same owner mapping; same business unit; matching path pattern; shared permission group; shared review risk","Confirm ownership, review access groups, and clean up findings or conflicts before migration."
"related-area-0205","ID-0737160CDA6B","ID-57D2DAACE60A","ID-2ECFB50A6780","ID-8CE4C980E4AE","LabPlan","High","Review","1","23","14","9","1","130","131","0","6","4","9","same owner mapping; same business unit; matching path pattern; shared permission group; shared review risk","Confirm ownership, review access groups, and clean up findings or conflicts before migration."
"related-area-0204","ID-0737160CDA6B","ID-57D2DAACE60A","ID-2ECFB50A6780","ID-3CB2D1BB0254","LabPlan","High","Review","1","23","14","9","1","130","131","0","6","4","9","same owner mapping; same business unit; matching path pattern; shared permission group; shared review risk","Confirm ownership, review access groups, and clean up findings or conflicts before migration."
"related-area-0203","ID-0737160CDA6B","ID-57D2DAACE60A","ID-2ECFB50A6780","ID-A9B763B4A712","LabPlan","High","Review","1","23","14","9","1","130","131","0","6","4","9","same owner mapping; same business unit; matching path pattern; shared permission group; shared review risk","Confirm ownership, review access groups, and clean up findings or conflicts before migration."
"related-area-0206","ID-0737160CDA6B","ID-57D2DAACE60A","ID-2ECFB50A6780","ID-852C2EF4AD1C","LabPlan","High","Review","1","23","14","9","1","130","131","0","6","4","9","same owner mapping; same business unit; matching path pattern; shared permission group; shared review risk","Confirm ownership, review access groups, and clean up findings or conflicts before migration."
"related-area-0209","ID-0737160CDA6B","ID-57D2DAACE60A","ID-2ECFB50A6780","ID-B77597A8BCBD","LabPlan","High","Review","1","23","14","9","1","130","131","0","6","4","9","same owner mapping; same business unit; matching path pattern; shared permission group; shared review risk","Confirm ownership, review access groups, and clean up findings or conflicts before migration."
"related-area-0208","ID-0737160CDA6B","ID-57D2DAACE60A","ID-2ECFB50A6780","ID-61B4FC367AF5","LabPlan","High","Review","1","23","14","9","1","130","131","0","6","4","9","same owner mapping; same business unit; matching path pattern; shared permission group; shared review risk","Confirm ownership, review access groups, and clean up findings or conflicts before migration."
"related-area-0207","ID-0737160CDA6B","ID-57D2DAACE60A","ID-2ECFB50A6780","ID-E20B72DE2255","LabPlan","High","Review","1","23","14","9","1","130","131","0","6","4","9","same owner mapping; same business unit; matching path pattern; shared permission group; shared review risk","Confirm ownership, review access groups, and clean up findings or conflicts before migration."
"related-area-0043","ID-0737160CDA6B","ID-57D2DAACE60A","ID-2ECFB50A6780","ID-FF112749789E","LabPlan","High","Review","1","23","14","9","1","130","131","0","6","4","9","same owner mapping; same business unit; matching path pattern; shared permission group; shared review risk","Confirm ownership, review access groups, and clean up findings or conflicts before migration."
"related-area-0042","ID-0737160CDA6B","ID-57D2DAACE60A","ID-2ECFB50A6780","ID-E045B60A8087","LabPlan","High","Review","1","23","14","9","1","130","131","0","6","4","9","same owner mapping; same business unit; matching path pattern; shared permission group; shared review risk","Confirm ownership, review access groups, and clean up findings or conflicts before migration."
"related-area-0041","ID-0737160CDA6B","ID-57D2DAACE60A","ID-2ECFB50A6780","ID-7121A901D5C9","LabPlan","High","Review","1","23","14","9","1","130","131","0","6","4","9","same owner mapping; same business unit; matching path pattern; shared permission group; shared review risk","Confirm ownership, review access groups, and clean up findings or conflicts before migration."
"related-area-0044","ID-0737160CDA6B","ID-57D2DAACE60A","ID-2ECFB50A6780","ID-A252F35BED27","LabPlan","High","Review","1","23","14","9","1","130","131","0","6","4","9","same owner mapping; same business unit; matching path pattern; shared permission group; shared review risk","Confirm ownership, review access groups, and clean up findings or conflicts before migration."
"related-area-0047","ID-0737160CDA6B","ID-57D2DAACE60A","ID-2ECFB50A6780","ID-0AC9BE91820F","LabPlan","High","Review","1","23","14","9","1","130","131","0","6","4","9","same owner mapping; same business unit; matching path pattern; shared permission group; shared review risk","Confirm ownership, review access groups, and clean up findings or conflicts before migration."
"related-area-0046","ID-0737160CDA6B","ID-57D2DAACE60A","ID-2ECFB50A6780","ID-91C28D8F1D24","LabPlan","High","Review","1","23","14","9","1","130","131","0","6","4","9","same owner mapping; same business unit; matching path pattern; shared permission group; shared review risk","Confirm ownership, review access groups, and clean up findings or conflicts before migration."
"related-area-0045","ID-0737160CDA6B","ID-57D2DAACE60A","ID-2ECFB50A6780","ID-BA99ECB0152E","LabPlan","High","Review","1","23","14","9","1","130","131","0","6","4","9","same owner mapping; same business unit; matching path pattern; shared permission group; shared review risk","Confirm ownership, review access groups, and clean up findings or conflicts before migration."
"related-area-0040","ID-0737160CDA6B","ID-57D2DAACE60A","ID-2ECFB50A6780","ID-2D32E23AD7AE","LabPlan","High","Review","1","23","14","9","1","130","131","0","6","4","9","same owner mapping; same business unit; matching path pattern; shared permission group; shared review risk","Confirm ownership, review access groups, and clean up findings or conflicts before migration."
"related-area-0035","ID-0737160CDA6B","ID-57D2DAACE60A","ID-2ECFB50A6780","ID-A02DDA00A8DE","LabPlan","High","Review","1","23","14","9","1","130","131","0","6","4","9","same owner mapping; same business unit; matching path pattern; shared permission group; shared review risk","Confirm ownership, review access groups, and clean up findings or conflicts before migration."
"related-area-0034","ID-0737160CDA6B","ID-57D2DAACE60A","ID-2ECFB50A6780","ID-7B17F8B0093D","LabPlan","High","Review","1","23","14","9","1","130","131","0","6","4","9","same owner mapping; same business unit; matching path pattern; shared permission group; shared review risk","Confirm ownership, review access groups, and clean up findings or conflicts before migration."
"related-area-0033","ID-0737160CDA6B","ID-57D2DAACE60A","ID-2ECFB50A6780","ID-645AFB0397C1","LabPlan","High","Review","1","23","14","9","1","130","131","0","6","4","9","same owner mapping; same business unit; matching path pattern; shared permission group; shared review risk","Confirm ownership, review access groups, and clean up findings or conflicts before migration."
"related-area-0036","ID-0737160CDA6B","ID-57D2DAACE60A","ID-2ECFB50A6780","ID-2766B6FB1926","LabPlan","High","Review","1","23","14","9","1","130","131","0","6","4","9","same owner mapping; same business unit; matching path pattern; shared permission group; shared review risk","Confirm ownership, review access groups, and clean up findings or conflicts before migration."
"related-area-0039","ID-0737160CDA6B","ID-57D2DAACE60A","ID-2ECFB50A6780","ID-999A24D6542E","LabPlan","High","Review","1","23","14","9","1","130","131","0","6","4","9","same owner mapping; same business unit; matching path pattern; shared permission group; shared review risk","Confirm ownership, review access groups, and clean up findings or conflicts before migration."
"related-area-0038","ID-0737160CDA6B","ID-57D2DAACE60A","ID-2ECFB50A6780","ID-3F91573D12EF","LabPlan","High","Review","1","23","14","9","1","130","131","0","6","4","9","same owner mapping; same business unit; matching path pattern; shared permission group; shared review risk","Confirm ownership, review access groups, and clean up findings or conflicts before migration."
"related-area-0037","ID-0737160CDA6B","ID-57D2DAACE60A","ID-2ECFB50A6780","ID-AF20D5F7C33F","LabPlan","High","Review","1","23","14","9","1","130","131","0","6","4","9","same owner mapping; same business unit; matching path pattern; shared permission group; shared review risk","Confirm ownership, review access groups, and clean up findings or conflicts before migration."
"related-area-0048","ID-0737160CDA6B","ID-57D2DAACE60A","ID-2ECFB50A6780","ID-9478C818561D","LabPlan","High","Review","1","23","14","9","1","130","131","0","6","4","9","same owner mapping; same business unit; matching path pattern; shared permission group; shared review risk","Confirm ownership, review access groups, and clean up findings or conflicts before migration."
"related-area-0059","ID-0737160CDA6B","ID-57D2DAACE60A","ID-2ECFB50A6780","ID-287A0A7666E1","LabPlan","High","Review","1","23","14","9","1","130","131","0","6","4","9","same owner mapping; same business unit; matching path pattern; shared permission group; shared review risk","Confirm ownership, review access groups, and clean up findings or conflicts before migration."
"related-area-0058","ID-0737160CDA6B","ID-57D2DAACE60A","ID-2ECFB50A6780","ID-59886CF51DFC","LabPlan","High","Review","1","23","14","9","1","130","131","0","6","4","9","same owner mapping; same business unit; matching path pattern; shared permission group; shared review risk","Confirm ownership, review access groups, and clean up findings or conflicts before migration."
"related-area-0057","ID-0737160CDA6B","ID-57D2DAACE60A","ID-2ECFB50A6780","ID-9C0AF686C2D1","LabPlan","High","Review","1","23","14","9","1","130","131","0","6","4","9","same owner mapping; same business unit; matching path pattern; shared permission group; shared review risk","Confirm ownership, review access groups, and clean up findings or conflicts before migration."
"related-area-0060","ID-0737160CDA6B","ID-57D2DAACE60A","ID-2ECFB50A6780","ID-38AC3C790E6F","LabPlan","High","Review","1","23","14","9","1","130","131","0","6","4","9","same owner mapping; same business unit; matching path pattern; shared permission group; shared review risk","Confirm ownership, review access groups, and clean up findings or conflicts before migration."
"related-area-0063","ID-0737160CDA6B","ID-57D2DAACE60A","ID-2ECFB50A6780","ID-5BC3CE7D488D","LabPlan","High","Review","1","23","14","9","1","130","131","0","6","4","9","same owner mapping; same business unit; matching path pattern; shared permission group; shared review risk","Confirm ownership, review access groups, and clean up findings or conflicts before migration."
"related-area-0062","ID-0737160CDA6B","ID-57D2DAACE60A","ID-2ECFB50A6780","ID-73F7C44D4601","LabPlan","High","Review","1","23","14","9","1","130","131","0","6","4","9","same owner mapping; same business unit; matching path pattern; shared permission group; shared review risk","Confirm ownership, review access groups, and clean up findings or conflicts before migration."
"related-area-0061","ID-0737160CDA6B","ID-57D2DAACE60A","ID-2ECFB50A6780","ID-618A95CD1F82","LabPlan","High","Review","1","23","14","9","1","130","131","0","6","4","9","same owner mapping; same business unit; matching path pattern; shared permission group; shared review risk","Confirm ownership, review access groups, and clean up findings or conflicts before migration."
"related-area-0056","ID-0737160CDA6B","ID-57D2DAACE60A","ID-2ECFB50A6780","ID-0C0F525EF3C6","LabPlan","High","Review","1","23","14","9","1","130","131","0","6","4","9","same owner mapping; same business unit; matching path pattern; shared permission group; shared review risk","Confirm ownership, review access groups, and clean up findings or conflicts before migration."
"related-area-0051","ID-0737160CDA6B","ID-57D2DAACE60A","ID-2ECFB50A6780","ID-1CCF877D73A8","LabPlan","High","Review","1","23","14","9","1","130","131","0","6","4","9","same owner mapping; same business unit; matching path pattern; shared permission group; shared review risk","Confirm ownership, review access groups, and clean up findings or conflicts before migration."
"related-area-0050","ID-0737160CDA6B","ID-57D2DAACE60A","ID-2ECFB50A6780","ID-CA910EC9B22D","LabPlan","High","Review","1","23","14","9","1","130","131","0","6","4","9","same owner mapping; same business unit; matching path pattern; shared permission group; shared review risk","Confirm ownership, review access groups, and clean up findings or conflicts before migration."
"related-area-0049","ID-0737160CDA6B","ID-57D2DAACE60A","ID-2ECFB50A6780","ID-67D31D40950F","LabPlan","High","Review","1","23","14","9","1","130","131","0","6","4","9","same owner mapping; same business unit; matching path pattern; shared permission group; shared review risk","Confirm ownership, review access groups, and clean up findings or conflicts before migration."
"related-area-0052","ID-0737160CDA6B","ID-57D2DAACE60A","ID-2ECFB50A6780","ID-713986E96C46","LabPlan","High","Review","1","23","14","9","1","130","131","0","6","4","9","same owner mapping; same business unit; matching path pattern; shared permission group; shared review risk","Confirm ownership, review access groups, and clean up findings or conflicts before migration."
"related-area-0055","ID-0737160CDA6B","ID-57D2DAACE60A","ID-2ECFB50A6780","ID-C831B13774B3","LabPlan","High","Review","1","23","14","9","1","130","131","0","6","4","9","same owner mapping; same business unit; matching path pattern; shared permission group; shared review risk","Confirm ownership, review access groups, and clean up findings or conflicts before migration."
"related-area-0054","ID-0737160CDA6B","ID-57D2DAACE60A","ID-2ECFB50A6780","ID-79C308BB3299","LabPlan","High","Review","1","23","14","9","1","130","131","0","6","4","9","same owner mapping; same business unit; matching path pattern; shared permission group; shared review risk","Confirm ownership, review access groups, and clean up findings or conflicts before migration."
"related-area-0053","ID-0737160CDA6B","ID-57D2DAACE60A","ID-2ECFB50A6780","ID-5779BBC179C8","LabPlan","High","Review","1","23","14","9","1","130","131","0","6","4","9","same owner mapping; same business unit; matching path pattern; shared permission group; shared review risk","Confirm ownership, review access groups, and clean up findings or conflicts before migration."
"related-area-0012","ID-0737160CDA6B","ID-57D2DAACE60A","ID-2ECFB50A6780","ID-C6FAB0365DFE","LabPlan","High","Review","1","23","14","9","1","130","131","0","6","4","9","same owner mapping; same business unit; matching path pattern; shared permission group; shared review risk","Confirm ownership, review access groups, and clean up findings or conflicts before migration."
"related-area-0011","ID-0737160CDA6B","ID-57D2DAACE60A","ID-2ECFB50A6780","ID-04F630CCCB0A","LabPlan","High","Review","1","23","14","9","1","130","131","0","6","4","9","same owner mapping; same business unit; matching path pattern; shared permission group; shared review risk","Confirm ownership, review access groups, and clean up findings or conflicts before migration."
"related-area-0010","ID-0737160CDA6B","ID-57D2DAACE60A","ID-2ECFB50A6780","ID-9B7AE94E6574","LabPlan","High","Review","1","23","14","9","1","130","131","0","6","4","9","same owner mapping; same business unit; matching path pattern; shared permission group; shared review risk","Confirm ownership, review access groups, and clean up findings or conflicts before migration."
"related-area-0013","ID-0737160CDA6B","ID-57D2DAACE60A","ID-2ECFB50A6780","ID-BDC06E1A4F04","LabPlan","High","Review","1","23","14","9","1","130","131","0","6","4","9","same owner mapping; same business unit; matching path pattern; shared permission group; shared review risk","Confirm ownership, review access groups, and clean up findings or conflicts before migration."
"related-area-0016","ID-0737160CDA6B","ID-57D2DAACE60A","ID-2ECFB50A6780","ID-BD6AF7091635","LabPlan","High","Review","1","23","14","9","1","130","131","0","6","4","9","same owner mapping; same business unit; matching path pattern; shared permission group; shared review risk","Confirm ownership, review access groups, and clean up findings or conflicts before migration."
"related-area-0015","ID-0737160CDA6B","ID-57D2DAACE60A","ID-2ECFB50A6780","ID-10727FE3233B","LabPlan","High","Review","1","23","14","9","1","130","131","0","6","4","9","same owner mapping; same business unit; matching path pattern; shared permission group; shared review risk","Confirm ownership, review access groups, and clean up findings or conflicts before migration."
"related-area-0014","ID-0737160CDA6B","ID-57D2DAACE60A","ID-2ECFB50A6780","ID-70FF7D42ADD5","LabPlan","High","Review","1","23","14","9","1","130","131","0","6","4","9","same owner mapping; same business unit; matching path pattern; shared permission group; shared review risk","Confirm ownership, review access groups, and clean up findings or conflicts before migration."
"related-area-0009","ID-0737160CDA6B","ID-57D2DAACE60A","ID-2ECFB50A6780","ID-F67585FF68B7","LabPlan","High","Review","1","23","14","9","1","130","131","0","6","4","9","same owner mapping; same business unit; matching path pattern; shared permission group; shared review risk","Confirm ownership, review access groups, and clean up findings or conflicts before migration."
"related-area-0004","ID-0737160CDA6B","ID-57D2DAACE60A","ID-2ECFB50A6780","ID-71EC3A14B319","LabPlan","High","Review","1","23","14","9","1","130","131","0","6","4","9","same owner mapping; same business unit; matching path pattern; shared permission group; shared review risk","Confirm ownership, review access groups, and clean up findings or conflicts before migration."
"related-area-0003","ID-0737160CDA6B","ID-57D2DAACE60A","ID-2ECFB50A6780","ID-FB7F34D06E3B","LabPlan","High","Review","1","23","14","9","1","130","131","0","6","4","9","same owner mapping; same business unit; matching path pattern; shared permission group; shared review risk","Confirm ownership, review access groups, and clean up findings or conflicts before migration."
"related-area-0002","ID-0737160CDA6B","ID-57D2DAACE60A","ID-2ECFB50A6780","ID-029A5AF7BD28","LabPlan","High","Review","1","23","14","9","1","130","131","0","6","4","9","same owner mapping; same business unit; matching path pattern; shared permission group; shared review risk","Confirm ownership, review access groups, and clean up findings or conflicts before migration."
"related-area-0005","ID-0737160CDA6B","ID-57D2DAACE60A","ID-2ECFB50A6780","ID-461CC4F90EC9","LabPlan","High","Review","1","23","14","9","1","130","131","0","6","4","9","same owner mapping; same business unit; matching path pattern; shared permission group; shared review risk","Confirm ownership, review access groups, and clean up findings or conflicts before migration."
"related-area-0008","ID-0737160CDA6B","ID-57D2DAACE60A","ID-2ECFB50A6780","ID-809FB8D1B8FF","LabPlan","High","Review","1","23","14","9","1","130","131","0","6","4","9","same owner mapping; same business unit; matching path pattern; shared permission group; shared review risk","Confirm ownership, review access groups, and clean up findings or conflicts before migration."
"related-area-0007","ID-0737160CDA6B","ID-57D2DAACE60A","ID-2ECFB50A6780","ID-88D691811520","LabPlan","High","Review","1","23","14","9","1","130","131","0","6","4","9","same owner mapping; same business unit; matching path pattern; shared permission group; shared review risk","Confirm ownership, review access groups, and clean up findings or conflicts before migration."
"related-area-0006","ID-0737160CDA6B","ID-57D2DAACE60A","ID-2ECFB50A6780","ID-66A1E839001C","LabPlan","High","Review","1","23","14","9","1","130","131","0","6","4","9","same owner mapping; same business unit; matching path pattern; shared permission group; shared review risk","Confirm ownership, review access groups, and clean up findings or conflicts before migration."
"related-area-0017","ID-0737160CDA6B","ID-57D2DAACE60A","ID-2ECFB50A6780","ID-8F6A3B04F364","LabPlan","High","Review","1","23","14","9","1","130","131","0","6","4","9","same owner mapping; same business unit; matching path pattern; shared permission group; shared review risk","Confirm ownership, review access groups, and clean up findings or conflicts before migration."
"related-area-0028","ID-0737160CDA6B","ID-57D2DAACE60A","ID-2ECFB50A6780","ID-EBF7349FADEC","LabPlan","High","Review","1","23","14","9","1","130","131","0","6","4","9","same owner mapping; same business unit; matching path pattern; shared permission group; shared review risk","Confirm ownership, review access groups, and clean up findings or conflicts before migration."
"related-area-0027","ID-0737160CDA6B","ID-57D2DAACE60A","ID-2ECFB50A6780","ID-B3997C7E3F73","LabPlan","High","Review","1","23","14","9","1","130","131","0","6","4","9","same owner mapping; same business unit; matching path pattern; shared permission group; shared review risk","Confirm ownership, review access groups, and clean up findings or conflicts before migration."
"related-area-0026","ID-0737160CDA6B","ID-57D2DAACE60A","ID-2ECFB50A6780","ID-DDBA0749784F","LabPlan","High","Review","1","23","14","9","1","130","131","0","6","4","9","same owner mapping; same business unit; matching path pattern; shared permission group; shared review risk","Confirm ownership, review access groups, and clean up findings or conflicts before migration."
"related-area-0029","ID-0737160CDA6B","ID-57D2DAACE60A","ID-2ECFB50A6780","ID-C8771FB2E818","LabPlan","High","Review","1","23","14","9","1","130","131","0","6","4","9","same owner mapping; same business unit; matching path pattern; shared permission group; shared review risk","Confirm ownership, review access groups, and clean up findings or conflicts before migration."
"related-area-0032","ID-0737160CDA6B","ID-57D2DAACE60A","ID-2ECFB50A6780","ID-782F446986FE","LabPlan","High","Review","1","23","14","9","1","130","131","0","6","4","9","same owner mapping; same business unit; matching path pattern; shared permission group; shared review risk","Confirm ownership, review access groups, and clean up findings or conflicts before migration."
"related-area-0031","ID-0737160CDA6B","ID-57D2DAACE60A","ID-2ECFB50A6780","ID-BDE912BF822F","LabPlan","High","Review","1","23","14","9","1","130","131","0","6","4","9","same owner mapping; same business unit; matching path pattern; shared permission group; shared review risk","Confirm ownership, review access groups, and clean up findings or conflicts before migration."
"related-area-0030","ID-0737160CDA6B","ID-57D2DAACE60A","ID-2ECFB50A6780","ID-ABAF8CD4F63F","LabPlan","High","Review","1","23","14","9","1","130","131","0","6","4","9","same owner mapping; same business unit; matching path pattern; shared permission group; shared review risk","Confirm ownership, review access groups, and clean up findings or conflicts before migration."
"related-area-0025","ID-0737160CDA6B","ID-57D2DAACE60A","ID-2ECFB50A6780","ID-C071A8A79079","LabPlan","High","Review","1","23","14","9","1","130","131","0","6","4","9","same owner mapping; same business unit; matching path pattern; shared permission group; shared review risk","Confirm ownership, review access groups, and clean up findings or conflicts before migration."
"related-area-0020","ID-0737160CDA6B","ID-57D2DAACE60A","ID-2ECFB50A6780","ID-5B3FC8C23820","LabPlan","High","Review","1","23","14","9","1","130","131","0","6","4","9","same owner mapping; same business unit; matching path pattern; shared permission group; shared review risk","Confirm ownership, review access groups, and clean up findings or conflicts before migration."
"related-area-0019","ID-0737160CDA6B","ID-57D2DAACE60A","ID-2ECFB50A6780","ID-5BC73A56189C","LabPlan","High","Review","1","23","14","9","1","130","131","0","6","4","9","same owner mapping; same business unit; matching path pattern; shared permission group; shared review risk","Confirm ownership, review access groups, and clean up findings or conflicts before migration."
"related-area-0018","ID-0737160CDA6B","ID-57D2DAACE60A","ID-2ECFB50A6780","ID-E96D0CE3525B","LabPlan","High","Review","1","23","14","9","1","130","131","0","6","4","9","same owner mapping; same business unit; matching path pattern; shared permission group; shared review risk","Confirm ownership, review access groups, and clean up findings or conflicts before migration."
"related-area-0021","ID-0737160CDA6B","ID-57D2DAACE60A","ID-2ECFB50A6780","ID-E21B81FBCC3E","LabPlan","High","Review","1","23","14","9","1","130","131","0","6","4","9","same owner mapping; same business unit; matching path pattern; shared permission group; shared review risk","Confirm ownership, review access groups, and clean up findings or conflicts before migration."
"related-area-0024","ID-0737160CDA6B","ID-57D2DAACE60A","ID-2ECFB50A6780","ID-51BD570C1CBC","LabPlan","High","Review","1","23","14","9","1","130","131","0","6","4","9","same owner mapping; same business unit; matching path pattern; shared permission group; shared review risk","Confirm ownership, review access groups, and clean up findings or conflicts before migration."
"related-area-0023","ID-0737160CDA6B","ID-57D2DAACE60A","ID-2ECFB50A6780","ID-730AE8C8C8E1","LabPlan","High","Review","1","23","14","9","1","130","131","0","6","4","9","same owner mapping; same business unit; matching path pattern; shared permission group; shared review risk","Confirm ownership, review access groups, and clean up findings or conflicts before migration."
"related-area-0022","ID-0737160CDA6B","ID-57D2DAACE60A","ID-2ECFB50A6780","ID-F351A6DDC9D1","LabPlan","High","Review","1","23","14","9","1","130","131","0","6","4","9","same owner mapping; same business unit; matching path pattern; shared permission group; shared review risk","Confirm ownership, review access groups, and clean up findings or conflicts before migration."
"related-area-0105","ID-0737160CDA6B","ID-57D2DAACE60A","ID-2ECFB50A6780","ID-46769810980F","LabPlan","High","Review","1","23","14","9","1","130","131","0","6","4","9","same owner mapping; same business unit; matching path pattern; shared permission group; shared review risk","Confirm ownership, review access groups, and clean up findings or conflicts before migration."
"related-area-0104","ID-0737160CDA6B","ID-57D2DAACE60A","ID-2ECFB50A6780","ID-30AE8A421A23","LabPlan","High","Review","1","23","14","9","1","130","131","0","6","4","9","same owner mapping; same business unit; matching path pattern; shared permission group; shared review risk","Confirm ownership, review access groups, and clean up findings or conflicts before migration."
"related-area-0103","ID-0737160CDA6B","ID-57D2DAACE60A","ID-2ECFB50A6780","ID-E2644B7497BC","LabPlan","High","Review","1","23","14","9","1","130","131","0","6","4","9","same owner mapping; same business unit; matching path pattern; shared permission group; shared review risk","Confirm ownership, review access groups, and clean up findings or conflicts before migration."
"related-area-0106","ID-0737160CDA6B","ID-57D2DAACE60A","ID-2ECFB50A6780","ID-8F54A7BB2E0A","LabPlan","High","Review","1","23","14","9","1","130","131","0","6","4","9","same owner mapping; same business unit; matching path pattern; shared permission group; shared review risk","Confirm ownership, review access groups, and clean up findings or conflicts before migration."
"related-area-0109","ID-0737160CDA6B","ID-57D2DAACE60A","ID-2ECFB50A6780","ID-487401225F41","LabPlan","High","Review","1","23","14","9","1","130","131","0","6","4","9","same owner mapping; same business unit; matching path pattern; shared permission group; shared review risk","Confirm ownership, review access groups, and clean up findings or conflicts before migration."
"related-area-0108","ID-0737160CDA6B","ID-57D2DAACE60A","ID-2ECFB50A6780","ID-5211C433826A","LabPlan","High","Review","1","23","14","9","1","130","131","0","6","4","9","same owner mapping; same business unit; matching path pattern; shared permission group; shared review risk","Confirm ownership, review access groups, and clean up findings or conflicts before migration."
"related-area-0107","ID-0737160CDA6B","ID-57D2DAACE60A","ID-2ECFB50A6780","ID-948DBCAC68DA","LabPlan","High","Review","1","23","14","9","1","130","131","0","6","4","9","same owner mapping; same business unit; matching path pattern; shared permission group; shared review risk","Confirm ownership, review access groups, and clean up findings or conflicts before migration."
"related-area-0102","ID-0737160CDA6B","ID-57D2DAACE60A","ID-2ECFB50A6780","ID-F43DAEBBAE6E","LabPlan","High","Review","1","23","14","9","1","130","131","0","6","4","9","same owner mapping; same business unit; matching path pattern; shared permission group; shared review risk","Confirm ownership, review access groups, and clean up findings or conflicts before migration."
"related-area-0097","ID-0737160CDA6B","ID-57D2DAACE60A","ID-2ECFB50A6780","ID-180F7CFD5EA3","LabPlan","High","Review","1","23","14","9","1","130","131","0","6","4","9","same owner mapping; same business unit; matching path pattern; shared permission group; shared review risk","Confirm ownership, review access groups, and clean up findings or conflicts before migration."
"related-area-0096","ID-0737160CDA6B","ID-57D2DAACE60A","ID-2ECFB50A6780","ID-75360A6C09A7","LabPlan","High","Review","1","23","14","9","1","130","131","0","6","4","9","same owner mapping; same business unit; matching path pattern; shared permission group; shared review risk","Confirm ownership, review access groups, and clean up findings or conflicts before migration."
"related-area-0095","ID-0737160CDA6B","ID-57D2DAACE60A","ID-2ECFB50A6780","ID-495E89095383","LabPlan","High","Review","1","23","14","9","1","130","131","0","6","4","9","same owner mapping; same business unit; matching path pattern; shared permission group; shared review risk","Confirm ownership, review access groups, and clean up findings or conflicts before migration."
"related-area-0098","ID-0737160CDA6B","ID-57D2DAACE60A","ID-2ECFB50A6780","ID-C1D8A592F09F","LabPlan","High","Review","1","23","14","9","1","130","131","0","6","4","9","same owner mapping; same business unit; matching path pattern; shared permission group; shared review risk","Confirm ownership, review access groups, and clean up findings or conflicts before migration."
"related-area-0101","ID-0737160CDA6B","ID-57D2DAACE60A","ID-2ECFB50A6780","ID-0F3BAF76985E","LabPlan","High","Review","1","23","14","9","1","130","131","0","6","4","9","same owner mapping; same business unit; matching path pattern; shared permission group; shared review risk","Confirm ownership, review access groups, and clean up findings or conflicts before migration."
"related-area-0100","ID-0737160CDA6B","ID-57D2DAACE60A","ID-2ECFB50A6780","ID-B922294FA25D","LabPlan","High","Review","1","23","14","9","1","130","131","0","6","4","9","same owner mapping; same business unit; matching path pattern; shared permission group; shared review risk","Confirm ownership, review access groups, and clean up findings or conflicts before migration."
"related-area-0099","ID-0737160CDA6B","ID-57D2DAACE60A","ID-2ECFB50A6780","ID-768A41B5ACDA","LabPlan","High","Review","1","23","14","9","1","130","131","0","6","4","9","same owner mapping; same business unit; matching path pattern; shared permission group; shared review risk","Confirm ownership, review access groups, and clean up findings or conflicts before migration."
"related-area-0110","ID-0737160CDA6B","ID-57D2DAACE60A","ID-2ECFB50A6780","ID-349F69320E9D","LabPlan","High","Review","1","23","14","9","1","130","131","0","6","4","9","same owner mapping; same business unit; matching path pattern; shared permission group; shared review risk","Confirm ownership, review access groups, and clean up findings or conflicts before migration."
"related-area-0121","ID-0737160CDA6B","ID-57D2DAACE60A","ID-2ECFB50A6780","ID-F2A15F02EE4E","LabPlan","High","Review","1","23","14","9","1","130","131","0","6","4","9","same owner mapping; same business unit; matching path pattern; shared permission group; shared review risk","Confirm ownership, review access groups, and clean up findings or conflicts before migration."
"related-area-0120","ID-0737160CDA6B","ID-57D2DAACE60A","ID-2ECFB50A6780","ID-02FEC65C75FC","LabPlan","High","Review","1","23","14","9","1","130","131","0","6","4","9","same owner mapping; same business unit; matching path pattern; shared permission group; shared review risk","Confirm ownership, review access groups, and clean up findings or conflicts before migration."
"related-area-0119","ID-0737160CDA6B","ID-57D2DAACE60A","ID-2ECFB50A6780","ID-C600F57E22B2","LabPlan","High","Review","1","23","14","9","1","130","131","0","6","4","9","same owner mapping; same business unit; matching path pattern; shared permission group; shared review risk","Confirm ownership, review access groups, and clean up findings or conflicts before migration."
"related-area-0122","ID-0737160CDA6B","ID-57D2DAACE60A","ID-2ECFB50A6780","ID-D6240493A864","LabPlan","High","Review","1","23","14","9","1","130","131","0","6","4","9","same owner mapping; same business unit; matching path pattern; shared permission group; shared review risk","Confirm ownership, review access groups, and clean up findings or conflicts before migration."
"related-area-0125","ID-0737160CDA6B","ID-57D2DAACE60A","ID-2ECFB50A6780","ID-67F455D2198E","LabPlan","High","Review","1","23","14","9","1","130","131","0","6","4","9","same owner mapping; same business unit; matching path pattern; shared permission group; shared review risk","Confirm ownership, review access groups, and clean up findings or conflicts before migration."
"related-area-0124","ID-0737160CDA6B","ID-57D2DAACE60A","ID-2ECFB50A6780","ID-D2CBB57BD271","LabPlan","High","Review","1","23","14","9","1","130","131","0","6","4","9","same owner mapping; same business unit; matching path pattern; shared permission group; shared review risk","Confirm ownership, review access groups, and clean up findings or conflicts before migration."
"related-area-0123","ID-0737160CDA6B","ID-57D2DAACE60A","ID-2ECFB50A6780","ID-7C3E389FE082","LabPlan","High","Review","1","23","14","9","1","130","131","0","6","4","9","same owner mapping; same business unit; matching path pattern; shared permission group; shared review risk","Confirm ownership, review access groups, and clean up findings or conflicts before migration."
"related-area-0118","ID-0737160CDA6B","ID-57D2DAACE60A","ID-2ECFB50A6780","ID-0D3C6D6E5A92","LabPlan","High","Review","1","23","14","9","1","130","131","0","6","4","9","same owner mapping; same business unit; matching path pattern; shared permission group; shared review risk","Confirm ownership, review access groups, and clean up findings or conflicts before migration."
"related-area-0113","ID-0737160CDA6B","ID-57D2DAACE60A","ID-2ECFB50A6780","ID-225954935AE8","LabPlan","High","Review","1","23","14","9","1","130","131","0","6","4","9","same owner mapping; same business unit; matching path pattern; shared permission group; shared review risk","Confirm ownership, review access groups, and clean up findings or conflicts before migration."
"related-area-0112","ID-0737160CDA6B","ID-57D2DAACE60A","ID-2ECFB50A6780","ID-412B8F3AC7AA","LabPlan","High","Review","1","23","14","9","1","130","131","0","6","4","9","same owner mapping; same business unit; matching path pattern; shared permission group; shared review risk","Confirm ownership, review access groups, and clean up findings or conflicts before migration."
"related-area-0111","ID-0737160CDA6B","ID-57D2DAACE60A","ID-2ECFB50A6780","ID-D355C20D7487","LabPlan","High","Review","1","23","14","9","1","130","131","0","6","4","9","same owner mapping; same business unit; matching path pattern; shared permission group; shared review risk","Confirm ownership, review access groups, and clean up findings or conflicts before migration."
"related-area-0114","ID-0737160CDA6B","ID-57D2DAACE60A","ID-2ECFB50A6780","ID-A6683FDAF932","LabPlan","High","Review","1","23","14","9","1","130","131","0","6","4","9","same owner mapping; same business unit; matching path pattern; shared permission group; shared review risk","Confirm ownership, review access groups, and clean up findings or conflicts before migration."
"related-area-0117","ID-0737160CDA6B","ID-57D2DAACE60A","ID-2ECFB50A6780","ID-9FC0EA619368","LabPlan","High","Review","1","23","14","9","1","130","131","0","6","4","9","same owner mapping; same business unit; matching path pattern; shared permission group; shared review risk","Confirm ownership, review access groups, and clean up findings or conflicts before migration."
"related-area-0116","ID-0737160CDA6B","ID-57D2DAACE60A","ID-2ECFB50A6780","ID-4A9DE6047DBF","LabPlan","High","Review","1","23","14","9","1","130","131","0","6","4","9","same owner mapping; same business unit; matching path pattern; shared permission group; shared review risk","Confirm ownership, review access groups, and clean up findings or conflicts before migration."
"related-area-0115","ID-0737160CDA6B","ID-57D2DAACE60A","ID-2ECFB50A6780","ID-A520323206D9","LabPlan","High","Review","1","23","14","9","1","130","131","0","6","4","9","same owner mapping; same business unit; matching path pattern; shared permission group; shared review risk","Confirm ownership, review access groups, and clean up findings or conflicts before migration."
"related-area-0074","ID-0737160CDA6B","ID-57D2DAACE60A","ID-2ECFB50A6780","ID-B3655E6B2982","LabPlan","High","Review","1","23","14","9","1","130","131","0","6","4","9","same owner mapping; same business unit; matching path pattern; shared permission group; shared review risk","Confirm ownership, review access groups, and clean up findings or conflicts before migration."
"related-area-0073","ID-0737160CDA6B","ID-57D2DAACE60A","ID-2ECFB50A6780","ID-D902B09C59F2","LabPlan","High","Review","1","23","14","9","1","130","131","0","6","4","9","same owner mapping; same business unit; matching path pattern; shared permission group; shared review risk","Confirm ownership, review access groups, and clean up findings or conflicts before migration."
"related-area-0072","ID-0737160CDA6B","ID-57D2DAACE60A","ID-2ECFB50A6780","ID-89FD9B263910","LabPlan","High","Review","1","23","14","9","1","130","131","0","6","4","9","same owner mapping; same business unit; matching path pattern; shared permission group; shared review risk","Confirm ownership, review access groups, and clean up findings or conflicts before migration."
"related-area-0075","ID-0737160CDA6B","ID-57D2DAACE60A","ID-2ECFB50A6780","ID-40ACB3479513","LabPlan","High","Review","1","23","14","9","1","130","131","0","6","4","9","same owner mapping; same business unit; matching path pattern; shared permission group; shared review risk","Confirm ownership, review access groups, and clean up findings or conflicts before migration."
"related-area-0078","ID-0737160CDA6B","ID-57D2DAACE60A","ID-2ECFB50A6780","ID-B00555F54A65","LabPlan","High","Review","1","23","14","9","1","130","131","0","6","4","9","same owner mapping; same business unit; matching path pattern; shared permission group; shared review risk","Confirm ownership, review access groups, and clean up findings or conflicts before migration."
"related-area-0077","ID-0737160CDA6B","ID-57D2DAACE60A","ID-2ECFB50A6780","ID-071A196EE731","LabPlan","High","Review","1","23","14","9","1","130","131","0","6","4","9","same owner mapping; same business unit; matching path pattern; shared permission group; shared review risk","Confirm ownership, review access groups, and clean up findings or conflicts before migration."
"related-area-0076","ID-0737160CDA6B","ID-57D2DAACE60A","ID-2ECFB50A6780","ID-3D8BEF74731F","LabPlan","High","Review","1","23","14","9","1","130","131","0","6","4","9","same owner mapping; same business unit; matching path pattern; shared permission group; shared review risk","Confirm ownership, review access groups, and clean up findings or conflicts before migration."
"related-area-0071","ID-0737160CDA6B","ID-57D2DAACE60A","ID-2ECFB50A6780","ID-666372C797A6","LabPlan","High","Review","1","23","14","9","1","130","131","0","6","4","9","same owner mapping; same business unit; matching path pattern; shared permission group; shared review risk","Confirm ownership, review access groups, and clean up findings or conflicts before migration."
"related-area-0066","ID-0737160CDA6B","ID-57D2DAACE60A","ID-2ECFB50A6780","ID-C4C51ABFF869","LabPlan","High","Review","1","23","14","9","1","130","131","0","6","4","9","same owner mapping; same business unit; matching path pattern; shared permission group; shared review risk","Confirm ownership, review access groups, and clean up findings or conflicts before migration."
"related-area-0065","ID-0737160CDA6B","ID-57D2DAACE60A","ID-2ECFB50A6780","ID-11CD23D545E2","LabPlan","High","Review","1","23","14","9","1","130","131","0","6","4","9","same owner mapping; same business unit; matching path pattern; shared permission group; shared review risk","Confirm ownership, review access groups, and clean up findings or conflicts before migration."
"related-area-0064","ID-0737160CDA6B","ID-57D2DAACE60A","ID-2ECFB50A6780","ID-AFBD3967E559","LabPlan","High","Review","1","23","14","9","1","130","131","0","6","4","9","same owner mapping; same business unit; matching path pattern; shared permission group; shared review risk","Confirm ownership, review access groups, and clean up findings or conflicts before migration."
"related-area-0067","ID-0737160CDA6B","ID-57D2DAACE60A","ID-2ECFB50A6780","ID-CC7DF70366CD","LabPlan","High","Review","1","23","14","9","1","130","131","0","6","4","9","same owner mapping; same business unit; matching path pattern; shared permission group; shared review risk","Confirm ownership, review access groups, and clean up findings or conflicts before migration."
"related-area-0070","ID-0737160CDA6B","ID-57D2DAACE60A","ID-2ECFB50A6780","ID-3EF0DBC2A366","LabPlan","High","Review","1","23","14","9","1","130","131","0","6","4","9","same owner mapping; same business unit; matching path pattern; shared permission group; shared review risk","Confirm ownership, review access groups, and clean up findings or conflicts before migration."
"related-area-0069","ID-0737160CDA6B","ID-57D2DAACE60A","ID-2ECFB50A6780","ID-D608BCB68A27","LabPlan","High","Review","1","23","14","9","1","130","131","0","6","4","9","same owner mapping; same business unit; matching path pattern; shared permission group; shared review risk","Confirm ownership, review access groups, and clean up findings or conflicts before migration."
"related-area-0068","ID-0737160CDA6B","ID-57D2DAACE60A","ID-2ECFB50A6780","ID-EE84EC76764F","LabPlan","High","Review","1","23","14","9","1","130","131","0","6","4","9","same owner mapping; same business unit; matching path pattern; shared permission group; shared review risk","Confirm ownership, review access groups, and clean up findings or conflicts before migration."
"related-area-0079","ID-0737160CDA6B","ID-57D2DAACE60A","ID-2ECFB50A6780","ID-1F925D600EBE","LabPlan","High","Review","1","23","14","9","1","130","131","0","6","4","9","same owner mapping; same business unit; matching path pattern; shared permission group; shared review risk","Confirm ownership, review access groups, and clean up findings or conflicts before migration."
"related-area-0090","ID-0737160CDA6B","ID-57D2DAACE60A","ID-2ECFB50A6780","ID-F7E56BDBA5DF","LabPlan","High","Review","1","23","14","9","1","130","131","0","6","4","9","same owner mapping; same business unit; matching path pattern; shared permission group; shared review risk","Confirm ownership, review access groups, and clean up findings or conflicts before migration."
"related-area-0089","ID-0737160CDA6B","ID-57D2DAACE60A","ID-2ECFB50A6780","ID-3B687E83F013","LabPlan","High","Review","1","23","14","9","1","130","131","0","6","4","9","same owner mapping; same business unit; matching path pattern; shared permission group; shared review risk","Confirm ownership, review access groups, and clean up findings or conflicts before migration."
"related-area-0088","ID-0737160CDA6B","ID-57D2DAACE60A","ID-2ECFB50A6780","ID-F180E3BE9429","LabPlan","High","Review","1","23","14","9","1","130","131","0","6","4","9","same owner mapping; same business unit; matching path pattern; shared permission group; shared review risk","Confirm ownership, review access groups, and clean up findings or conflicts before migration."
"related-area-0091","ID-0737160CDA6B","ID-57D2DAACE60A","ID-2ECFB50A6780","ID-047ABDA47493","LabPlan","High","Review","1","23","14","9","1","130","131","0","6","4","9","same owner mapping; same business unit; matching path pattern; shared permission group; shared review risk","Confirm ownership, review access groups, and clean up findings or conflicts before migration."
"related-area-0094","ID-0737160CDA6B","ID-57D2DAACE60A","ID-2ECFB50A6780","ID-2DBE93904052","LabPlan","High","Review","1","23","14","9","1","130","131","0","6","4","9","same owner mapping; same business unit; matching path pattern; shared permission group; shared review risk","Confirm ownership, review access groups, and clean up findings or conflicts before migration."
"related-area-0093","ID-0737160CDA6B","ID-57D2DAACE60A","ID-2ECFB50A6780","ID-006234A6E0F9","LabPlan","High","Review","1","23","14","9","1","130","131","0","6","4","9","same owner mapping; same business unit; matching path pattern; shared permission group; shared review risk","Confirm ownership, review access groups, and clean up findings or conflicts before migration."
"related-area-0092","ID-0737160CDA6B","ID-57D2DAACE60A","ID-2ECFB50A6780","ID-C8F31F367B83","LabPlan","High","Review","1","23","14","9","1","130","131","0","6","4","9","same owner mapping; same business unit; matching path pattern; shared permission group; shared review risk","Confirm ownership, review access groups, and clean up findings or conflicts before migration."
"related-area-0087","ID-0737160CDA6B","ID-57D2DAACE60A","ID-2ECFB50A6780","ID-DE4599FC0259","LabPlan","High","Review","1","23","14","9","1","130","131","0","6","4","9","same owner mapping; same business unit; matching path pattern; shared permission group; shared review risk","Confirm ownership, review access groups, and clean up findings or conflicts before migration."
"related-area-0082","ID-0737160CDA6B","ID-57D2DAACE60A","ID-2ECFB50A6780","ID-00281FF75681","LabPlan","High","Review","1","23","14","9","1","130","131","0","6","4","9","same owner mapping; same business unit; matching path pattern; shared permission group; shared review risk","Confirm ownership, review access groups, and clean up findings or conflicts before migration."
"related-area-0081","ID-0737160CDA6B","ID-57D2DAACE60A","ID-2ECFB50A6780","ID-17B2D69A508B","LabPlan","High","Review","1","23","14","9","1","130","131","0","6","4","9","same owner mapping; same business unit; matching path pattern; shared permission group; shared review risk","Confirm ownership, review access groups, and clean up findings or conflicts before migration."
"related-area-0080","ID-0737160CDA6B","ID-57D2DAACE60A","ID-2ECFB50A6780","ID-2CA44D11B3A9","LabPlan","High","Review","1","23","14","9","1","130","131","0","6","4","9","same owner mapping; same business unit; matching path pattern; shared permission group; shared review risk","Confirm ownership, review access groups, and clean up findings or conflicts before migration."
"related-area-0083","ID-0737160CDA6B","ID-57D2DAACE60A","ID-2ECFB50A6780","ID-C96F6E4D35EC","LabPlan","High","Review","1","23","14","9","1","130","131","0","6","4","9","same owner mapping; same business unit; matching path pattern; shared permission group; shared review risk","Confirm ownership, review access groups, and clean up findings or conflicts before migration."
"related-area-0086","ID-0737160CDA6B","ID-57D2DAACE60A","ID-2ECFB50A6780","ID-B36CD88D4E4D","LabPlan","High","Review","1","23","14","9","1","130","131","0","6","4","9","same owner mapping; same business unit; matching path pattern; shared permission group; shared review risk","Confirm ownership, review access groups, and clean up findings or conflicts before migration."
"related-area-0085","ID-0737160CDA6B","ID-57D2DAACE60A","ID-2ECFB50A6780","ID-F30C2C7205DC","LabPlan","High","Review","1","23","14","9","1","130","131","0","6","4","9","same owner mapping; same business unit; matching path pattern; shared permission group; shared review risk","Confirm ownership, review access groups, and clean up findings or conflicts before migration."
"related-area-0084","ID-0737160CDA6B","ID-57D2DAACE60A","ID-2ECFB50A6780","ID-E01D192CDBA3","LabPlan","High","Review","1","23","14","9","1","130","131","0","6","4","9","same owner mapping; same business unit; matching path pattern; shared permission group; shared review risk","Confirm ownership, review access groups, and clean up findings or conflicts before migration."
"related-area-0250","ID-F42FC998F90C","ID-AC07B1D7FA12","ID-F3C489CA15AF","ID-804662DF218A","LabPlan","High","Review","1","13","4","9","5","51","56","0","5","3","8","same owner mapping; same business unit; matching path pattern; shared permission group; shared review risk","Confirm ownership, review access groups, and clean up findings or conflicts before migration."
