"ShareId","Source","ComputerName","ShareName","UNCPath","LocalPath","Description","PartialData","PartialReason"
"ID-427FE57F8BEB","Get-SmbShare","ID-1C5100718C3A","ID-FC759FBA1858","ID-87C5EB0DBCEA","ID-DB8009CE5AB5","ID-15EA2FC84985","True","Scan errors recorded: AclReadError=1; EnumerationError=1"
"ID-FF24A257AC98","Get-SmbShare","ID-1C5100718C3A","ID-84A57A5DA1EB","ID-7C46472E5FC0","ID-46177F6ADC9F","ID-F250C4F7B4B6","False",""
"ID-B5DE5B676C97","Get-SmbShare","ID-1C5100718C3A","ID-B8DF261A30FF","ID-56E7EDE38E17","ID-E2F2F0855942","ID-C0591E0D6F16","False",""
"ID-4114DC20EECA","Get-SmbShare","ID-1C5100718C3A","ID-7C1EC46FA616","ID-99BCFD5B40AE","ID-C7CBEDB18B82","ID-204BF2C24D58","True","Scan errors recorded: AclReadError=1; EnumerationError=1"
"ID-5387D3CA2368","Get-SmbShare","ID-1C5100718C3A","ID-46FDAAF0FFC2","ID-46D79D4D3FC3","ID-424D20E61C64","ID-041B48110F85","False",""
"ID-8EBFF12BE1CA","Get-SmbShare","ID-1C5100718C3A","ID-344398B2AFDC","ID-72C9C0CACF97","ID-EC562F063F86","ID-53F7DA02EEA5","False",""
"ID-EFA86385524E","Get-SmbShare","ID-1C5100718C3A","ID-68C8459503D2","ID-1851F1F78C0F","ID-391627E78592","ID-F95CFD7BAE43","False",""
"ID-7E438A6220E4","Get-SmbShare","ID-1C5100718C3A","ID-71B9FD4ADE9C","ID-4C399846764A","ID-858097B9A039","ID-EA97083EB97E","False",""
"ID-54D047C0C10E","Get-SmbShare","ID-1C5100718C3A","ID-2A9D74C63EF4","ID-E840E9A14716","ID-20CD0A16CE2B","ID-8427FB52E020","False",""
"ID-6146270638B1","Get-SmbShare","ID-1C5100718C3A","ID-ACF409EF1FF1","ID-778C66E8BA5F","ID-43B4A6552705","ID-2AA339750437","False",""
"ID-F0925E579A09","Get-SmbShare","ID-1C5100718C3A","ID-D1B9A1E84558","ID-AE0FE203858D","ID-8067868756E5","ID-141FA7CD80D5","False",""
"ID-6C994D206912","Get-SmbShare","ID-1C5100718C3A","ID-7DA1D3B7F441","ID-21E78C57A357","ID-BAA64B9B73DF","ID-546684484F5D","False",""
"ID-F5F86F20FCD1","Get-SmbShare","ID-1C5100718C3A","ID-9F02D3B6C279","ID-7425FEB749A7","ID-638ACA1BAB65","ID-EE4A1446D4E6","False",""
"ID-7D766E983EBD","Get-SmbShare","ID-1C5100718C3A","ID-D971C92A1FB9","ID-91A95582FEFF","ID-7BC4878CA4BE","ID-CCAB20A09117","False",""
"ID-24ADD11EC9B3","Get-SmbShare","ID-1C5100718C3A","ID-C04FAB55920A","ID-4A5E61E7734A","ID-F0AABC9140F5","ID-918E0A4CC182","False",""
"ID-685A3058033C","Get-SmbShare","ID-1C5100718C3A","ID-9979A4AEB3C5","ID-E81CDF76B022","ID-B41A40048FD3","ID-DB89CAD6E921","False",""
"ID-7CBF69AC376A","Get-SmbShare","ID-1C5100718C3A","ID-B60114135450","ID-2B6A5797E038","ID-7AD794DF4159","ID-6E478DAE1CF4","False",""
"ID-A87251964273","Get-SmbShare","ID-1C5100718C3A","ID-E96E35B61026","ID-655198B13FBC","ID-F791F8E85F11","ID-36CADDF4D6FA","False",""
"ID-831F51DD3CC8","Get-SmbShare","ID-1C5100718C3A","ID-C36B8DA36229","ID-E695993A11AE","ID-3E2C39C8FBF9","ID-97DE1CE0013E","False",""
"ID-3E737AE31037","Get-SmbShare","ID-1C5100718C3A","ID-6E5F29EBA822","ID-D248A9617B81","ID-360AA1B9E36E","ID-C3AA20D473D6","False",""
"ID-14C8A54E7E2F","Get-SmbShare","ID-1C5100718C3A","ID-262831A05A19","ID-C87C098D7F56","ID-29B4A3792F94","ID-AF66C0DF2D93","False",""
"ID-5FD55FA7C962","Get-SmbShare","ID-1C5100718C3A","ID-A6C0C34492AB","ID-24E147E7A6BC","ID-E7847F279139","ID-9F4714364945","False",""
"ID-7112513D9FC4","Get-SmbShare","ID-1C5100718C3A","ID-937CC13F8963","ID-7C7EB1651AC0","ID-495CB54CDEE5","ID-2FB4258C518F","False",""
"ID-2788FFE1310D","Get-SmbShare","ID-1C5100718C3A","ID-B74CDF3F1E2C","ID-C7759AAA15C1","ID-CB325D882E09","ID-CAC4186C6568","False",""
"ID-494D91E2F01C","Get-SmbShare","ID-1C5100718C3A","ID-0923535C7E1A","ID-D1B0EDB5E910","ID-283D6EDAF70C","ID-B900CF07ACAD","False",""
"ID-1A5FF23A240B","Get-SmbShare","ID-1C5100718C3A","ID-B15BF6E59ABC","ID-7798C649B603","ID-C3A7729CF67C","ID-58C9BBE196F0","False",""
"ID-E29B62928EAC","Get-SmbShare","ID-1C5100718C3A","ID-3E31A06D928F","ID-2B2AE778CE18","ID-BFECA7828EE3","ID-D32ED0B66183","False",""
"ID-705132FBB983","Get-SmbShare","ID-1C5100718C3A","ID-0001C168D000","ID-973161753DA4","ID-D2249F2A9DF3","ID-A4755BB997AF","False",""
"ID-A666111AFFA0","Get-SmbShare","ID-1C5100718C3A","ID-5689AE5E7EA4","ID-66D26EDAEB03","ID-B33EB707C88E","ID-7E2528DD7D31","False",""
"ID-C8EF6513690C","Get-SmbShare","ID-1C5100718C3A","ID-987C8BBFE696","ID-44FB38BEEFB3","ID-2724EDA964C6","ID-6D5670BB13DF","False",""
"ID-9E17DCD4E36F","Get-SmbShare","ID-1C5100718C3A","ID-D1C6C73BC609","ID-0941D79DBD4A","ID-70F110451A43","ID-E3513D22CD37","False",""
"ID-308E49FCD84D","Get-SmbShare","ID-1C5100718C3A","ID-BEB75E998C29","ID-FDA79ADF87CF","ID-19E501E16765","ID-AAAF852BB81C","False",""
"ID-F3A6F3B8F654","Get-SmbShare","ID-1C5100718C3A","ID-8511D64EF4C0","ID-D976181BAE00","ID-DE9D02F9530E","ID-22E3B67B2E1D","False",""
"ID-776229634114","Get-SmbShare","ID-1C5100718C3A","ID-323DFD9D3D4D","ID-EFC4BD8A7B08","ID-F3A8FFCE29A0","ID-CAB9E201C287","False",""
"ID-8390A3B043AA","Get-SmbShare","ID-1C5100718C3A","ID-D04EE2C5F710","ID-1C2D149DD53A","ID-43B7DB55A53A","ID-6BDC5BC7B9E5","False",""
"ID-E87EF3CC3122","Get-SmbShare","ID-1C5100718C3A","ID-53C3B3D43A67","ID-B671FE129822","ID-B7EB5EC1A959","ID-83E1ECD28854","False",""
"ID-0CE178E955F6","Get-SmbShare","ID-1C5100718C3A","ID-CF83AFBD035A","ID-793456C74E08","ID-A1C3D61D51DC","ID-6E3699FF2EA8","False",""
"ID-C134A27B34F9","Get-SmbShare","ID-1C5100718C3A","ID-9E4DEE4630D1","ID-06229EE87122","ID-B7B4BB934C5D","ID-C5EF5388856A","False",""
"ID-467AC3C59612","Get-SmbShare","ID-1C5100718C3A","ID-C373361E2AA9","ID-B1CFF1ED9197","ID-CD8B2B705E96","ID-C8FAF92E8C28","False",""
"ID-B8C54BECF801","Get-SmbShare","ID-1C5100718C3A","ID-DEAF9805A3BA","ID-9A3935853895","ID-38B4034675B7","ID-9860D6039A92","False",""
"ID-14F183ABA571","Get-SmbShare","ID-1C5100718C3A","ID-1F9FA66A8D11","ID-1CAFBD233CAC","ID-D82C7F06820B","ID-FA3A3DC10BA0","False",""
"ID-0947C5370084","Get-SmbShare","ID-1C5100718C3A","ID-517E66D00B47","ID-00D93E13938F","ID-94DE6835A819","ID-FD8CE1B51391","False",""
"ID-2DEEF7075A0E","Get-SmbShare","ID-1C5100718C3A","ID-95C7089FC272","ID-6332AABB0030","ID-11C47CF5CE4D","ID-D7D3E7E7781D","False",""
"ID-45DF41C82285","Get-SmbShare","ID-1C5100718C3A","ID-591519091F3E","ID-EE1CD8331F9B","ID-05AC79511E53","ID-70B4118E792B","False",""
"ID-617F2AEC3D19","Get-SmbShare","ID-1C5100718C3A","ID-2975BE1FC0F1","ID-CC1FFD68F7A0","ID-6AA3534B74DF","ID-3B169683EDD9","False",""
"ID-3D72E259E408","Get-SmbShare","ID-1C5100718C3A","ID-BF5D6A5E8FB9","ID-D2B152849A7F","ID-528061F453CA","ID-5E2ABE341BC2","False",""
"ID-B3161AFA39C7","Get-SmbShare","ID-1C5100718C3A","ID-1D415AA9375A","ID-8C1FD4E0E7A0","ID-E019A645A6DF","ID-A5F8E934F639","False",""
"ID-9AB3A1D41F6F","Get-SmbShare","ID-1C5100718C3A","ID-9C823850CD4C","ID-B525FB9A0A6A","ID-6A0634F3BEDC","ID-275414E208B5","False",""
"ID-E151038A58F1","Get-SmbShare","ID-1C5100718C3A","ID-086BE622F55E","ID-ADC1B86634B8","ID-472BD6CE70DA","ID-E2AF5395266B","False",""
"ID-E687DEF6E207","Get-SmbShare","ID-1C5100718C3A","ID-9058EB513F70","ID-92078635D909","ID-A25C6D85416F","ID-FCC02BAE1E9B","False",""
"ID-1EE836D214D5","Get-SmbShare","ID-1C5100718C3A","ID-F54B7DB8446D","ID-A1118BBAC3D8","ID-06291C3D3A54","ID-5C85887869A5","False",""
"ID-16B17ECEA9A8","Get-SmbShare","ID-1C5100718C3A","ID-E53F71A04739","ID-4B65B5B07CF7","ID-FF7A3E218FF7","ID-671316992D09","False",""
"ID-90F90BE522E7","Get-SmbShare","ID-1C5100718C3A","ID-F78A03B60627","ID-4052518F800E","ID-05FFE1CF69C7","ID-48B58FA40619","False",""
"ID-7ED99E3DF14D","Get-SmbShare","ID-1C5100718C3A","ID-DF467FF8C6E6","ID-EB8CC13D4D2A","ID-D9059BC9877C","ID-9EC715ECD29E","False",""
"ID-8E0553952B64","Get-SmbShare","ID-1C5100718C3A","ID-7AA6191A944C","ID-C1D5B182B36C","ID-3F58DFEB20D2","ID-7A96B2151E8B","False",""
"ID-F9CC6633F61F","Get-SmbShare","ID-1C5100718C3A","ID-5CA1B866045E","ID-745A94C8A688","ID-4769264CBD94","ID-6181D14CD390","False",""
"ID-DBB1C39A0B00","Get-SmbShare","ID-1C5100718C3A","ID-92C8A130A7C4","ID-BBA79F06BF1D","ID-7C26DE890676","ID-B7617159E40E","False",""
"ID-083441950D2E","Get-SmbShare","ID-1C5100718C3A","ID-BBAE4C722848","ID-65C7FA38789A","ID-6887E9227873","ID-6E307B78A7EE","False",""
"ID-C4B36BC6B4AF","Get-SmbShare","ID-1C5100718C3A","ID-BC014686EEA1","ID-EAD08BF0BFC3","ID-9888785BA34F","ID-FFA13ACBA547","False",""
"ID-C9E8ED6EE942","Get-SmbShare","ID-1C5100718C3A","ID-33DB86B47F23","ID-2709BC071800","ID-0C38D7820722","ID-8B495E0DA569","False",""
"ID-2289EAD8D82D","Get-SmbShare","ID-1C5100718C3A","ID-1C1519611B2B","ID-A5881E034AEB","ID-53B50C7BACAE","ID-67C3B4C671D6","False",""
"ID-05EDA4B1CD86","Get-SmbShare","ID-1C5100718C3A","ID-B0C136F79B25","ID-FC38B3AA416A","ID-F6EA6115C57B","ID-52CCAB47BEC2","False",""
"ID-14FCC0FDFB22","Get-SmbShare","ID-1C5100718C3A","ID-5FBB9A2B899E","ID-9A339C38FFDD","ID-69D2E1971000","ID-3615B90E71BB","False",""
"ID-3ADDA7F5E394","Get-SmbShare","ID-1C5100718C3A","ID-4C2ABE6894C0","ID-DC4DAA7D5275","ID-91DBA78AA722","ID-A232AF3854F4","False",""
"ID-57BD8CDA7077","Get-SmbShare","ID-1C5100718C3A","ID-8DC6ABE05272","ID-139625CF3A9A","ID-0FA5F760FC90","ID-B581FA28EA8C","False",""
"ID-E9C60FF561F0","Get-SmbShare","ID-1C5100718C3A","ID-91327D0BF219","ID-527E8BB0044F","ID-AB3432473610","ID-36F7EBA3F027","False",""
"ID-8199F4D1D424","Get-SmbShare","ID-1C5100718C3A","ID-7C810073BFD0","ID-2DF64AA0014F","ID-9B5FD18D2B82","ID-A26D8C2B6EBD","False",""
"ID-70BDF6B0B975","Get-SmbShare","ID-1C5100718C3A","ID-33DCD1CCBA0E","ID-4AB2090FC28C","ID-66F5D4F3219E","ID-8B83CC05D64C","False",""
"ID-D8CD7F796E22","Get-SmbShare","ID-1C5100718C3A","ID-1B7F59291B27","ID-477BE700943D","ID-EEF3D28188BB","ID-A8955BBD0931","False",""
"ID-C33FA51EC066","Get-SmbShare","ID-1C5100718C3A","ID-D7D2DC6CD1A6","ID-F77A54E0C028","ID-1FCC74CAC2AF","ID-B824211D89C7","False",""
"ID-2D18C633D625","Get-SmbShare","ID-1C5100718C3A","ID-101103A61A48","ID-60A20A94AFA7","ID-87996E71F6A3","ID-7FFAD484048D","False",""
"ID-B5C59F3D2E5D","Get-SmbShare","ID-1C5100718C3A","ID-4204116FA5C3","ID-338CC6440FEB","ID-9935D948A793","ID-D9BAD64BAC74","False",""
"ID-34E2B885354B","Get-SmbShare","ID-1C5100718C3A","ID-38C4C4B625E4","ID-431C67AEBAE3","ID-2BF123A671E3","ID-ACBE36B82769","False",""
"ID-86618F9EAF19","Get-SmbShare","ID-1C5100718C3A","ID-A5A077E6E126","ID-D6330531C86D","ID-3ED0527A3A7E","ID-051A2FDE2193","False",""
"ID-875AA644BF64","Get-SmbShare","ID-1C5100718C3A","ID-ECFA4E38C402","ID-43B9A7EF3A9B","ID-8A58C6928BA8","ID-DE6D181D25A0","False",""
"ID-008890E394CB","Get-SmbShare","ID-1C5100718C3A","ID-752AF52ADCB0","ID-D8B12709B8AE","ID-FCD5B51C9D48","ID-C831AD4A9538","False",""
"ID-3CA7D0E535EC","Get-SmbShare","ID-1C5100718C3A","ID-6FE2853A2665","ID-34975A8A7897","ID-C4ED6788F4DB","ID-0F74EB203D3F","False",""
"ID-4F172941788F","Get-SmbShare","ID-1C5100718C3A","ID-02F8074B119E","ID-D0E18120C6E1","ID-8508995EE53F","ID-36B8D597D48B","False",""
"ID-74D54D731E35","Get-SmbShare","ID-1C5100718C3A","ID-4ECD1C09118A","ID-C61E97BEA6FA","ID-4B448306DC12","ID-5A73D3CFE347","False",""
"ID-1D408B14F488","Get-SmbShare","ID-1C5100718C3A","ID-71815F4DB0D0","ID-5C4EE3A8B478","ID-6E1D93AB1D31","ID-A0D3F85C7000","False",""
"ID-83C596438B47","Get-SmbShare","ID-1C5100718C3A","ID-1C2CD790BBBD","ID-C8B03E01222A","ID-F5FABD6F992E","ID-D6B2D4B2308F","False",""
"ID-1371A33DF7F4","Get-SmbShare","ID-1C5100718C3A","ID-FF54A87BB833","ID-76AF43A284FE","ID-80CA35F2724B","ID-7F62FB2B455B","False",""
"ID-6AF0D280D0CF","Get-SmbShare","ID-1C5100718C3A","ID-E023D77B8564","ID-26B3912E7D6E","ID-9CC83254EE24","ID-84A66E5592C5","False",""
"ID-066ECF24BDD6","Get-SmbShare","ID-1C5100718C3A","ID-8D5763D01C75","ID-B38BDC30EBD4","ID-A0620C400C50","ID-2D16E5471A0E","False",""
"ID-4EB960C1B058","Get-SmbShare","ID-1C5100718C3A","ID-47C7F2D108ED","ID-58791D24636B","ID-F7DC5E96526C","ID-4D253A3B3EF0","False",""
"ID-C6A43A7B7FFA","Get-SmbShare","ID-1C5100718C3A","ID-6AE9C4F84FB3","ID-A9FE30AC5DD6","ID-92CB8FCD625E","ID-F8C4119061ED","False",""
"ID-67532121DE71","Get-SmbShare","ID-1C5100718C3A","ID-5978C6ADA9BD","ID-CB7158FABC13","ID-918DBDA25C85","ID-FDBE4BB47DF3","False",""
"ID-385FAC60F25E","Get-SmbShare","ID-1C5100718C3A","ID-5D68A9890238","ID-23659A0FC9B9","ID-DBF596A84865","ID-8B7FBE2D5CC4","False",""
"ID-8FB08A87821A","Get-SmbShare","ID-1C5100718C3A","ID-D16363C8BA76","ID-9851228BC78E","ID-8C4A1DB3726F","ID-AE5D9508E785","False",""
"ID-1B0D2BC7B4E5","Get-SmbShare","ID-1C5100718C3A","ID-17C7E7F586DD","ID-759945943B02","ID-2379C04FED1C","ID-C9BF7584E4FE","False",""
"ID-F169EE19CC18","Get-SmbShare","ID-1C5100718C3A","ID-56AF0233AE5D","ID-4EA88BBAD0EC","ID-E19BEC0083E0","ID-8C8828D51B90","False",""
"ID-7A0DEC188383","Get-SmbShare","ID-1C5100718C3A","ID-7D202DFEF580","ID-C7237098D7C5","ID-2BEBCC9411BD","ID-A90981D78489","False",""
"ID-0C731D98B010","Get-SmbShare","ID-1C5100718C3A","ID-B2FEB1D2C3C8","ID-A08B39554BE4","ID-88386A16D445","ID-FDABFF788736","False",""
"ID-676F17E08F06","Get-SmbShare","ID-1C5100718C3A","ID-29771035C6CF","ID-7ED01EEB8C75","ID-ED0F79D24FD0","ID-453566C3640F","False",""
"ID-5F805B08A0B9","Get-SmbShare","ID-1C5100718C3A","ID-0632343B3BD4","ID-118FB06FE349","ID-05D70E4C3C2C","ID-21470E044912","False",""
"ID-5D806D3A2C71","Get-SmbShare","ID-1C5100718C3A","ID-476B0705F4C5","ID-E49F9E23F62F","ID-E21F6D1F9DF7","ID-A2756547E352","False",""
"ID-86026C31B641","Get-SmbShare","ID-1C5100718C3A","ID-8514CDB374DB","ID-B3385CE477FC","ID-5F8022B3008A","ID-6362E2B206A6","False",""
"ID-C5FA2EB4A67F","Get-SmbShare","ID-1C5100718C3A","ID-6ACAA6D1DAFB","ID-6D2877DE2781","ID-9907EB0D41A2","ID-BCF5EC0B85F0","False",""
"ID-3A941C54F16C","Get-SmbShare","ID-1C5100718C3A","ID-367604D76E8F","ID-779DE1141353","ID-2229F399D695","ID-2B29195B400A","False",""
"ID-058A799E2607","Get-SmbShare","ID-1C5100718C3A","ID-2015594BF4F8","ID-64149ADAAA32","ID-1BB842DDB7CA","ID-38D27B798022","False",""
"ID-6AC212A8B12F","Get-SmbShare","ID-1C5100718C3A","ID-0827D384FB54","ID-8ECB488F6207","ID-4F0CF063E21E","ID-2998C8B90689","False",""
"ID-75D1766CF45B","Get-SmbShare","ID-1C5100718C3A","ID-F6746822E300","ID-42288F25B928","ID-4832671AC8AC","ID-E356F29D85F4","False",""
"ID-A87D455646EB","Get-SmbShare","ID-1C5100718C3A","ID-4DE6234E9F04","ID-B40501A4260F","ID-0675AEA6A234","ID-7A461FFB1129","False",""
"ID-C109193D9695","Get-SmbShare","ID-1C5100718C3A","ID-2ACC1BF60142","ID-2A6BBFE28ACA","ID-875DACBC8C54","ID-4A1067C244BC","False",""
"ID-1869D9D0B5C4","Get-SmbShare","ID-1C5100718C3A","ID-D2FF4DCF23D9","ID-8409ED7AFC94","ID-2626D564DF58","ID-B17D61EB176B","False",""
"ID-03B7A9CEC579","Get-SmbShare","ID-1C5100718C3A","ID-1A83C136340B","ID-F3A202FD1300","ID-F8881B35F650","ID-DAC98B244225","False",""
"ID-564D74068950","Get-SmbShare","ID-1C5100718C3A","ID-E7FD36259C9D","ID-327F27378D98","ID-FC48164B3BDD","ID-E2B78C065A98","False",""
"ID-28AFAB9E2461","Get-SmbShare","ID-1C5100718C3A","ID-81B37318DA9F","ID-D328641EBDED","ID-90E323676D9E","ID-CCCE28002EAE","False",""
"ID-9866428035C6","Get-SmbShare","ID-1C5100718C3A","ID-733CDCFABFBA","ID-4E47228E75B8","ID-1FA3215143B8","ID-E79659ABA4A9","False",""
"ID-31A3391AC535","Get-SmbShare","ID-1C5100718C3A","ID-56EE55C493A0","ID-9168CE16FD5F","ID-E9A556B356CA","ID-ED1ACEBD6D22","False",""
"ID-670A11217498","Get-SmbShare","ID-1C5100718C3A","ID-4C1BC94AFB31","ID-2B6AD655A86B","ID-4BDAB3F49471","ID-63C4C7EA212B","False",""
"ID-176C1CD16B83","Get-SmbShare","ID-1C5100718C3A","ID-2E436857A1E2","ID-CC1945D3B03E","ID-BF501ED6D7BA","ID-546F61580FF6","False",""
"ID-162C37B5820C","Get-SmbShare","ID-1C5100718C3A","ID-6E7E90CF6D6F","ID-C86B2D192970","ID-A751B7EE9D1F","ID-553980F71602","False",""
"ID-9ADF3911F35A","Get-SmbShare","ID-1C5100718C3A","ID-E6F6C01E7B92","ID-D0AEE2C9D027","ID-A68B53981154","ID-53A930EDE018","False",""
"ID-090599BE211C","Get-SmbShare","ID-1C5100718C3A","ID-B3C4480D6DB8","ID-D89CA4B60C7E","ID-E03B866426D4","ID-66AC8E367DF7","False",""
"ID-A6274D36B673","Get-SmbShare","ID-1C5100718C3A","ID-6A50D8CEF28D","ID-1E903228901C","ID-0C16EBA478B5","ID-B0AC5B236B7A","False",""
"ID-A265E1068D43","Get-SmbShare","ID-1C5100718C3A","ID-61F09720307D","ID-18BB196E8E35","ID-734E4475F499","ID-C1B2DA7AFA10","False",""
"ID-74EBF1652C35","Get-SmbShare","ID-1C5100718C3A","ID-91C0A56CF01E","ID-B914A83C3A57","ID-FBA653214A5B","ID-7458FE407E7A","False",""
"ID-82ABF23B3BA0","Get-SmbShare","ID-1C5100718C3A","ID-B156CED261B8","ID-FE1369AC4594","ID-100F9DB500C2","ID-EB45A51FEC8A","False",""
"ID-E6A8A8F91EFF","Get-SmbShare","ID-1C5100718C3A","ID-1D3654CDFA1E","ID-BAA1A885C925","ID-16B8906A0AD2","ID-9ECF0A770E79","False",""
"ID-F37BE760AE41","Get-SmbShare","ID-1C5100718C3A","ID-25D2BA96147B","ID-6AA64838584E","ID-08AFAD9BC95A","ID-E87CB519C8AC","False",""
"ID-018197248D33","Get-SmbShare","ID-1C5100718C3A","ID-768A2AA53A04","ID-DAF3E3548A8B","ID-0F0B0DCB5B6D","ID-0C7EED96D347","False",""
"ID-8CFB42968112","Get-SmbShare","ID-1C5100718C3A","ID-B35BB8395FC7","ID-3F22E84DAFF5","ID-08143EA1D6BC","ID-B655DD1CBB8C","False",""
"ID-4C82A36DE504","Get-SmbShare","ID-1C5100718C3A","ID-CB81FF6BC924","ID-43E54D1A10D4","ID-42509BF4B7AC","ID-1D1E615827CD","False",""
"ID-D3874DE06757","Get-SmbShare","ID-1C5100718C3A","ID-2286306A62BC","ID-992EEE231D5C","ID-039E22D04D46","ID-93F4C8250AA4","False",""
"ID-CD2064FDBB72","Get-SmbShare","ID-1C5100718C3A","ID-482E57D73A2B","ID-2935025896C9","ID-D3D9F95E239A","ID-BFC00F65F698","False",""
"ID-52E1CE8DC224","Get-SmbShare","ID-1C5100718C3A","ID-B40582C28925","ID-E8BECED87847","ID-18AF45B927EA","ID-678D03737AA6","False",""
"ID-FC687E3676BA","Get-SmbShare","ID-1C5100718C3A","ID-9FD2561F2D6D","ID-4F1C1658D465","ID-5EF07EB6AD95","ID-A0D8A9867C33","False",""
"ID-E1A5B09FCDE0","Get-SmbShare","ID-1C5100718C3A","ID-914CC1E55587","ID-C8BB2AB39142","ID-7BD1E43C3101","ID-053ABC12D766","False",""
"ID-527906860DD9","Get-SmbShare","ID-1C5100718C3A","ID-740F5E9158AB","ID-FD9E0F84082A","ID-A4CC2A476BC5","ID-7830F35DB9F2","False",""
"ID-F9138B2AC339","Get-SmbShare","ID-1C5100718C3A","ID-85C2B1D9B067","ID-D298A7F1C425","ID-04B94C31F88F","ID-FE5D35BEF92E","False",""
"ID-DC190EE601DF","Get-SmbShare","ID-1C5100718C3A","ID-96B412C22A4F","ID-41CBB233F443","ID-47EEA670061A","ID-C4A1D4EED730","False",""
"ID-2D0EE4C04F45","Get-SmbShare","ID-1C5100718C3A","ID-154C53594BF5","ID-C2104BBE058D","ID-0465330D985B","ID-C3CC276C6CBC","False",""
"ID-61F0580FCA8B","Get-SmbShare","ID-1C5100718C3A","ID-6BC905B35C29","ID-C04E4D5DC601","ID-5E502B001221","ID-331C26FBE9FC","False",""
"ID-271FC70318C7","Get-SmbShare","ID-1C5100718C3A","ID-A6AECD59EDD4","ID-E75F9DF2B5EA","ID-4084414E3D72","ID-016F9BE59020","False",""
"ID-A7A7D924EE06","Get-SmbShare","ID-1C5100718C3A","ID-4B77E2698499","ID-C86BD6247A03","ID-5596BA7C6D9A","ID-1D0B402CC513","False",""
"ID-D235970EA67C","Get-SmbShare","ID-1C5100718C3A","ID-944CBF43C920","ID-7DD1F3696537","ID-41E55CC2CAEF","ID-CF258047FD36","False",""
"ID-9DBB1F7CD8D1","Get-SmbShare","ID-1C5100718C3A","ID-BE017CCA23B8","ID-090B88F71180","ID-08BCF60E94A9","ID-6A98B4CF24F5","False",""
"ID-A8BEB5FCC841","Get-SmbShare","ID-1C5100718C3A","ID-6449FBDEEA16","ID-C79F30A40BEE","ID-163C2EA6FD48","ID-18D9B2F7C7AD","False",""
"ID-9A41D4B6DFC3","Get-SmbShare","ID-1C5100718C3A","ID-42CDAFDF560E","ID-852667CC4129","ID-E2630031D6F1","ID-DE7F11C265C1","False",""
"ID-A0C09D4098DB","Get-SmbShare","ID-1C5100718C3A","ID-7D66C14B56C9","ID-A72B954378BB","ID-A65C13B3AF1C","ID-C833AD233088","False",""
"ID-F8E6494BE27D","Get-SmbShare","ID-1C5100718C3A","ID-6410FA35C3F4","ID-8A0C6CFCEDF4","ID-2D333436897E","ID-28EB0C371669","False",""
"ID-3D40A309B9EA","Get-SmbShare","ID-1C5100718C3A","ID-CC9687440089","ID-AE80CF88C284","ID-7565A82A1205","ID-76007D7D3EAF","False",""
"ID-A9AE53A7B1F4","Get-SmbShare","ID-1C5100718C3A","ID-1DFF55157ED8","ID-9FD314764DFC","ID-8558761FC984","ID-F06E0336DF8A","False",""
"ID-659960E88AF8","Get-SmbShare","ID-1C5100718C3A","ID-D4E980209A1A","ID-D86ABFC076CB","ID-96B428DE5F99","ID-76FA8C9F53CE","False",""
"ID-7477E596CBFD","Get-SmbShare","ID-1C5100718C3A","ID-60F11BDA92BB","ID-1582A597A577","ID-24BF3C494AF9","ID-480300FF31BA","False",""
"ID-DE2290EC2EEE","Get-SmbShare","ID-1C5100718C3A","ID-1D35307ECD12","ID-7D01E700B223","ID-5036BAEB47A9","ID-5950CDE8F443","False",""
"ID-60A821374392","Get-SmbShare","ID-1C5100718C3A","ID-D5889E71A5F4","ID-73FC7190BE22","ID-C7D75E019F1E","ID-D39EF45914FD","False",""
"ID-E004B34628FC","Get-SmbShare","ID-1C5100718C3A","ID-E76480ABCB2E","ID-23DC14A0B34F","ID-6C9EAF4AC7B6","ID-E35CB4584AD7","False",""
"ID-C264ED80B217","Get-SmbShare","ID-1C5100718C3A","ID-88D2273F3AF9","ID-0C7400B691F0","ID-339C589A6F46","ID-A0990C9D5A10","False",""
"ID-A62AA04BDAB6","Get-SmbShare","ID-1C5100718C3A","ID-E9E1B452D744","ID-9BF65DDDB97F","ID-0BA473F9C033","ID-2CEBDD22DF8F","False",""
"ID-FBD0B8F6649C","Get-SmbShare","ID-1C5100718C3A","ID-AC94AC4FC2E7","ID-446BC8E0DDC9","ID-A94557A134BA","ID-66C7FC88781A","False",""
"ID-F566358DDF6E","Get-SmbShare","ID-1C5100718C3A","ID-594ADDD65841","ID-BA9522EBA5D2","ID-EED3C5699831","ID-408ADAF9102C","False",""
"ID-8DB73BDC737D","Get-SmbShare","ID-1C5100718C3A","ID-F69B8E23E154","ID-B4699C4F8B59","ID-4A574EB2CF3E","ID-F26553A910D9","False",""
"ID-693E06240AF8","Get-SmbShare","ID-1C5100718C3A","ID-BD9424A9672A","ID-CBECAB382BDC","ID-F9D1C01546E4","ID-C5CF1A6BBBEF","False",""
"ID-5CD6ECAD06C6","Get-SmbShare","ID-1C5100718C3A","ID-8801D3539C65","ID-7074756E8E36","ID-1B44439064AC","ID-3C5675D04581","False",""
"ID-FF124570C335","Get-SmbShare","ID-1C5100718C3A","ID-53E579BE320C","ID-9719EF3360C4","ID-ED91F1F2CA82","ID-A983BE732C01","False",""
"ID-6FD723CB2D9C","Get-SmbShare","ID-1C5100718C3A","ID-B7E5650389E1","ID-E7619B2CAA50","ID-AED72D9D8E2A","ID-9C8494B385E0","False",""
"ID-38513BEC2132","Get-SmbShare","ID-1C5100718C3A","ID-197BD0D43021","ID-2B1F23829768","ID-1DA7C95872AD","ID-4262A19618CC","False",""
"ID-C1406E3F26E1","Get-SmbShare","ID-1C5100718C3A","ID-577BED17D916","ID-5011F2D2C180","ID-4C36DA59CCEE","ID-51583F7BABE1","False",""
"ID-421097DB8781","Get-SmbShare","ID-1C5100718C3A","ID-0CC5709891F8","ID-20848BF30BB3","ID-BF6EA5AC5F81","ID-C0D466E68667","False",""
"ID-80FD41030D28","Get-SmbShare","ID-1C5100718C3A","ID-760A62A28AFF","ID-EBFEA73F8009","ID-AB9E1776FB29","ID-3AD7BAF1F456","False",""
"ID-808E3F07CECF","Get-SmbShare","ID-1C5100718C3A","ID-3FB24AC182DA","ID-64B9D78C5E6F","ID-276B0A54F7CF","ID-108D6E7262B2","False",""
"ID-F85AF365E7BA","Get-SmbShare","ID-1C5100718C3A","ID-3C0E3E26FEB9","ID-F91F27FAA2CC","ID-CCCF4F0A85DA","ID-36D56D96F661","False",""
"ID-7D500D72EB3C","Get-SmbShare","ID-1C5100718C3A","ID-0F6902368773","ID-ED1CA0CC2445","ID-BE3E032CC9F8","ID-8750B40D02C7","False",""
"ID-5023A2B6D80F","Get-SmbShare","ID-1C5100718C3A","ID-8B4D39CDFEB1","ID-2BE32CD5CAFD","ID-BE721BDC7EE9","ID-88FF766FD317","False",""
"ID-6E3D6B8288F3","Get-SmbShare","ID-1C5100718C3A","ID-0C64F50A4195","ID-7AEFA983CED9","ID-8DB3B57F9F3A","ID-68D0DBC6BFE4","False",""
"ID-09E4D6941BF4","Get-SmbShare","ID-1C5100718C3A","ID-337866B59D65","ID-EF7D7AB28D84","ID-547C7BFA59D6","ID-5E735C14449D","False",""
"ID-CC31BBF06DC0","Get-SmbShare","ID-1C5100718C3A","ID-E511F1CAC6BB","ID-75396DE2F2C1","ID-E3F5E9193707","ID-C1F8CD64184A","False",""
"ID-F252A7B87037","Get-SmbShare","ID-1C5100718C3A","ID-082AD1460970","ID-E65A95E9043C","ID-7AC05CFFEE7D","ID-8497BB44F348","False",""
"ID-588DDDA3D84D","Get-SmbShare","ID-1C5100718C3A","ID-B107E7D4B772","ID-44AF73706056","ID-94D78AF407FE","ID-ADB34C2B0ADE","False",""
"ID-90E5136EB087","Get-SmbShare","ID-1C5100718C3A","ID-6616D830C9B6","ID-5E08E56C6D9E","ID-64B48C1FC241","ID-44E472090AA4","False",""
"ID-358724F9C321","Get-SmbShare","ID-1C5100718C3A","ID-E54741C8144F","ID-C9CF54DCB63A","ID-269C20A67820","ID-6F30EDA89EC0","False",""
"ID-57C65BD24302","Get-SmbShare","ID-1C5100718C3A","ID-FDE6F9FE9434","ID-EFA1550FF081","ID-6F544F545B68","ID-763603B3A724","False",""
"ID-D0BE4E751E7E","Get-SmbShare","ID-1C5100718C3A","ID-9B5012AF3747","ID-15F583A30DF6","ID-4B9FA4B5B855","ID-860727E3343B","False",""
"ID-94DA238A7344","Get-SmbShare","ID-1C5100718C3A","ID-BCCD685979ED","ID-A3F84282638C","ID-34952AEB40A0","ID-83E80653E6F2","False",""
"ID-87B8BE2679A2","Get-SmbShare","ID-1C5100718C3A","ID-FDFF28C1050E","ID-8D5A88D36891","ID-181415E1350A","ID-D41357936F48","False",""
"ID-16B41CEAF42B","Get-SmbShare","ID-1C5100718C3A","ID-8818601E95F2","ID-7C4C2F669F6F","ID-0940AF8C4DDF","ID-3D4F7BF78B23","False",""
"ID-C05E6BB9D24B","Get-SmbShare","ID-1C5100718C3A","ID-B53C4492293B","ID-DF86B66B374C","ID-4B09061A86BE","ID-AE9058B53E90","False",""
"ID-BD2664F4BB01","Get-SmbShare","ID-1C5100718C3A","ID-C0F0DD3DCC80","ID-CA48E0FB36B6","ID-432AA9FF731B","ID-34B9F074E882","False",""
"ID-A040368B1BF4","Get-SmbShare","ID-1C5100718C3A","ID-83E2817C9823","ID-862AECBBCF91","ID-02CF5F6A6D80","ID-3A307B27824D","False",""
"ID-5A244C4A0262","Get-SmbShare","ID-1C5100718C3A","ID-051B96EE5419","ID-1923875D13E6","ID-DFC065A7FE7D","ID-4D233CB941D2","False",""
"ID-4A7AED37E91B","Get-SmbShare","ID-1C5100718C3A","ID-F1D57060DADA","ID-AC7E2DF0A687","ID-03C5EF58030E","ID-02FC72DF0EA3","False",""
"ID-81A8E3F35DCF","Get-SmbShare","ID-1C5100718C3A","ID-CDA757D15777","ID-20CED3D88D93","ID-2A5472880F34","ID-6B1D63FEDC02","False",""
"ID-6FCF861C020E","Get-SmbShare","ID-1C5100718C3A","ID-088FAA67ABC2","ID-11A6BB3F88BD","ID-11FEF85BA11E","ID-C7E0CAC57FC5","False",""
"ID-D518C6DAD2FB","Get-SmbShare","ID-1C5100718C3A","ID-A9A97F558302","ID-766724A63C30","ID-B11AD972889C","ID-6A5E1BB0081A","False",""
"ID-85E6C786406A","Get-SmbShare","ID-1C5100718C3A","ID-F6F2A29496CD","ID-B19B6DEDD3D1","ID-F82537854C5D","ID-717281FB939A","False",""
"ID-646851050243","Get-SmbShare","ID-1C5100718C3A","ID-1CFB17A814D5","ID-00013028B0F7","ID-B5A471B157E9","ID-31A969AA178A","False",""
"ID-D4017D73349E","Get-SmbShare","ID-1C5100718C3A","ID-99CEA67E9CC2","ID-94170FC82B6E","ID-73E38B7490AE","ID-96EEB50B654F","False",""
"ID-008A270D9B49","Get-SmbShare","ID-1C5100718C3A","ID-48E17AB5A103","ID-5FBCAFDFDC9E","ID-AB4B9CA4F43A","ID-DAA39E4CA267","False",""
"ID-304091463464","Get-SmbShare","ID-1C5100718C3A","ID-DA45F8AB4C1A","ID-DB0351CA0DC0","ID-09B98C2F6AE0","ID-6105065B826A","False",""
"ID-CD2894ECDF5C","Get-SmbShare","ID-1C5100718C3A","ID-850138D02F9C","ID-3A7291B89365","ID-8294DFA2B6AB","ID-463786ECEB00","False",""
"ID-09259615AE2A","Get-SmbShare","ID-1C5100718C3A","ID-764143B5A6C3","ID-25ACB4111648","ID-23A4DFAB2210","ID-9BBA64B43E96","False",""
"ID-556B4AD216AC","Get-SmbShare","ID-1C5100718C3A","ID-B10209684921","ID-2F4E6FD471AF","ID-DAD9AEAA4FE8","ID-F2BD8D8A0824","False",""
"ID-AF1E9FCD1E34","Get-SmbShare","ID-1C5100718C3A","ID-2EE8250CFD6C","ID-E292A8382765","ID-048A529E2C6A","ID-26292F203678","False",""
"ID-61CB28842742","Get-SmbShare","ID-1C5100718C3A","ID-7526EB2B644C","ID-866F3A7F69E6","ID-DE2B70281FF9","ID-E2169B2CF0EA","False",""
"ID-CFBAB562B5AB","Get-SmbShare","ID-1C5100718C3A","ID-0C2EA84A0961","ID-03D4CAF23DBB","ID-101157157ACC","ID-E5D9031BD9AB","False",""
"ID-CC8E5D2332FE","Get-SmbShare","ID-1C5100718C3A","ID-089079C0F0FF","ID-E3A2BB6199D3","ID-7E426D6B2CE7","ID-50C22164D260","False",""
"ID-12DEC05ED490","Get-SmbShare","ID-1C5100718C3A","ID-338D6F87B9D1","ID-D8E93B22A089","ID-548D3F81290C","ID-68170FAB04BA","False",""
"ID-894FE1FCA83C","Get-SmbShare","ID-1C5100718C3A","ID-2AE3B915045F","ID-F5B1D8992997","ID-E0FD731F92E7","ID-996D44F063BA","False",""
"ID-1F5631C1EF8A","Get-SmbShare","ID-1C5100718C3A","ID-7DDAF038F4EC","ID-B603420A3EA1","ID-F56AF804A932","ID-C4C4C6522653","False",""
"ID-323BF305BAAB","Get-SmbShare","ID-1C5100718C3A","ID-0803EC7DF50D","ID-985450F52E8C","ID-305AEC10B5FE","ID-311FC191EBB6","False",""
"ID-0C3918E0B8AC","Get-SmbShare","ID-1C5100718C3A","ID-F4B3366DC817","ID-7908415F40C6","ID-91AF8437FB09","ID-E015CB772873","False",""
"ID-FE1D0714360D","Get-SmbShare","ID-1C5100718C3A","ID-48E27906CC81","ID-2F694F67606C","ID-37B6553F31B1","ID-3E426A3D4232","False",""
"ID-29785CABB643","Get-SmbShare","ID-1C5100718C3A","ID-AEF053DE5D71","ID-61C2D7FA6C2C","ID-A0A2AA551E1C","ID-A62C90FA02C7","False",""
"ID-1243C97FC971","Get-SmbShare","ID-1C5100718C3A","ID-AB3A7EFB13F6","ID-AB4ED4F6B7ED","ID-BA91C3FA1D2E","ID-EF7A68B72598","False",""
"ID-AA3FDC18671A","Get-SmbShare","ID-1C5100718C3A","ID-B8EB4365D2B2","ID-4D92E214B504","ID-717790450A24","ID-36A2B155427E","False",""
"ID-F6963066D78F","Get-SmbShare","ID-1C5100718C3A","ID-8B987984089B","ID-8DACECC07DFE","ID-76E7936CF588","ID-ECA2A64A00EC","False",""
"ID-EAEEF1B278CE","Get-SmbShare","ID-1C5100718C3A","ID-2F4ACC072181","ID-64F1A1105684","ID-EC640927F032","ID-41B0F4B40D92","False",""
"ID-334FC7A767C5","Get-SmbShare","ID-1C5100718C3A","ID-4955CC214728","ID-729FFE98F22B","ID-EEF7BEEB5A9E","ID-F12C0E9F769C","False",""
"ID-2B6F1B4CFD82","Get-SmbShare","ID-1C5100718C3A","ID-471EDDFBDB87","ID-75D4E4A83649","ID-4DE39978A233","ID-A76903E179E1","False",""
"ID-3F7EDF9B2489","Get-SmbShare","ID-1C5100718C3A","ID-0485B2CE0251","ID-0B203EC437C2","ID-740C7F95ACFF","ID-2BF9839FCC81","False",""
"ID-C536903084F0","Get-SmbShare","ID-1C5100718C3A","ID-8F877A97F072","ID-1A0CE8BB2138","ID-44855F6713C3","ID-931736CD9F2B","False",""
"ID-103E50907601","Get-SmbShare","ID-1C5100718C3A","ID-F8A5EA7BFADA","ID-7A3FD47B0294","ID-68FE7839A817","ID-88BC49718DED","False",""
"ID-CAD72EF8281E","Get-SmbShare","ID-1C5100718C3A","ID-13DD9265BE82","ID-1B6494AA4010","ID-8AE9349423EB","ID-C3FD330B7275","False",""
"ID-7ED9A059B482","Get-SmbShare","ID-1C5100718C3A","ID-5B5E0FE131F0","ID-1FFC6CEA1844","ID-D50A95F0058E","ID-5869F95DD614","False",""
"ID-3C0E724E4B5E","Get-SmbShare","ID-1C5100718C3A","ID-10B9ACD16978","ID-ADD4255CFB08","ID-DE5335094795","ID-84A7E61FCAB5","False",""
"ID-1DD38ABAF5AE","Get-SmbShare","ID-1C5100718C3A","ID-046154CE9796","ID-3FE1958EA23A","ID-6E9C434420C4","ID-016380184CE1","False",""
"ID-DA57678CBF35","Get-SmbShare","ID-1C5100718C3A","ID-B97965924C34","ID-B46B6DE7EDF2","ID-31D638B5047D","ID-E9003B9B689C","False",""
"ID-F61832436AFF","Get-SmbShare","ID-1C5100718C3A","ID-B25831046A80","ID-6202A0A427D2","ID-9A05086E1668","ID-C68A8F05AD8D","False",""
"ID-00D8762B40E2","Get-SmbShare","ID-1C5100718C3A","ID-C8A9F4924D7E","ID-7755A37088F1","ID-C31DDF187E6E","ID-AE1E2EACC849","False",""
"ID-4EA5619AC866","Get-SmbShare","ID-1C5100718C3A","ID-B31CD31D1013","ID-1E65F8CA64D3","ID-2B27A9771D87","ID-7E533E8BDB28","False",""
"ID-503C0C6E425A","Get-SmbShare","ID-1C5100718C3A","ID-134B26BF8A8B","ID-C8C8C21C58C3","ID-54FF9D3D5B43","ID-25718F689B0D","False",""
"ID-A257110B3D52","Get-SmbShare","ID-1C5100718C3A","ID-19286413747F","ID-BCD796C89325","ID-3E5EBC85B884","ID-9DF2B77E557C","False",""
"ID-9B343EC131FC","Get-SmbShare","ID-1C5100718C3A","ID-7D66BC9DEA0D","ID-B773B18C2D6E","ID-6FF75C7AA3D0","ID-D5173CDEFA45","False",""
"ID-436778ADA85F","Get-SmbShare","ID-1C5100718C3A","ID-56BD58642FFA","ID-76DE91C12A7B","ID-1D9CD57B65CE","ID-719B4133016A","False",""
"ID-BD756E4CFECC","Get-SmbShare","ID-1C5100718C3A","ID-2EB7FBA191F5","ID-D6FF9FF4D1B5","ID-E28C14749876","ID-FAFE596A1CBD","False",""
"ID-72B9DDC68E7B","Get-SmbShare","ID-1C5100718C3A","ID-7D635EE27691","ID-353AAF8C528B","ID-C3E608692E6F","ID-402DC070170A","False",""
"ID-1737F2AE73FC","Get-SmbShare","ID-1C5100718C3A","ID-755370D7AF0C","ID-BD3C6A162D46","ID-1B597B00BA39","ID-B43A0307EC16","False",""
"ID-E74925A07AB8","Get-SmbShare","ID-1C5100718C3A","ID-C687EB8DE79D","ID-25103D469BE7","ID-BB5CB2D9762C","ID-04800289323F","False",""
"ID-9B13B53652B1","Get-SmbShare","ID-1C5100718C3A","ID-21935C754D4A","ID-1DF98BF07AA9","ID-176C89AB867F","ID-D9F7EE6307B7","False",""
"ID-451E8C086E55","Get-SmbShare","ID-1C5100718C3A","ID-4FD5819AA70E","ID-F78CDEFD05A3","ID-2AD4A1064B57","ID-35809D159921","False",""
"ID-FD4051FA868A","Get-SmbShare","ID-1C5100718C3A","ID-887CA4084604","ID-E61451EAA163","ID-DEA79C66B30A","ID-853115479B0F","False",""
"ID-0D49B0CC6BBA","Get-SmbShare","ID-1C5100718C3A","ID-517B91A9552E","ID-458DC44B812C","ID-E8DD5BBFF8A2","ID-4EF1C401A04C","False",""
"ID-050C505D4F00","Get-SmbShare","ID-1C5100718C3A","ID-356895011336","ID-B15A6CEE39DD","ID-03BE4D355FC0","ID-FBF2896E5348","False",""
"ID-6D409413B809","Get-SmbShare","ID-1C5100718C3A","ID-D5A16974E60B","ID-CE5DD874EB8C","ID-F7E7894A8E41","ID-C1F1AD8738A4","False",""
"ID-ECDD7A61A56A","Get-SmbShare","ID-1C5100718C3A","ID-A20F94C76F09","ID-CA7D641C46AF","ID-9846071DEA1A","ID-A0200A5FE7C3","False",""
"ID-FFBBBF4AF26F","Get-SmbShare","ID-1C5100718C3A","ID-79083467FFB4","ID-333887CD71A3","ID-74AF2FB7DC9F","ID-4BB328CE749A","False",""
"ID-DE15F57BBAFB","Get-SmbShare","ID-1C5100718C3A","ID-BD0A5A271921","ID-7D40AF9CF49F","ID-C5F1BFC4BF0C","ID-D88F357FB508","False",""
"ID-65D9E22E1A78","Get-SmbShare","ID-1C5100718C3A","ID-3DA8C9D2617D","ID-84E58F0E6086","ID-F5934BC78EE9","ID-D014BF62FF4D","False",""
"ID-CFCFD7E160B6","Get-SmbShare","ID-1C5100718C3A","ID-44E5875C5F16","ID-23FCE5E32D25","ID-4039D7155129","ID-996B3C3CF445","False",""
"ID-0C6AB53EC604","Get-SmbShare","ID-1C5100718C3A","ID-18B51B88EA09","ID-4E865DBF9187","ID-7BD896DF8811","ID-EE4A630E9CF3","False",""
"ID-4E68E53BE9AF","Get-SmbShare","ID-1C5100718C3A","ID-2A7A030D7268","ID-F31F1B0113FD","ID-ACD1082F6396","ID-326581B5DD96","False",""
"ID-18EB141BA849","Get-SmbShare","ID-1C5100718C3A","ID-152DE0CD19A3","ID-F3AE339A1B4E","ID-30E6432071FC","ID-C73408576C33","False",""
"ID-71D1CCD92E75","Get-SmbShare","ID-1C5100718C3A","ID-844E01C26C64","ID-DC1E8ABB9678","ID-49ECB9DD7C93","ID-39C3981FCC6C","False",""
"ID-AA28AA5D2816","Get-SmbShare","ID-1C5100718C3A","ID-88E847BE6FF4","ID-7DE5877D9993","ID-FE3AF039FEB1","ID-5A7AA290F879","False",""
"ID-5EE28189F89A","Get-SmbShare","ID-1C5100718C3A","ID-BCEEFB246292","ID-8FF5538B7C2A","ID-927F89341F56","ID-535CD98A0939","False",""
"ID-9C00397A8ECF","Get-SmbShare","ID-1C5100718C3A","ID-17D7618C81DB","ID-A23B2CE1337D","ID-A2A901F94063","ID-CEE320526CC9","False",""
"ID-51DE783EFB12","Get-SmbShare","ID-1C5100718C3A","ID-5E4E1B69CC7C","ID-B26A6953A8F9","ID-58FFE61DDAB4","ID-B6242DB3535B","False",""
"ID-96DB2C635531","Get-SmbShare","ID-1C5100718C3A","ID-C52A60D140E9","ID-34D5611B6C8C","ID-8CD840544BC7","ID-A4E4201A98AA","False",""
