"ParentGroup","ChildIdentity","ChildObjectClass","Depth","IsCycle","IsTruncated"
"BUILTIN\Administrators","BUILTIN\Domain Admins","group","1","False","False"
"BUILTIN\Domain Admins","BUILTIN\Administrator","user","2","False","False"
"BUILTIN\Administrators","BUILTIN\Enterprise Admins","group","1","False","False"
"BUILTIN\Enterprise Admins","BUILTIN\Administrator","user","2","False","False"
"BUILTIN\Administrators","BUILTIN\Administrator","user","1","False","False"
"LAB\SS-Finance-Readers","LAB\Ava.Accounting","user","1","False","False"
"LAB\SS-Finance-Readers","LAB\Noah.Payroll","user","1","False","False"
"LAB\SS-Eng-Readers","LAB\Mia.Engineering","user","1","False","False"
"LAB\SS-Eng-Readers","LAB\Parker.Manager","user","1","False","False"
"LAB\SS-Operations-Owners","LAB\Leo.Operations","user","1","False","False"
"LAB\SS-Operations-Owners","LAB\Quinn.Manager","user","1","False","False"
"LAB\SS-ENT-0001-Readers","LAB\SSUser00001","user","1","False","False"
"LAB\SS-ENT-0001-Readers","LAB\SSUser00002","user","1","False","False"
"LAB\SS-ENT-0002-Readers","LAB\SSUser00002","user","1","False","False"
"LAB\SS-ENT-0002-Readers","LAB\SSUser00003","user","1","False","False"
"LAB\SS-ENT-0003-Readers","LAB\SSUser00003","user","1","False","False"
"LAB\SS-ENT-0003-Readers","LAB\SSUser00004","user","1","False","False"
"LAB\SS-ENT-0004-Readers","LAB\SSUser00004","user","1","False","False"
"LAB\SS-ENT-0004-Readers","LAB\SSUser00005","user","1","False","False"
"LAB\SS-ENT-0005-Readers","LAB\SSUser00005","user","1","False","False"
"LAB\SS-ENT-0005-Readers","LAB\SSUser00006","user","1","False","False"
"LAB\SS-ENT-0006-Readers","LAB\SSUser00006","user","1","False","False"
"LAB\SS-ENT-0006-Readers","LAB\SSUser00007","user","1","False","False"
"LAB\SS-ENT-0007-Readers","LAB\SSUser00007","user","1","False","False"
"LAB\SS-ENT-0007-Readers","LAB\SSUser00008","user","1","False","False"
"LAB\SS-ENT-0008-Readers","LAB\SSUser00008","user","1","False","False"
"LAB\SS-ENT-0008-Readers","LAB\SSUser00009","user","1","False","False"
"LAB\SS-ENT-0009-Readers","LAB\SSUser00009","user","1","False","False"
"LAB\SS-ENT-0009-Readers","LAB\SSUser00010","user","1","False","False"
"LAB\SS-ENT-0010-Readers","LAB\SSUser00010","user","1","False","False"
"LAB\SS-ENT-0010-Readers","LAB\SSUser00011","user","1","False","False"
"LAB\SS-ENT-0011-Readers","LAB\SSUser00011","user","1","False","False"
"LAB\SS-ENT-0011-Readers","LAB\SSUser00012","user","1","False","False"
"LAB\SS-ENT-0012-Readers","LAB\SSUser00012","user","1","False","False"
"LAB\SS-ENT-0012-Readers","LAB\SSUser00013","user","1","False","False"
"LAB\SS-ENT-0013-Readers","LAB\SSUser00013","user","1","False","False"
"LAB\SS-ENT-0013-Readers","LAB\SSUser00014","user","1","False","False"
"LAB\SS-ENT-0014-Readers","LAB\SSUser00014","user","1","False","False"
"LAB\SS-ENT-0014-Readers","LAB\SSUser00015","user","1","False","False"
"LAB\SS-ENT-0015-Readers","LAB\SSUser00015","user","1","False","False"
"LAB\SS-ENT-0015-Readers","LAB\SSUser00016","user","1","False","False"
"LAB\SS-ENT-0016-Readers","LAB\SSUser00016","user","1","False","False"
"LAB\SS-ENT-0016-Readers","LAB\SSUser00017","user","1","False","False"
"LAB\SS-ENT-0017-Readers","LAB\SSUser00017","user","1","False","False"
"LAB\SS-ENT-0017-Readers","LAB\SSUser00018","user","1","False","False"
"LAB\SS-ENT-0018-Readers","LAB\SSUser00018","user","1","False","False"
"LAB\SS-ENT-0018-Readers","LAB\SSUser00019","user","1","False","False"
"LAB\SS-ENT-0019-Readers","LAB\SSUser00019","user","1","False","False"
"LAB\SS-ENT-0019-Readers","LAB\SSUser00020","user","1","False","False"
"LAB\SS-ENT-0020-Readers","LAB\SSUser00020","user","1","False","False"
"LAB\SS-ENT-0020-Readers","LAB\SSUser00021","user","1","False","False"
"LAB\SS-ENT-0021-Readers","LAB\SSUser00021","user","1","False","False"
"LAB\SS-ENT-0021-Readers","LAB\SSUser00022","user","1","False","False"
"LAB\SS-ENT-0022-Readers","LAB\SSUser00022","user","1","False","False"
"LAB\SS-ENT-0022-Readers","LAB\SSUser00023","user","1","False","False"
"LAB\SS-ENT-0023-Readers","LAB\SSUser00023","user","1","False","False"
"LAB\SS-ENT-0023-Readers","LAB\SSUser00024","user","1","False","False"
"LAB\SS-ENT-0024-Readers","LAB\SSUser00024","user","1","False","False"
"LAB\SS-ENT-0024-Readers","LAB\SSUser00025","user","1","False","False"
"LAB\SS-ENT-0025-Readers","LAB\SSUser00025","user","1","False","False"
"LAB\SS-ENT-0025-Readers","LAB\SSUser00026","user","1","False","False"
"LAB\SS-ENT-0026-Readers","LAB\SSUser00026","user","1","False","False"
"LAB\SS-ENT-0026-Readers","LAB\SSUser00027","user","1","False","False"
"LAB\SS-ENT-0027-Readers","LAB\SSUser00027","user","1","False","False"
"LAB\SS-ENT-0027-Readers","LAB\SSUser00028","user","1","False","False"
"LAB\SS-ENT-0028-Readers","LAB\SSUser00028","user","1","False","False"
"LAB\SS-ENT-0028-Readers","LAB\SSUser00029","user","1","False","False"
"LAB\SS-ENT-0029-Readers","LAB\SSUser00029","user","1","False","False"
"LAB\SS-ENT-0029-Readers","LAB\SSUser00030","user","1","False","False"
"LAB\SS-ENT-0030-Readers","LAB\SSUser00030","user","1","False","False"
"LAB\SS-ENT-0030-Readers","LAB\SSUser00031","user","1","False","False"
"LAB\SS-ENT-0031-Readers","LAB\SSUser00031","user","1","False","False"
"LAB\SS-ENT-0031-Readers","LAB\SSUser00032","user","1","False","False"
"LAB\SS-ENT-0032-Readers","LAB\SSUser00032","user","1","False","False"
"LAB\SS-ENT-0032-Readers","LAB\SSUser00033","user","1","False","False"
"LAB\SS-ENT-0033-Readers","LAB\SSUser00033","user","1","False","False"
"LAB\SS-ENT-0033-Readers","LAB\SSUser00034","user","1","False","False"
"LAB\SS-ENT-0034-Readers","LAB\SSUser00034","user","1","False","False"
"LAB\SS-ENT-0034-Readers","LAB\SSUser00035","user","1","False","False"
"LAB\SS-ENT-0035-Readers","LAB\SSUser00035","user","1","False","False"
"LAB\SS-ENT-0035-Readers","LAB\SSUser00036","user","1","False","False"
"LAB\SS-ENT-0036-Readers","LAB\SSUser00036","user","1","False","False"
"LAB\SS-ENT-0036-Readers","LAB\SSUser00037","user","1","False","False"
"LAB\SS-ENT-0037-Readers","LAB\SSUser00037","user","1","False","False"
"LAB\SS-ENT-0037-Readers","LAB\SSUser00038","user","1","False","False"
"LAB\SS-ENT-0038-Readers","LAB\SSUser00038","user","1","False","False"
"LAB\SS-ENT-0038-Readers","LAB\SSUser00039","user","1","False","False"
"LAB\SS-ENT-0039-Readers","LAB\SSUser00039","user","1","False","False"
"LAB\SS-ENT-0039-Readers","LAB\SSUser00040","user","1","False","False"
"LAB\SS-ENT-0040-Readers","LAB\SSUser00040","user","1","False","False"
"LAB\SS-ENT-0040-Readers","LAB\SSUser00041","user","1","False","False"
"LAB\SS-ENT-0041-Readers","LAB\SSUser00041","user","1","False","False"
"LAB\SS-ENT-0041-Readers","LAB\SSUser00042","user","1","False","False"
"LAB\SS-ENT-0042-Readers","LAB\SSUser00042","user","1","False","False"
"LAB\SS-ENT-0042-Readers","LAB\SSUser00043","user","1","False","False"
"LAB\SS-ENT-0043-Readers","LAB\SSUser00043","user","1","False","False"
"LAB\SS-ENT-0043-Readers","LAB\SSUser00044","user","1","False","False"
"LAB\SS-ENT-0044-Readers","LAB\SSUser00044","user","1","False","False"
"LAB\SS-ENT-0044-Readers","LAB\SSUser00045","user","1","False","False"
"LAB\SS-ENT-0045-Readers","LAB\SSUser00045","user","1","False","False"
"LAB\SS-ENT-0045-Readers","LAB\SSUser00046","user","1","False","False"
"LAB\SS-ENT-0046-Readers","LAB\SSUser00046","user","1","False","False"
"LAB\SS-ENT-0046-Readers","LAB\SSUser00047","user","1","False","False"
"LAB\SS-ENT-0047-Readers","LAB\SSUser00047","user","1","False","False"
"LAB\SS-ENT-0047-Readers","LAB\SSUser00048","user","1","False","False"
"LAB\SS-ENT-0048-Readers","LAB\SSUser00048","user","1","False","False"
"LAB\SS-ENT-0048-Readers","LAB\SSUser00049","user","1","False","False"
"LAB\SS-ENT-0049-Readers","LAB\SSUser00049","user","1","False","False"
"LAB\SS-ENT-0049-Readers","LAB\SSUser00050","user","1","False","False"
"LAB\SS-ENT-0050-Readers","LAB\SSUser00050","user","1","False","False"
"LAB\SS-ENT-0050-Readers","LAB\SSUser00051","user","1","False","False"
"LAB\SS-ENT-0051-Readers","LAB\SSUser00051","user","1","False","False"
"LAB\SS-ENT-0051-Readers","LAB\SSUser00052","user","1","False","False"
"LAB\SS-ENT-0052-Readers","LAB\SSUser00052","user","1","False","False"
"LAB\SS-ENT-0052-Readers","LAB\SSUser00053","user","1","False","False"
"LAB\SS-ENT-0053-Readers","LAB\SSUser00053","user","1","False","False"
"LAB\SS-ENT-0053-Readers","LAB\SSUser00054","user","1","False","False"
"LAB\SS-ENT-0054-Readers","LAB\SSUser00054","user","1","False","False"
"LAB\SS-ENT-0054-Readers","LAB\SSUser00055","user","1","False","False"
"LAB\SS-ENT-0055-Readers","LAB\SSUser00055","user","1","False","False"
"LAB\SS-ENT-0055-Readers","LAB\SSUser00056","user","1","False","False"
"LAB\SS-ENT-0056-Readers","LAB\SSUser00056","user","1","False","False"
"LAB\SS-ENT-0056-Readers","LAB\SSUser00057","user","1","False","False"
"LAB\SS-ENT-0057-Readers","LAB\SSUser00057","user","1","False","False"
"LAB\SS-ENT-0057-Readers","LAB\SSUser00058","user","1","False","False"
"LAB\SS-ENT-0058-Readers","LAB\SSUser00058","user","1","False","False"
"LAB\SS-ENT-0058-Readers","LAB\SSUser00059","user","1","False","False"
"LAB\SS-ENT-0059-Readers","LAB\SSUser00059","user","1","False","False"
"LAB\SS-ENT-0059-Readers","LAB\SSUser00060","user","1","False","False"
"LAB\SS-ENT-0060-Readers","LAB\SSUser00060","user","1","False","False"
"LAB\SS-ENT-0060-Readers","LAB\SSUser00061","user","1","False","False"
"LAB\SS-ENT-0061-Readers","LAB\SSUser00061","user","1","False","False"
"LAB\SS-ENT-0061-Readers","LAB\SSUser00062","user","1","False","False"
"LAB\SS-ENT-0062-Readers","LAB\SSUser00062","user","1","False","False"
"LAB\SS-ENT-0062-Readers","LAB\SSUser00063","user","1","False","False"
"LAB\SS-ENT-0063-Readers","LAB\SSUser00063","user","1","False","False"
"LAB\SS-ENT-0063-Readers","LAB\SSUser00064","user","1","False","False"
"LAB\SS-ENT-0064-Readers","LAB\SSUser00064","user","1","False","False"
"LAB\SS-ENT-0064-Readers","LAB\SSUser00065","user","1","False","False"
"LAB\SS-ENT-0065-Readers","LAB\SSUser00065","user","1","False","False"
"LAB\SS-ENT-0065-Readers","LAB\SSUser00066","user","1","False","False"
"LAB\SS-ENT-0066-Readers","LAB\SSUser00066","user","1","False","False"
"LAB\SS-ENT-0066-Readers","LAB\SSUser00067","user","1","False","False"
"LAB\SS-ENT-0067-Readers","LAB\SSUser00067","user","1","False","False"
"LAB\SS-ENT-0067-Readers","LAB\SSUser00068","user","1","False","False"
"LAB\SS-ENT-0068-Readers","LAB\SSUser00068","user","1","False","False"
"LAB\SS-ENT-0068-Readers","LAB\SSUser00069","user","1","False","False"
"LAB\SS-ENT-0069-Readers","LAB\SSUser00069","user","1","False","False"
"LAB\SS-ENT-0069-Readers","LAB\SSUser00070","user","1","False","False"
"LAB\SS-ENT-0070-Readers","LAB\SSUser00070","user","1","False","False"
"LAB\SS-ENT-0070-Readers","LAB\SSUser00071","user","1","False","False"
"LAB\SS-ENT-0071-Readers","LAB\SSUser00071","user","1","False","False"
"LAB\SS-ENT-0071-Readers","LAB\SSUser00072","user","1","False","False"
"LAB\SS-ENT-0072-Readers","LAB\SSUser00072","user","1","False","False"
"LAB\SS-ENT-0072-Readers","LAB\SSUser00073","user","1","False","False"
"LAB\SS-ENT-0073-Readers","LAB\SSUser00073","user","1","False","False"
"LAB\SS-ENT-0073-Readers","LAB\SSUser00074","user","1","False","False"
"LAB\SS-ENT-0074-Readers","LAB\SSUser00074","user","1","False","False"
"LAB\SS-ENT-0074-Readers","LAB\SSUser00075","user","1","False","False"
"LAB\SS-ENT-0075-Readers","LAB\SSUser00075","user","1","False","False"
"LAB\SS-ENT-0075-Readers","LAB\SSUser00076","user","1","False","False"
"LAB\SS-ENT-0076-Readers","LAB\SSUser00076","user","1","False","False"
"LAB\SS-ENT-0076-Readers","LAB\SSUser00077","user","1","False","False"
"LAB\SS-ENT-0077-Readers","LAB\SSUser00077","user","1","False","False"
"LAB\SS-ENT-0077-Readers","LAB\SSUser00078","user","1","False","False"
"LAB\SS-ENT-0078-Readers","LAB\SSUser00078","user","1","False","False"
"LAB\SS-ENT-0078-Readers","LAB\SSUser00079","user","1","False","False"
"LAB\SS-ENT-0079-Readers","LAB\SSUser00079","user","1","False","False"
"LAB\SS-ENT-0079-Readers","LAB\SSUser00080","user","1","False","False"
"LAB\SS-ENT-0080-Readers","LAB\SSUser00080","user","1","False","False"
"LAB\SS-ENT-0080-Readers","LAB\SSUser00081","user","1","False","False"
"LAB\SS-ENT-0081-Readers","LAB\SSUser00081","user","1","False","False"
"LAB\SS-ENT-0081-Readers","LAB\SSUser00082","user","1","False","False"
"LAB\SS-ENT-0082-Readers","LAB\SSUser00082","user","1","False","False"
"LAB\SS-ENT-0082-Readers","LAB\SSUser00083","user","1","False","False"
"LAB\SS-ENT-0083-Readers","LAB\SSUser00083","user","1","False","False"
"LAB\SS-ENT-0083-Readers","LAB\SSUser00084","user","1","False","False"
"LAB\SS-ENT-0084-Readers","LAB\SSUser00084","user","1","False","False"
"LAB\SS-ENT-0084-Readers","LAB\SSUser00085","user","1","False","False"
"LAB\SS-ENT-0085-Readers","LAB\SSUser00085","user","1","False","False"
"LAB\SS-ENT-0085-Readers","LAB\SSUser00086","user","1","False","False"
"LAB\SS-ENT-0086-Readers","LAB\SSUser00086","user","1","False","False"
"LAB\SS-ENT-0086-Readers","LAB\SSUser00087","user","1","False","False"
"LAB\SS-ENT-0087-Readers","LAB\SSUser00087","user","1","False","False"
"LAB\SS-ENT-0087-Readers","LAB\SSUser00088","user","1","False","False"
"LAB\SS-ENT-0088-Readers","LAB\SSUser00088","user","1","False","False"
"LAB\SS-ENT-0088-Readers","LAB\SSUser00089","user","1","False","False"
"LAB\SS-ENT-0089-Readers","LAB\SSUser00089","user","1","False","False"
"LAB\SS-ENT-0089-Readers","LAB\SSUser00090","user","1","False","False"
"LAB\SS-ENT-0090-Readers","LAB\SSUser00090","user","1","False","False"
"LAB\SS-ENT-0090-Readers","LAB\SSUser00091","user","1","False","False"
"LAB\SS-ENT-0091-Readers","LAB\SSUser00091","user","1","False","False"
"LAB\SS-ENT-0091-Readers","LAB\SSUser00092","user","1","False","False"
"LAB\SS-ENT-0092-Readers","LAB\SSUser00092","user","1","False","False"
"LAB\SS-ENT-0092-Readers","LAB\SSUser00093","user","1","False","False"
"LAB\SS-ENT-0093-Readers","LAB\SSUser00093","user","1","False","False"
"LAB\SS-ENT-0093-Readers","LAB\SSUser00094","user","1","False","False"
"LAB\SS-ENT-0094-Readers","LAB\SSUser00094","user","1","False","False"
"LAB\SS-ENT-0094-Readers","LAB\SSUser00095","user","1","False","False"
"LAB\SS-ENT-0095-Readers","LAB\SSUser00095","user","1","False","False"
"LAB\SS-ENT-0095-Readers","LAB\SSUser00096","user","1","False","False"
"LAB\SS-ENT-0096-Readers","LAB\SSUser00096","user","1","False","False"
"LAB\SS-ENT-0096-Readers","LAB\SSUser00097","user","1","False","False"
"LAB\SS-ENT-0097-Readers","LAB\SSUser00097","user","1","False","False"
"LAB\SS-ENT-0097-Readers","LAB\SSUser00098","user","1","False","False"
"LAB\SS-ENT-0098-Readers","LAB\SSUser00098","user","1","False","False"
"LAB\SS-ENT-0098-Readers","LAB\SSUser00099","user","1","False","False"
"LAB\SS-ENT-0099-Readers","LAB\SSUser00099","user","1","False","False"
"LAB\SS-ENT-0099-Readers","LAB\SSUser00100","user","1","False","False"
"LAB\SS-ENT-0100-Readers","LAB\SSUser00100","user","1","False","False"
"LAB\SS-ENT-0100-Readers","LAB\SSUser00101","user","1","False","False"
"LAB\SS-ENT-0101-Readers","LAB\SSUser00101","user","1","False","False"
"LAB\SS-ENT-0101-Readers","LAB\SSUser00102","user","1","False","False"
"LAB\SS-ENT-0102-Readers","LAB\SSUser00102","user","1","False","False"
"LAB\SS-ENT-0102-Readers","LAB\SSUser00103","user","1","False","False"
"LAB\SS-ENT-0103-Readers","LAB\SSUser00103","user","1","False","False"
"LAB\SS-ENT-0103-Readers","LAB\SSUser00104","user","1","False","False"
"LAB\SS-ENT-0104-Readers","LAB\SSUser00104","user","1","False","False"
"LAB\SS-ENT-0104-Readers","LAB\SSUser00105","user","1","False","False"
"LAB\SS-ENT-0105-Readers","LAB\SSUser00105","user","1","False","False"
"LAB\SS-ENT-0105-Readers","LAB\SSUser00106","user","1","False","False"
"LAB\SS-ENT-0106-Readers","LAB\SSUser00106","user","1","False","False"
"LAB\SS-ENT-0106-Readers","LAB\SSUser00107","user","1","False","False"
"LAB\SS-ENT-0107-Readers","LAB\SSUser00107","user","1","False","False"
"LAB\SS-ENT-0107-Readers","LAB\SSUser00108","user","1","False","False"
"LAB\SS-ENT-0108-Readers","LAB\SSUser00108","user","1","False","False"
"LAB\SS-ENT-0108-Readers","LAB\SSUser00109","user","1","False","False"
"LAB\SS-ENT-0109-Readers","LAB\SSUser00109","user","1","False","False"
"LAB\SS-ENT-0109-Readers","LAB\SSUser00110","user","1","False","False"
"LAB\SS-ENT-0110-Readers","LAB\SSUser00110","user","1","False","False"
"LAB\SS-ENT-0110-Readers","LAB\SSUser00111","user","1","False","False"
"LAB\SS-ENT-0111-Readers","LAB\SSUser00111","user","1","False","False"
"LAB\SS-ENT-0111-Readers","LAB\SSUser00112","user","1","False","False"
"LAB\SS-ENT-0112-Readers","LAB\SSUser00112","user","1","False","False"
"LAB\SS-ENT-0112-Readers","LAB\SSUser00113","user","1","False","False"
"LAB\SS-ENT-0113-Readers","LAB\SSUser00113","user","1","False","False"
"LAB\SS-ENT-0113-Readers","LAB\SSUser00114","user","1","False","False"
"LAB\SS-ENT-0114-Readers","LAB\SSUser00114","user","1","False","False"
"LAB\SS-ENT-0114-Readers","LAB\SSUser00115","user","1","False","False"
"LAB\SS-ENT-0115-Readers","LAB\SSUser00115","user","1","False","False"
"LAB\SS-ENT-0115-Readers","LAB\SSUser00116","user","1","False","False"
"LAB\SS-ENT-0116-Readers","LAB\SSUser00116","user","1","False","False"
"LAB\SS-ENT-0116-Readers","LAB\SSUser00117","user","1","False","False"
"LAB\SS-ENT-0117-Readers","LAB\SSUser00117","user","1","False","False"
"LAB\SS-ENT-0117-Readers","LAB\SSUser00118","user","1","False","False"
"LAB\SS-ENT-0118-Readers","LAB\SSUser00118","user","1","False","False"
"LAB\SS-ENT-0118-Readers","LAB\SSUser00119","user","1","False","False"
"LAB\SS-ENT-0119-Readers","LAB\SSUser00119","user","1","False","False"
"LAB\SS-ENT-0119-Readers","LAB\SSUser00120","user","1","False","False"
"LAB\SS-ENT-0120-Readers","LAB\SSUser00120","user","1","False","False"
"LAB\SS-ENT-0120-Readers","LAB\SSUser00121","user","1","False","False"
"LAB\SS-ENT-0121-Readers","LAB\SSUser00121","user","1","False","False"
"LAB\SS-ENT-0121-Readers","LAB\SSUser00122","user","1","False","False"
"LAB\SS-ENT-0122-Readers","LAB\SSUser00122","user","1","False","False"
"LAB\SS-ENT-0122-Readers","LAB\SSUser00123","user","1","False","False"
"LAB\SS-ENT-0123-Readers","LAB\SSUser00123","user","1","False","False"
"LAB\SS-ENT-0123-Readers","LAB\SSUser00124","user","1","False","False"
"LAB\SS-ENT-0124-Readers","LAB\SSUser00124","user","1","False","False"
"LAB\SS-ENT-0124-Readers","LAB\SSUser00125","user","1","False","False"
"LAB\SS-ENT-0125-Readers","LAB\SSUser00125","user","1","False","False"
"LAB\SS-ENT-0125-Readers","LAB\SSUser00126","user","1","False","False"
"LAB\SS-ENT-0126-Readers","LAB\SSUser00126","user","1","False","False"
"LAB\SS-ENT-0126-Readers","LAB\SSUser00127","user","1","False","False"
"LAB\SS-ENT-0127-Readers","LAB\SSUser00127","user","1","False","False"
"LAB\SS-ENT-0127-Readers","LAB\SSUser00128","user","1","False","False"
"LAB\SS-ENT-0128-Readers","LAB\SSUser00128","user","1","False","False"
"LAB\SS-ENT-0128-Readers","LAB\SSUser00129","user","1","False","False"
"LAB\SS-ENT-0129-Readers","LAB\SSUser00129","user","1","False","False"
"LAB\SS-ENT-0129-Readers","LAB\SSUser00130","user","1","False","False"
"LAB\SS-ENT-0130-Readers","LAB\SSUser00130","user","1","False","False"
"LAB\SS-ENT-0130-Readers","LAB\SSUser00131","user","1","False","False"
"LAB\SS-ENT-0131-Readers","LAB\SSUser00131","user","1","False","False"
"LAB\SS-ENT-0131-Readers","LAB\SSUser00132","user","1","False","False"
"LAB\SS-ENT-0132-Readers","LAB\SSUser00132","user","1","False","False"
"LAB\SS-ENT-0132-Readers","LAB\SSUser00133","user","1","False","False"
"LAB\SS-ENT-0133-Readers","LAB\SSUser00133","user","1","False","False"
"LAB\SS-ENT-0133-Readers","LAB\SSUser00134","user","1","False","False"
"LAB\SS-ENT-0134-Readers","LAB\SSUser00134","user","1","False","False"
"LAB\SS-ENT-0134-Readers","LAB\SSUser00135","user","1","False","False"
"LAB\SS-ENT-0135-Readers","LAB\SSUser00135","user","1","False","False"
"LAB\SS-ENT-0135-Readers","LAB\SSUser00136","user","1","False","False"
"LAB\SS-ENT-0136-Readers","LAB\SSUser00136","user","1","False","False"
"LAB\SS-ENT-0136-Readers","LAB\SSUser00137","user","1","False","False"
"LAB\SS-ENT-0137-Readers","LAB\SSUser00137","user","1","False","False"
"LAB\SS-ENT-0137-Readers","LAB\SSUser00138","user","1","False","False"
"LAB\SS-ENT-0138-Readers","LAB\SSUser00138","user","1","False","False"
"LAB\SS-ENT-0138-Readers","LAB\SSUser00139","user","1","False","False"
"LAB\SS-ENT-0139-Readers","LAB\SSUser00139","user","1","False","False"
"LAB\SS-ENT-0139-Readers","LAB\SSUser00140","user","1","False","False"
"LAB\SS-ENT-0140-Readers","LAB\SSUser00140","user","1","False","False"
"LAB\SS-ENT-0140-Readers","LAB\SSUser00141","user","1","False","False"
"LAB\SS-ENT-0141-Readers","LAB\SSUser00141","user","1","False","False"
"LAB\SS-ENT-0141-Readers","LAB\SSUser00142","user","1","False","False"
"LAB\SS-ENT-0142-Readers","LAB\SSUser00142","user","1","False","False"
"LAB\SS-ENT-0142-Readers","LAB\SSUser00143","user","1","False","False"
"LAB\SS-ENT-0143-Readers","LAB\SSUser00143","user","1","False","False"
"LAB\SS-ENT-0143-Readers","LAB\SSUser00144","user","1","False","False"
"LAB\SS-ENT-0144-Readers","LAB\SSUser00144","user","1","False","False"
"LAB\SS-ENT-0144-Readers","LAB\SSUser00145","user","1","False","False"
"LAB\SS-ENT-0145-Readers","LAB\SSUser00145","user","1","False","False"
"LAB\SS-ENT-0145-Readers","LAB\SSUser00146","user","1","False","False"
"LAB\SS-ENT-0146-Readers","LAB\SSUser00146","user","1","False","False"
"LAB\SS-ENT-0146-Readers","LAB\SSUser00147","user","1","False","False"
"LAB\SS-ENT-0147-Readers","LAB\SSUser00147","user","1","False","False"
"LAB\SS-ENT-0147-Readers","LAB\SSUser00148","user","1","False","False"
"LAB\SS-ENT-0148-Readers","LAB\SSUser00148","user","1","False","False"
"LAB\SS-ENT-0148-Readers","LAB\SSUser00149","user","1","False","False"
"LAB\SS-ENT-0149-Readers","LAB\SSUser00149","user","1","False","False"
"LAB\SS-ENT-0149-Readers","LAB\SSUser00150","user","1","False","False"
"LAB\SS-ENT-0150-Readers","LAB\SSUser00150","user","1","False","False"
"LAB\SS-ENT-0150-Readers","LAB\SSUser00151","user","1","False","False"
"LAB\SS-ENT-0151-Readers","LAB\SSUser00151","user","1","False","False"
"LAB\SS-ENT-0151-Readers","LAB\SSUser00152","user","1","False","False"
"LAB\SS-ENT-0152-Readers","LAB\SSUser00152","user","1","False","False"
"LAB\SS-ENT-0152-Readers","LAB\SSUser00153","user","1","False","False"
"LAB\SS-ENT-0153-Readers","LAB\SSUser00153","user","1","False","False"
"LAB\SS-ENT-0153-Readers","LAB\SSUser00154","user","1","False","False"
"LAB\SS-ENT-0154-Readers","LAB\SSUser00154","user","1","False","False"
"LAB\SS-ENT-0154-Readers","LAB\SSUser00155","user","1","False","False"
"LAB\SS-ENT-0155-Readers","LAB\SSUser00155","user","1","False","False"
"LAB\SS-ENT-0155-Readers","LAB\SSUser00156","user","1","False","False"
"LAB\SS-ENT-0156-Readers","LAB\SSUser00156","user","1","False","False"
"LAB\SS-ENT-0156-Readers","LAB\SSUser00157","user","1","False","False"
"LAB\SS-ENT-0157-Readers","LAB\SSUser00157","user","1","False","False"
"LAB\SS-ENT-0157-Readers","LAB\SSUser00158","user","1","False","False"
"LAB\SS-ENT-0158-Readers","LAB\SSUser00158","user","1","False","False"
"LAB\SS-ENT-0158-Readers","LAB\SSUser00159","user","1","False","False"
"LAB\SS-ENT-0159-Readers","LAB\SSUser00159","user","1","False","False"
"LAB\SS-ENT-0159-Readers","LAB\SSUser00160","user","1","False","False"
"LAB\SS-ENT-0160-Readers","LAB\SSUser00160","user","1","False","False"
"LAB\SS-ENT-0160-Readers","LAB\SSUser00161","user","1","False","False"
"LAB\SS-ENT-0161-Readers","LAB\SSUser00161","user","1","False","False"
"LAB\SS-ENT-0161-Readers","LAB\SSUser00162","user","1","False","False"
"LAB\SS-ENT-0162-Readers","LAB\SSUser00162","user","1","False","False"
"LAB\SS-ENT-0162-Readers","LAB\SSUser00163","user","1","False","False"
"LAB\SS-ENT-0163-Readers","LAB\SSUser00163","user","1","False","False"
"LAB\SS-ENT-0163-Readers","LAB\SSUser00164","user","1","False","False"
"LAB\SS-ENT-0164-Readers","LAB\SSUser00164","user","1","False","False"
"LAB\SS-ENT-0164-Readers","LAB\SSUser00165","user","1","False","False"
"LAB\SS-ENT-0165-Readers","LAB\SSUser00165","user","1","False","False"
"LAB\SS-ENT-0165-Readers","LAB\SSUser00166","user","1","False","False"
"LAB\SS-ENT-0166-Readers","LAB\SSUser00166","user","1","False","False"
"LAB\SS-ENT-0166-Readers","LAB\SSUser00167","user","1","False","False"
"LAB\SS-ENT-0167-Readers","LAB\SSUser00167","user","1","False","False"
"LAB\SS-ENT-0167-Readers","LAB\SSUser00168","user","1","False","False"
"LAB\SS-ENT-0168-Readers","LAB\SSUser00168","user","1","False","False"
"LAB\SS-ENT-0168-Readers","LAB\SSUser00169","user","1","False","False"
"LAB\SS-ENT-0169-Readers","LAB\SSUser00169","user","1","False","False"
"LAB\SS-ENT-0169-Readers","LAB\SSUser00170","user","1","False","False"
"LAB\SS-ENT-0170-Readers","LAB\SSUser00170","user","1","False","False"
"LAB\SS-ENT-0170-Readers","LAB\SSUser00171","user","1","False","False"
"LAB\SS-ENT-0171-Readers","LAB\SSUser00171","user","1","False","False"
"LAB\SS-ENT-0171-Readers","LAB\SSUser00172","user","1","False","False"
"LAB\SS-ENT-0172-Readers","LAB\SSUser00172","user","1","False","False"
"LAB\SS-ENT-0172-Readers","LAB\SSUser00173","user","1","False","False"
"LAB\SS-ENT-0173-Readers","LAB\SSUser00173","user","1","False","False"
"LAB\SS-ENT-0173-Readers","LAB\SSUser00174","user","1","False","False"
"LAB\SS-ENT-0174-Readers","LAB\SSUser00174","user","1","False","False"
"LAB\SS-ENT-0174-Readers","LAB\SSUser00175","user","1","False","False"
"LAB\SS-ENT-0175-Readers","LAB\SSUser00175","user","1","False","False"
"LAB\SS-ENT-0175-Readers","LAB\SSUser00176","user","1","False","False"
"LAB\SS-ENT-0176-Readers","LAB\SSUser00176","user","1","False","False"
"LAB\SS-ENT-0176-Readers","LAB\SSUser00177","user","1","False","False"
"LAB\SS-ENT-0177-Readers","LAB\SSUser00177","user","1","False","False"
"LAB\SS-ENT-0177-Readers","LAB\SSUser00178","user","1","False","False"
"LAB\SS-ENT-0178-Readers","LAB\SSUser00178","user","1","False","False"
"LAB\SS-ENT-0178-Readers","LAB\SSUser00179","user","1","False","False"
"LAB\SS-ENT-0179-Readers","LAB\SSUser00179","user","1","False","False"
"LAB\SS-ENT-0179-Readers","LAB\SSUser00180","user","1","False","False"
"LAB\SS-ENT-0180-Readers","LAB\SSUser00180","user","1","False","False"
"LAB\SS-ENT-0180-Readers","LAB\SSUser00181","user","1","False","False"
"LAB\SS-ENT-0181-Readers","LAB\SSUser00181","user","1","False","False"
"LAB\SS-ENT-0181-Readers","LAB\SSUser00182","user","1","False","False"
"LAB\SS-ENT-0182-Readers","LAB\SSUser00182","user","1","False","False"
"LAB\SS-ENT-0182-Readers","LAB\SSUser00183","user","1","False","False"
"LAB\SS-ENT-0183-Readers","LAB\SSUser00183","user","1","False","False"
"LAB\SS-ENT-0183-Readers","LAB\SSUser00184","user","1","False","False"
"LAB\SS-ENT-0184-Readers","LAB\SSUser00184","user","1","False","False"
"LAB\SS-ENT-0184-Readers","LAB\SSUser00185","user","1","False","False"
"LAB\SS-ENT-0185-Readers","LAB\SSUser00185","user","1","False","False"
"LAB\SS-ENT-0185-Readers","LAB\SSUser00186","user","1","False","False"
"LAB\SS-ENT-0186-Readers","LAB\SSUser00186","user","1","False","False"
"LAB\SS-ENT-0186-Readers","LAB\SSUser00187","user","1","False","False"
"LAB\SS-ENT-0187-Readers","LAB\SSUser00187","user","1","False","False"
"LAB\SS-ENT-0187-Readers","LAB\SSUser00188","user","1","False","False"
"LAB\SS-ENT-0188-Readers","LAB\SSUser00188","user","1","False","False"
"LAB\SS-ENT-0188-Readers","LAB\SSUser00189","user","1","False","False"
"LAB\SS-ENT-0189-Readers","LAB\SSUser00189","user","1","False","False"
"LAB\SS-ENT-0189-Readers","LAB\SSUser00190","user","1","False","False"
"LAB\SS-ENT-0190-Readers","LAB\SSUser00190","user","1","False","False"
"LAB\SS-ENT-0190-Readers","LAB\SSUser00191","user","1","False","False"
"LAB\SS-ENT-0191-Readers","LAB\SSUser00191","user","1","False","False"
"LAB\SS-ENT-0191-Readers","LAB\SSUser00192","user","1","False","False"
"LAB\SS-ENT-0192-Readers","LAB\SSUser00192","user","1","False","False"
"LAB\SS-ENT-0192-Readers","LAB\SSUser00193","user","1","False","False"
"LAB\SS-ENT-0193-Readers","LAB\SSUser00193","user","1","False","False"
"LAB\SS-ENT-0193-Readers","LAB\SSUser00194","user","1","False","False"
"LAB\SS-ENT-0194-Readers","LAB\SSUser00194","user","1","False","False"
"LAB\SS-ENT-0194-Readers","LAB\SSUser00195","user","1","False","False"
"LAB\SS-ENT-0195-Readers","LAB\SSUser00195","user","1","False","False"
"LAB\SS-ENT-0195-Readers","LAB\SSUser00196","user","1","False","False"
"LAB\SS-ENT-0196-Readers","LAB\SSUser00196","user","1","False","False"
"LAB\SS-ENT-0196-Readers","LAB\SSUser00197","user","1","False","False"
"LAB\SS-ENT-0197-Readers","LAB\SSUser00197","user","1","False","False"
"LAB\SS-ENT-0197-Readers","LAB\SSUser00198","user","1","False","False"
"LAB\SS-ENT-0198-Readers","LAB\SSUser00198","user","1","False","False"
"LAB\SS-ENT-0198-Readers","LAB\SSUser00199","user","1","False","False"
"LAB\SS-ENT-0199-Readers","LAB\SSUser00199","user","1","False","False"
"LAB\SS-ENT-0199-Readers","LAB\SSUser00200","user","1","False","False"
"LAB\SS-ENT-0200-Readers","LAB\SSUser00200","user","1","False","False"
"LAB\SS-ENT-0200-Readers","LAB\SSUser00201","user","1","False","False"
"LAB\SS-ENT-0201-Readers","LAB\SSUser00201","user","1","False","False"
"LAB\SS-ENT-0201-Readers","LAB\SSUser00202","user","1","False","False"
"LAB\SS-ENT-0202-Readers","LAB\SSUser00202","user","1","False","False"
"LAB\SS-ENT-0202-Readers","LAB\SSUser00203","user","1","False","False"
"LAB\SS-ENT-0203-Readers","LAB\SSUser00203","user","1","False","False"
"LAB\SS-ENT-0203-Readers","LAB\SSUser00204","user","1","False","False"
"LAB\SS-ENT-0204-Readers","LAB\SSUser00204","user","1","False","False"
"LAB\SS-ENT-0204-Readers","LAB\SSUser00205","user","1","False","False"
"LAB\SS-ENT-0205-Readers","LAB\SSUser00205","user","1","False","False"
"LAB\SS-ENT-0205-Readers","LAB\SSUser00206","user","1","False","False"
"LAB\SS-ENT-0206-Readers","LAB\SSUser00206","user","1","False","False"
"LAB\SS-ENT-0206-Readers","LAB\SSUser00207","user","1","False","False"
"LAB\SS-ENT-0207-Readers","LAB\SSUser00207","user","1","False","False"
"LAB\SS-ENT-0207-Readers","LAB\SSUser00208","user","1","False","False"
"LAB\SS-ENT-0208-Readers","LAB\SSUser00208","user","1","False","False"
"LAB\SS-ENT-0208-Readers","LAB\SSUser00209","user","1","False","False"
"LAB\SS-ENT-0209-Readers","LAB\SSUser00209","user","1","False","False"
"LAB\SS-ENT-0209-Readers","LAB\SSUser00210","user","1","False","False"
"LAB\SS-ENT-0210-Readers","LAB\SSUser00210","user","1","False","False"
"LAB\SS-ENT-0210-Readers","LAB\SSUser00211","user","1","False","False"
"LAB\SS-ENT-0211-Readers","LAB\SSUser00211","user","1","False","False"
"LAB\SS-ENT-0211-Readers","LAB\SSUser00212","user","1","False","False"
"LAB\SS-ENT-0212-Readers","LAB\SSUser00212","user","1","False","False"
"LAB\SS-ENT-0212-Readers","LAB\SSUser00213","user","1","False","False"
"LAB\SS-ENT-0213-Readers","LAB\SSUser00213","user","1","False","False"
"LAB\SS-ENT-0213-Readers","LAB\SSUser00214","user","1","False","False"
"LAB\SS-ENT-0214-Readers","LAB\SSUser00214","user","1","False","False"
"LAB\SS-ENT-0214-Readers","LAB\SSUser00215","user","1","False","False"
"LAB\SS-ENT-0215-Readers","LAB\SSUser00215","user","1","False","False"
"LAB\SS-ENT-0215-Readers","LAB\SSUser00216","user","1","False","False"
"LAB\SS-ENT-0216-Readers","LAB\SSUser00216","user","1","False","False"
"LAB\SS-ENT-0216-Readers","LAB\SSUser00217","user","1","False","False"
"LAB\SS-ENT-0217-Readers","LAB\SSUser00217","user","1","False","False"
"LAB\SS-ENT-0217-Readers","LAB\SSUser00218","user","1","False","False"
"LAB\SS-ENT-0218-Readers","LAB\SSUser00218","user","1","False","False"
"LAB\SS-ENT-0218-Readers","LAB\SSUser00219","user","1","False","False"
"LAB\SS-ENT-0219-Readers","LAB\SSUser00219","user","1","False","False"
"LAB\SS-ENT-0219-Readers","LAB\SSUser00220","user","1","False","False"
"LAB\SS-ENT-0220-Readers","LAB\SSUser00220","user","1","False","False"
"LAB\SS-ENT-0220-Readers","LAB\SSUser00221","user","1","False","False"
"LAB\SS-ENT-0221-Readers","LAB\SSUser00221","user","1","False","False"
"LAB\SS-ENT-0221-Readers","LAB\SSUser00222","user","1","False","False"
"LAB\SS-ENT-0222-Readers","LAB\SSUser00222","user","1","False","False"
"LAB\SS-ENT-0222-Readers","LAB\SSUser00223","user","1","False","False"
"LAB\SS-ENT-0223-Readers","LAB\SSUser00223","user","1","False","False"
"LAB\SS-ENT-0223-Readers","LAB\SSUser00224","user","1","False","False"
"LAB\SS-ENT-0224-Readers","LAB\SSUser00224","user","1","False","False"
"LAB\SS-ENT-0224-Readers","LAB\SSUser00225","user","1","False","False"
"LAB\SS-ENT-0225-Readers","LAB\SSUser00225","user","1","False","False"
"LAB\SS-ENT-0225-Readers","LAB\SSUser00226","user","1","False","False"
"LAB\SS-ENT-0226-Readers","LAB\SSUser00226","user","1","False","False"
"LAB\SS-ENT-0226-Readers","LAB\SSUser00227","user","1","False","False"
"LAB\SS-ENT-0227-Readers","LAB\SSUser00227","user","1","False","False"
"LAB\SS-ENT-0227-Readers","LAB\SSUser00228","user","1","False","False"
"LAB\SS-ENT-0228-Readers","LAB\SSUser00228","user","1","False","False"
"LAB\SS-ENT-0228-Readers","LAB\SSUser00229","user","1","False","False"
"LAB\SS-ENT-0229-Readers","LAB\SSUser00229","user","1","False","False"
"LAB\SS-ENT-0229-Readers","LAB\SSUser00230","user","1","False","False"
"LAB\SS-ENT-0230-Readers","LAB\SSUser00230","user","1","False","False"
"LAB\SS-ENT-0230-Readers","LAB\SSUser00231","user","1","False","False"
"LAB\SS-ENT-0231-Readers","LAB\SSUser00231","user","1","False","False"
"LAB\SS-ENT-0231-Readers","LAB\SSUser00232","user","1","False","False"
"LAB\SS-ENT-0232-Readers","LAB\SSUser00232","user","1","False","False"
"LAB\SS-ENT-0232-Readers","LAB\SSUser00233","user","1","False","False"
"LAB\SS-ENT-0233-Readers","LAB\SSUser00233","user","1","False","False"
"LAB\SS-ENT-0233-Readers","LAB\SSUser00234","user","1","False","False"
"LAB\SS-ENT-0234-Readers","LAB\SSUser00234","user","1","False","False"
"LAB\SS-ENT-0234-Readers","LAB\SSUser00235","user","1","False","False"
"LAB\SS-ENT-0235-Readers","LAB\SSUser00235","user","1","False","False"
"LAB\SS-ENT-0235-Readers","LAB\SSUser00236","user","1","False","False"
"LAB\SS-ENT-0236-Readers","LAB\SSUser00236","user","1","False","False"
"LAB\SS-ENT-0236-Readers","LAB\SSUser00237","user","1","False","False"
"LAB\SS-ENT-0237-Readers","LAB\SSUser00237","user","1","False","False"
"LAB\SS-ENT-0237-Readers","LAB\SSUser00238","user","1","False","False"
"LAB\SS-ENT-0238-Readers","LAB\SSUser00238","user","1","False","False"
"LAB\SS-ENT-0238-Readers","LAB\SSUser00239","user","1","False","False"
"LAB\SS-ENT-0239-Readers","LAB\SSUser00239","user","1","False","False"
"LAB\SS-ENT-0239-Readers","LAB\SSUser00240","user","1","False","False"
"LAB\SS-ENT-0240-Readers","LAB\SSUser00240","user","1","False","False"
"LAB\SS-ENT-0240-Readers","LAB\SSUser00241","user","1","False","False"
"LAB\SS-ENT-0241-Readers","LAB\SSUser00241","user","1","False","False"
"LAB\SS-ENT-0241-Readers","LAB\SSUser00242","user","1","False","False"
"LAB\SS-ENT-0242-Readers","LAB\SSUser00242","user","1","False","False"
"LAB\SS-ENT-0242-Readers","LAB\SSUser00243","user","1","False","False"
"LAB\SS-ENT-0243-Readers","LAB\SSUser00243","user","1","False","False"
"LAB\SS-ENT-0243-Readers","LAB\SSUser00244","user","1","False","False"
"LAB\SS-ENT-0244-Readers","LAB\SSUser00244","user","1","False","False"
"LAB\SS-ENT-0244-Readers","LAB\SSUser00245","user","1","False","False"
"LAB\SS-ENT-0245-Readers","LAB\SSUser00245","user","1","False","False"
"LAB\SS-ENT-0245-Readers","LAB\SSUser00246","user","1","False","False"
"LAB\SS-ENT-0246-Readers","LAB\SSUser00246","user","1","False","False"
"LAB\SS-ENT-0246-Readers","LAB\SSUser00247","user","1","False","False"
"LAB\SS-ENT-0247-Readers","LAB\SSUser00247","user","1","False","False"
"LAB\SS-ENT-0247-Readers","LAB\SSUser00248","user","1","False","False"
"BUILTIN\Users","BUILTIN\Domain Users","unknown","1","False","False"
"BUILTIN\Users","BUILTIN\Authenticated Users","unknown","1","False","False"
"BUILTIN\Users","BUILTIN\INTERACTIVE","unknown","1","False","False"
"LAB\SS-Finance-Editors","LAB\Morgan.Manager","user","1","False","False"
"LAB\SS-Finance-Editors","LAB\SS-Finance-Readers","group","1","False","False"
"LAB\SS-Finance-Readers","LAB\Ava.Accounting","user","2","False","False"
"LAB\SS-Finance-Readers","LAB\Noah.Payroll","user","2","False","False"
"LAB\SS-ENT-0001-Editors","LAB\SS-ENT-0001-Readers","group","1","False","False"
"LAB\SS-ENT-0001-Readers","LAB\SSUser00001","user","2","False","False"
"LAB\SS-ENT-0001-Readers","LAB\SSUser00002","user","2","False","False"
"LAB\SS-ENT-0002-Editors","LAB\SS-ENT-0002-Readers","group","1","False","False"
"LAB\SS-ENT-0002-Readers","LAB\SSUser00002","user","2","False","False"
"LAB\SS-ENT-0002-Readers","LAB\SSUser00003","user","2","False","False"
"LAB\SS-ENT-0003-Editors","LAB\SS-ENT-0003-Readers","group","1","False","False"
"LAB\SS-ENT-0003-Readers","LAB\SSUser00003","user","2","False","False"
"LAB\SS-ENT-0003-Readers","LAB\SSUser00004","user","2","False","False"
"LAB\SS-ENT-0004-Editors","LAB\SS-ENT-0004-Readers","group","1","False","False"
"LAB\SS-ENT-0004-Readers","LAB\SSUser00004","user","2","False","False"
"LAB\SS-ENT-0004-Readers","LAB\SSUser00005","user","2","False","False"
"LAB\SS-ENT-0005-Editors","LAB\SS-ENT-0005-Readers","group","1","False","False"
"LAB\SS-ENT-0005-Readers","LAB\SSUser00005","user","2","False","False"
"LAB\SS-ENT-0005-Readers","LAB\SSUser00006","user","2","False","False"
"LAB\SS-ENT-0006-Editors","LAB\SS-ENT-0006-Readers","group","1","False","False"
"LAB\SS-ENT-0006-Readers","LAB\SSUser00006","user","2","False","False"
"LAB\SS-ENT-0006-Readers","LAB\SSUser00007","user","2","False","False"
"LAB\SS-ENT-0007-Editors","LAB\SS-ENT-0007-Readers","group","1","False","False"
"LAB\SS-ENT-0007-Readers","LAB\SSUser00007","user","2","False","False"
"LAB\SS-ENT-0007-Readers","LAB\SSUser00008","user","2","False","False"
"LAB\SS-ENT-0008-Editors","LAB\SS-ENT-0008-Readers","group","1","False","False"
"LAB\SS-ENT-0008-Readers","LAB\SSUser00008","user","2","False","False"
"LAB\SS-ENT-0008-Readers","LAB\SSUser00009","user","2","False","False"
"LAB\SS-ENT-0009-Editors","LAB\SS-ENT-0009-Readers","group","1","False","False"
"LAB\SS-ENT-0009-Readers","LAB\SSUser00009","user","2","False","False"
"LAB\SS-ENT-0009-Readers","LAB\SSUser00010","user","2","False","False"
"LAB\SS-ENT-0010-Editors","LAB\SS-ENT-0010-Readers","group","1","False","False"
"LAB\SS-ENT-0010-Readers","LAB\SSUser00010","user","2","False","False"
"LAB\SS-ENT-0010-Readers","LAB\SSUser00011","user","2","False","False"
"LAB\SS-ENT-0011-Editors","LAB\SS-ENT-0011-Readers","group","1","False","False"
"LAB\SS-ENT-0011-Readers","LAB\SSUser00011","user","2","False","False"
"LAB\SS-ENT-0011-Readers","LAB\SSUser00012","user","2","False","False"
"LAB\SS-ENT-0012-Editors","LAB\SS-ENT-0012-Readers","group","1","False","False"
"LAB\SS-ENT-0012-Readers","LAB\SSUser00012","user","2","False","False"
"LAB\SS-ENT-0012-Readers","LAB\SSUser00013","user","2","False","False"
"LAB\SS-ENT-0013-Editors","LAB\SS-ENT-0013-Readers","group","1","False","False"
"LAB\SS-ENT-0013-Readers","LAB\SSUser00013","user","2","False","False"
"LAB\SS-ENT-0013-Readers","LAB\SSUser00014","user","2","False","False"
"LAB\SS-ENT-0014-Editors","LAB\SS-ENT-0014-Readers","group","1","False","False"
"LAB\SS-ENT-0014-Readers","LAB\SSUser00014","user","2","False","False"
"LAB\SS-ENT-0014-Readers","LAB\SSUser00015","user","2","False","False"
"LAB\SS-ENT-0015-Editors","LAB\SS-ENT-0015-Readers","group","1","False","False"
"LAB\SS-ENT-0015-Readers","LAB\SSUser00015","user","2","False","False"
"LAB\SS-ENT-0015-Readers","LAB\SSUser00016","user","2","False","False"
"LAB\SS-ENT-0016-Editors","LAB\SS-ENT-0016-Readers","group","1","False","False"
"LAB\SS-ENT-0016-Readers","LAB\SSUser00016","user","2","False","False"
"LAB\SS-ENT-0016-Readers","LAB\SSUser00017","user","2","False","False"
"LAB\SS-ENT-0017-Editors","LAB\SS-ENT-0017-Readers","group","1","False","False"
"LAB\SS-ENT-0017-Readers","LAB\SSUser00017","user","2","False","False"
"LAB\SS-ENT-0017-Readers","LAB\SSUser00018","user","2","False","False"
"LAB\SS-ENT-0018-Editors","LAB\SS-ENT-0018-Readers","group","1","False","False"
"LAB\SS-ENT-0018-Readers","LAB\SSUser00018","user","2","False","False"
"LAB\SS-ENT-0018-Readers","LAB\SSUser00019","user","2","False","False"
"LAB\SS-ENT-0019-Editors","LAB\SS-ENT-0019-Readers","group","1","False","False"
"LAB\SS-ENT-0019-Readers","LAB\SSUser00019","user","2","False","False"
"LAB\SS-ENT-0019-Readers","LAB\SSUser00020","user","2","False","False"
"LAB\SS-ENT-0020-Editors","LAB\SS-ENT-0020-Readers","group","1","False","False"
"LAB\SS-ENT-0020-Readers","LAB\SSUser00020","user","2","False","False"
"LAB\SS-ENT-0020-Readers","LAB\SSUser00021","user","2","False","False"
"LAB\SS-ENT-0021-Editors","LAB\SS-ENT-0021-Readers","group","1","False","False"
"LAB\SS-ENT-0021-Readers","LAB\SSUser00021","user","2","False","False"
"LAB\SS-ENT-0021-Readers","LAB\SSUser00022","user","2","False","False"
"LAB\SS-ENT-0022-Editors","LAB\SS-ENT-0022-Readers","group","1","False","False"
"LAB\SS-ENT-0022-Readers","LAB\SSUser00022","user","2","False","False"
"LAB\SS-ENT-0022-Readers","LAB\SSUser00023","user","2","False","False"
"LAB\SS-ENT-0023-Editors","LAB\SS-ENT-0023-Readers","group","1","False","False"
"LAB\SS-ENT-0023-Readers","LAB\SSUser00023","user","2","False","False"
"LAB\SS-ENT-0023-Readers","LAB\SSUser00024","user","2","False","False"
"LAB\SS-ENT-0024-Editors","LAB\SS-ENT-0024-Readers","group","1","False","False"
"LAB\SS-ENT-0024-Readers","LAB\SSUser00024","user","2","False","False"
"LAB\SS-ENT-0024-Readers","LAB\SSUser00025","user","2","False","False"
"LAB\SS-ENT-0025-Editors","LAB\SS-ENT-0025-Readers","group","1","False","False"
"LAB\SS-ENT-0025-Readers","LAB\SSUser00025","user","2","False","False"
"LAB\SS-ENT-0025-Readers","LAB\SSUser00026","user","2","False","False"
"LAB\SS-ENT-0026-Editors","LAB\SS-ENT-0026-Readers","group","1","False","False"
"LAB\SS-ENT-0026-Readers","LAB\SSUser00026","user","2","False","False"
"LAB\SS-ENT-0026-Readers","LAB\SSUser00027","user","2","False","False"
"LAB\SS-ENT-0027-Editors","LAB\SS-ENT-0027-Readers","group","1","False","False"
"LAB\SS-ENT-0027-Readers","LAB\SSUser00027","user","2","False","False"
"LAB\SS-ENT-0027-Readers","LAB\SSUser00028","user","2","False","False"
"LAB\SS-ENT-0028-Editors","LAB\SS-ENT-0028-Readers","group","1","False","False"
"LAB\SS-ENT-0028-Readers","LAB\SSUser00028","user","2","False","False"
"LAB\SS-ENT-0028-Readers","LAB\SSUser00029","user","2","False","False"
"LAB\SS-ENT-0029-Editors","LAB\SS-ENT-0029-Readers","group","1","False","False"
"LAB\SS-ENT-0029-Readers","LAB\SSUser00029","user","2","False","False"
"LAB\SS-ENT-0029-Readers","LAB\SSUser00030","user","2","False","False"
"LAB\SS-ENT-0030-Editors","LAB\SS-ENT-0030-Readers","group","1","False","False"
"LAB\SS-ENT-0030-Readers","LAB\SSUser00030","user","2","False","False"
"LAB\SS-ENT-0030-Readers","LAB\SSUser00031","user","2","False","False"
"LAB\SS-ENT-0031-Editors","LAB\SS-ENT-0031-Readers","group","1","False","False"
"LAB\SS-ENT-0031-Readers","LAB\SSUser00031","user","2","False","False"
"LAB\SS-ENT-0031-Readers","LAB\SSUser00032","user","2","False","False"
"LAB\SS-ENT-0032-Editors","LAB\SS-ENT-0032-Readers","group","1","False","False"
"LAB\SS-ENT-0032-Readers","LAB\SSUser00032","user","2","False","False"
"LAB\SS-ENT-0032-Readers","LAB\SSUser00033","user","2","False","False"
"LAB\SS-ENT-0033-Editors","LAB\SS-ENT-0033-Readers","group","1","False","False"
"LAB\SS-ENT-0033-Readers","LAB\SSUser00033","user","2","False","False"
"LAB\SS-ENT-0033-Readers","LAB\SSUser00034","user","2","False","False"
"LAB\SS-ENT-0034-Editors","LAB\SS-ENT-0034-Readers","group","1","False","False"
"LAB\SS-ENT-0034-Readers","LAB\SSUser00034","user","2","False","False"
"LAB\SS-ENT-0034-Readers","LAB\SSUser00035","user","2","False","False"
"LAB\SS-ENT-0035-Editors","LAB\SS-ENT-0035-Readers","group","1","False","False"
"LAB\SS-ENT-0035-Readers","LAB\SSUser00035","user","2","False","False"
"LAB\SS-ENT-0035-Readers","LAB\SSUser00036","user","2","False","False"
"LAB\SS-ENT-0036-Editors","LAB\SS-ENT-0036-Readers","group","1","False","False"
"LAB\SS-ENT-0036-Readers","LAB\SSUser00036","user","2","False","False"
"LAB\SS-ENT-0036-Readers","LAB\SSUser00037","user","2","False","False"
"LAB\SS-ENT-0037-Editors","LAB\SS-ENT-0037-Readers","group","1","False","False"
"LAB\SS-ENT-0037-Readers","LAB\SSUser00037","user","2","False","False"
"LAB\SS-ENT-0037-Readers","LAB\SSUser00038","user","2","False","False"
"LAB\SS-ENT-0038-Editors","LAB\SS-ENT-0038-Readers","group","1","False","False"
"LAB\SS-ENT-0038-Readers","LAB\SSUser00038","user","2","False","False"
"LAB\SS-ENT-0038-Readers","LAB\SSUser00039","user","2","False","False"
"LAB\SS-ENT-0039-Editors","LAB\SS-ENT-0039-Readers","group","1","False","False"
"LAB\SS-ENT-0039-Readers","LAB\SSUser00039","user","2","False","False"
"LAB\SS-ENT-0039-Readers","LAB\SSUser00040","user","2","False","False"
"LAB\SS-ENT-0040-Editors","LAB\SS-ENT-0040-Readers","group","1","False","False"
"LAB\SS-ENT-0040-Readers","LAB\SSUser00040","user","2","False","False"
"LAB\SS-ENT-0040-Readers","LAB\SSUser00041","user","2","False","False"
"LAB\SS-ENT-0041-Editors","LAB\SS-ENT-0041-Readers","group","1","False","False"
"LAB\SS-ENT-0041-Readers","LAB\SSUser00041","user","2","False","False"
"LAB\SS-ENT-0041-Readers","LAB\SSUser00042","user","2","False","False"
"LAB\SS-ENT-0042-Editors","LAB\SS-ENT-0042-Readers","group","1","False","False"
"LAB\SS-ENT-0042-Readers","LAB\SSUser00042","user","2","False","False"
"LAB\SS-ENT-0042-Readers","LAB\SSUser00043","user","2","False","False"
"LAB\SS-ENT-0043-Editors","LAB\SS-ENT-0043-Readers","group","1","False","False"
"LAB\SS-ENT-0043-Readers","LAB\SSUser00043","user","2","False","False"
"LAB\SS-ENT-0043-Readers","LAB\SSUser00044","user","2","False","False"
"LAB\SS-ENT-0044-Editors","LAB\SS-ENT-0044-Readers","group","1","False","False"
"LAB\SS-ENT-0044-Readers","LAB\SSUser00044","user","2","False","False"
"LAB\SS-ENT-0044-Readers","LAB\SSUser00045","user","2","False","False"
"LAB\SS-ENT-0045-Editors","LAB\SS-ENT-0045-Readers","group","1","False","False"
"LAB\SS-ENT-0045-Readers","LAB\SSUser00045","user","2","False","False"
"LAB\SS-ENT-0045-Readers","LAB\SSUser00046","user","2","False","False"
"LAB\SS-ENT-0046-Editors","LAB\SS-ENT-0046-Readers","group","1","False","False"
"LAB\SS-ENT-0046-Readers","LAB\SSUser00046","user","2","False","False"
"LAB\SS-ENT-0046-Readers","LAB\SSUser00047","user","2","False","False"
"LAB\SS-ENT-0047-Editors","LAB\SS-ENT-0047-Readers","group","1","False","False"
"LAB\SS-ENT-0047-Readers","LAB\SSUser00047","user","2","False","False"
"LAB\SS-ENT-0047-Readers","LAB\SSUser00048","user","2","False","False"
"LAB\SS-ENT-0048-Editors","LAB\SS-ENT-0048-Readers","group","1","False","False"
"LAB\SS-ENT-0048-Readers","LAB\SSUser00048","user","2","False","False"
"LAB\SS-ENT-0048-Readers","LAB\SSUser00049","user","2","False","False"
"LAB\SS-ENT-0049-Editors","LAB\SS-ENT-0049-Readers","group","1","False","False"
"LAB\SS-ENT-0049-Readers","LAB\SSUser00049","user","2","False","False"
"LAB\SS-ENT-0049-Readers","LAB\SSUser00050","user","2","False","False"
"LAB\SS-ENT-0050-Editors","LAB\SS-ENT-0050-Readers","group","1","False","False"
"LAB\SS-ENT-0050-Readers","LAB\SSUser00050","user","2","False","False"
"LAB\SS-ENT-0050-Readers","LAB\SSUser00051","user","2","False","False"
"LAB\SS-ENT-0051-Editors","LAB\SS-ENT-0051-Readers","group","1","False","False"
"LAB\SS-ENT-0051-Readers","LAB\SSUser00051","user","2","False","False"
"LAB\SS-ENT-0051-Readers","LAB\SSUser00052","user","2","False","False"
"LAB\SS-ENT-0052-Editors","LAB\SS-ENT-0052-Readers","group","1","False","False"
"LAB\SS-ENT-0052-Readers","LAB\SSUser00052","user","2","False","False"
"LAB\SS-ENT-0052-Readers","LAB\SSUser00053","user","2","False","False"
"LAB\SS-ENT-0053-Editors","LAB\SS-ENT-0053-Readers","group","1","False","False"
"LAB\SS-ENT-0053-Readers","LAB\SSUser00053","user","2","False","False"
"LAB\SS-ENT-0053-Readers","LAB\SSUser00054","user","2","False","False"
"LAB\SS-ENT-0054-Editors","LAB\SS-ENT-0054-Readers","group","1","False","False"
"LAB\SS-ENT-0054-Readers","LAB\SSUser00054","user","2","False","False"
"LAB\SS-ENT-0054-Readers","LAB\SSUser00055","user","2","False","False"
"LAB\SS-ENT-0055-Editors","LAB\SS-ENT-0055-Readers","group","1","False","False"
"LAB\SS-ENT-0055-Readers","LAB\SSUser00055","user","2","False","False"
"LAB\SS-ENT-0055-Readers","LAB\SSUser00056","user","2","False","False"
"LAB\SS-ENT-0056-Editors","LAB\SS-ENT-0056-Readers","group","1","False","False"
"LAB\SS-ENT-0056-Readers","LAB\SSUser00056","user","2","False","False"
"LAB\SS-ENT-0056-Readers","LAB\SSUser00057","user","2","False","False"
"LAB\SS-ENT-0057-Editors","LAB\SS-ENT-0057-Readers","group","1","False","False"
"LAB\SS-ENT-0057-Readers","LAB\SSUser00057","user","2","False","False"
"LAB\SS-ENT-0057-Readers","LAB\SSUser00058","user","2","False","False"
"LAB\SS-ENT-0058-Editors","LAB\SS-ENT-0058-Readers","group","1","False","False"
"LAB\SS-ENT-0058-Readers","LAB\SSUser00058","user","2","False","False"
"LAB\SS-ENT-0058-Readers","LAB\SSUser00059","user","2","False","False"
"LAB\SS-ENT-0059-Editors","LAB\SS-ENT-0059-Readers","group","1","False","False"
"LAB\SS-ENT-0059-Readers","LAB\SSUser00059","user","2","False","False"
"LAB\SS-ENT-0059-Readers","LAB\SSUser00060","user","2","False","False"
"LAB\SS-ENT-0060-Editors","LAB\SS-ENT-0060-Readers","group","1","False","False"
"LAB\SS-ENT-0060-Readers","LAB\SSUser00060","user","2","False","False"
"LAB\SS-ENT-0060-Readers","LAB\SSUser00061","user","2","False","False"
"LAB\SS-ENT-0061-Editors","LAB\SS-ENT-0061-Readers","group","1","False","False"
"LAB\SS-ENT-0061-Readers","LAB\SSUser00061","user","2","False","False"
"LAB\SS-ENT-0061-Readers","LAB\SSUser00062","user","2","False","False"
"LAB\SS-ENT-0062-Editors","LAB\SS-ENT-0062-Readers","group","1","False","False"
"LAB\SS-ENT-0062-Readers","LAB\SSUser00062","user","2","False","False"
"LAB\SS-ENT-0062-Readers","LAB\SSUser00063","user","2","False","False"
"LAB\SS-ENT-0063-Editors","LAB\SS-ENT-0063-Readers","group","1","False","False"
"LAB\SS-ENT-0063-Readers","LAB\SSUser00063","user","2","False","False"
"LAB\SS-ENT-0063-Readers","LAB\SSUser00064","user","2","False","False"
"LAB\SS-ENT-0064-Editors","LAB\SS-ENT-0064-Readers","group","1","False","False"
"LAB\SS-ENT-0064-Readers","LAB\SSUser00064","user","2","False","False"
"LAB\SS-ENT-0064-Readers","LAB\SSUser00065","user","2","False","False"
"LAB\SS-ENT-0065-Editors","LAB\SS-ENT-0065-Readers","group","1","False","False"
"LAB\SS-ENT-0065-Readers","LAB\SSUser00065","user","2","False","False"
"LAB\SS-ENT-0065-Readers","LAB\SSUser00066","user","2","False","False"
"LAB\SS-ENT-0066-Editors","LAB\SS-ENT-0066-Readers","group","1","False","False"
"LAB\SS-ENT-0066-Readers","LAB\SSUser00066","user","2","False","False"
"LAB\SS-ENT-0066-Readers","LAB\SSUser00067","user","2","False","False"
"LAB\SS-ENT-0067-Editors","LAB\SS-ENT-0067-Readers","group","1","False","False"
"LAB\SS-ENT-0067-Readers","LAB\SSUser00067","user","2","False","False"
"LAB\SS-ENT-0067-Readers","LAB\SSUser00068","user","2","False","False"
"LAB\SS-ENT-0068-Editors","LAB\SS-ENT-0068-Readers","group","1","False","False"
"LAB\SS-ENT-0068-Readers","LAB\SSUser00068","user","2","False","False"
"LAB\SS-ENT-0068-Readers","LAB\SSUser00069","user","2","False","False"
"LAB\SS-ENT-0069-Editors","LAB\SS-ENT-0069-Readers","group","1","False","False"
"LAB\SS-ENT-0069-Readers","LAB\SSUser00069","user","2","False","False"
"LAB\SS-ENT-0069-Readers","LAB\SSUser00070","user","2","False","False"
"LAB\SS-ENT-0070-Editors","LAB\SS-ENT-0070-Readers","group","1","False","False"
"LAB\SS-ENT-0070-Readers","LAB\SSUser00070","user","2","False","False"
"LAB\SS-ENT-0070-Readers","LAB\SSUser00071","user","2","False","False"
"LAB\SS-ENT-0071-Editors","LAB\SS-ENT-0071-Readers","group","1","False","False"
"LAB\SS-ENT-0071-Readers","LAB\SSUser00071","user","2","False","False"
"LAB\SS-ENT-0071-Readers","LAB\SSUser00072","user","2","False","False"
"LAB\SS-ENT-0072-Editors","LAB\SS-ENT-0072-Readers","group","1","False","False"
"LAB\SS-ENT-0072-Readers","LAB\SSUser00072","user","2","False","False"
"LAB\SS-ENT-0072-Readers","LAB\SSUser00073","user","2","False","False"
"LAB\SS-ENT-0073-Editors","LAB\SS-ENT-0073-Readers","group","1","False","False"
"LAB\SS-ENT-0073-Readers","LAB\SSUser00073","user","2","False","False"
"LAB\SS-ENT-0073-Readers","LAB\SSUser00074","user","2","False","False"
"LAB\SS-ENT-0074-Editors","LAB\SS-ENT-0074-Readers","group","1","False","False"
"LAB\SS-ENT-0074-Readers","LAB\SSUser00074","user","2","False","False"
"LAB\SS-ENT-0074-Readers","LAB\SSUser00075","user","2","False","False"
"LAB\SS-ENT-0075-Editors","LAB\SS-ENT-0075-Readers","group","1","False","False"
"LAB\SS-ENT-0075-Readers","LAB\SSUser00075","user","2","False","False"
"LAB\SS-ENT-0075-Readers","LAB\SSUser00076","user","2","False","False"
"LAB\SS-ENT-0076-Editors","LAB\SS-ENT-0076-Readers","group","1","False","False"
"LAB\SS-ENT-0076-Readers","LAB\SSUser00076","user","2","False","False"
"LAB\SS-ENT-0076-Readers","LAB\SSUser00077","user","2","False","False"
"LAB\SS-ENT-0077-Editors","LAB\SS-ENT-0077-Readers","group","1","False","False"
"LAB\SS-ENT-0077-Readers","LAB\SSUser00077","user","2","False","False"
"LAB\SS-ENT-0077-Readers","LAB\SSUser00078","user","2","False","False"
"LAB\SS-ENT-0078-Editors","LAB\SS-ENT-0078-Readers","group","1","False","False"
"LAB\SS-ENT-0078-Readers","LAB\SSUser00078","user","2","False","False"
"LAB\SS-ENT-0078-Readers","LAB\SSUser00079","user","2","False","False"
"LAB\SS-ENT-0079-Editors","LAB\SS-ENT-0079-Readers","group","1","False","False"
"LAB\SS-ENT-0079-Readers","LAB\SSUser00079","user","2","False","False"
"LAB\SS-ENT-0079-Readers","LAB\SSUser00080","user","2","False","False"
"LAB\SS-ENT-0080-Editors","LAB\SS-ENT-0080-Readers","group","1","False","False"
"LAB\SS-ENT-0080-Readers","LAB\SSUser00080","user","2","False","False"
"LAB\SS-ENT-0080-Readers","LAB\SSUser00081","user","2","False","False"
"LAB\SS-ENT-0081-Editors","LAB\SS-ENT-0081-Readers","group","1","False","False"
"LAB\SS-ENT-0081-Readers","LAB\SSUser00081","user","2","False","False"
"LAB\SS-ENT-0081-Readers","LAB\SSUser00082","user","2","False","False"
"LAB\SS-ENT-0082-Editors","LAB\SS-ENT-0082-Readers","group","1","False","False"
"LAB\SS-ENT-0082-Readers","LAB\SSUser00082","user","2","False","False"
"LAB\SS-ENT-0082-Readers","LAB\SSUser00083","user","2","False","False"
"LAB\SS-ENT-0083-Editors","LAB\SS-ENT-0083-Readers","group","1","False","False"
"LAB\SS-ENT-0083-Readers","LAB\SSUser00083","user","2","False","False"
"LAB\SS-ENT-0083-Readers","LAB\SSUser00084","user","2","False","False"
"LAB\SS-ENT-0084-Editors","LAB\SS-ENT-0084-Readers","group","1","False","False"
"LAB\SS-ENT-0084-Readers","LAB\SSUser00084","user","2","False","False"
"LAB\SS-ENT-0084-Readers","LAB\SSUser00085","user","2","False","False"
"LAB\SS-ENT-0085-Editors","LAB\SS-ENT-0085-Readers","group","1","False","False"
"LAB\SS-ENT-0085-Readers","LAB\SSUser00085","user","2","False","False"
"LAB\SS-ENT-0085-Readers","LAB\SSUser00086","user","2","False","False"
"LAB\SS-ENT-0086-Editors","LAB\SS-ENT-0086-Readers","group","1","False","False"
"LAB\SS-ENT-0086-Readers","LAB\SSUser00086","user","2","False","False"
"LAB\SS-ENT-0086-Readers","LAB\SSUser00087","user","2","False","False"
"LAB\SS-ENT-0087-Editors","LAB\SS-ENT-0087-Readers","group","1","False","False"
"LAB\SS-ENT-0087-Readers","LAB\SSUser00087","user","2","False","False"
"LAB\SS-ENT-0087-Readers","LAB\SSUser00088","user","2","False","False"
"LAB\SS-ENT-0088-Editors","LAB\SS-ENT-0088-Readers","group","1","False","False"
"LAB\SS-ENT-0088-Readers","LAB\SSUser00088","user","2","False","False"
"LAB\SS-ENT-0088-Readers","LAB\SSUser00089","user","2","False","False"
"LAB\SS-ENT-0089-Editors","LAB\SS-ENT-0089-Readers","group","1","False","False"
"LAB\SS-ENT-0089-Readers","LAB\SSUser00089","user","2","False","False"
"LAB\SS-ENT-0089-Readers","LAB\SSUser00090","user","2","False","False"
"LAB\SS-ENT-0090-Editors","LAB\SS-ENT-0090-Readers","group","1","False","False"
"LAB\SS-ENT-0090-Readers","LAB\SSUser00090","user","2","False","False"
"LAB\SS-ENT-0090-Readers","LAB\SSUser00091","user","2","False","False"
"LAB\SS-ENT-0091-Editors","LAB\SS-ENT-0091-Readers","group","1","False","False"
"LAB\SS-ENT-0091-Readers","LAB\SSUser00091","user","2","False","False"
"LAB\SS-ENT-0091-Readers","LAB\SSUser00092","user","2","False","False"
"LAB\SS-ENT-0092-Editors","LAB\SS-ENT-0092-Readers","group","1","False","False"
"LAB\SS-ENT-0092-Readers","LAB\SSUser00092","user","2","False","False"
"LAB\SS-ENT-0092-Readers","LAB\SSUser00093","user","2","False","False"
"LAB\SS-ENT-0093-Editors","LAB\SS-ENT-0093-Readers","group","1","False","False"
"LAB\SS-ENT-0093-Readers","LAB\SSUser00093","user","2","False","False"
"LAB\SS-ENT-0093-Readers","LAB\SSUser00094","user","2","False","False"
"LAB\SS-ENT-0094-Editors","LAB\SS-ENT-0094-Readers","group","1","False","False"
"LAB\SS-ENT-0094-Readers","LAB\SSUser00094","user","2","False","False"
"LAB\SS-ENT-0094-Readers","LAB\SSUser00095","user","2","False","False"
"LAB\SS-ENT-0095-Editors","LAB\SS-ENT-0095-Readers","group","1","False","False"
"LAB\SS-ENT-0095-Readers","LAB\SSUser00095","user","2","False","False"
"LAB\SS-ENT-0095-Readers","LAB\SSUser00096","user","2","False","False"
"LAB\SS-ENT-0096-Editors","LAB\SS-ENT-0096-Readers","group","1","False","False"
"LAB\SS-ENT-0096-Readers","LAB\SSUser00096","user","2","False","False"
"LAB\SS-ENT-0096-Readers","LAB\SSUser00097","user","2","False","False"
"LAB\SS-ENT-0097-Editors","LAB\SS-ENT-0097-Readers","group","1","False","False"
"LAB\SS-ENT-0097-Readers","LAB\SSUser00097","user","2","False","False"
"LAB\SS-ENT-0097-Readers","LAB\SSUser00098","user","2","False","False"
"LAB\SS-ENT-0098-Editors","LAB\SS-ENT-0098-Readers","group","1","False","False"
"LAB\SS-ENT-0098-Readers","LAB\SSUser00098","user","2","False","False"
"LAB\SS-ENT-0098-Readers","LAB\SSUser00099","user","2","False","False"
"LAB\SS-ENT-0099-Editors","LAB\SS-ENT-0099-Readers","group","1","False","False"
"LAB\SS-ENT-0099-Readers","LAB\SSUser00099","user","2","False","False"
"LAB\SS-ENT-0099-Readers","LAB\SSUser00100","user","2","False","False"
"LAB\SS-ENT-0100-Editors","LAB\SS-ENT-0100-Readers","group","1","False","False"
"LAB\SS-ENT-0100-Readers","LAB\SSUser00100","user","2","False","False"
"LAB\SS-ENT-0100-Readers","LAB\SSUser00101","user","2","False","False"
"LAB\SS-ENT-0101-Editors","LAB\SS-ENT-0101-Readers","group","1","False","False"
"LAB\SS-ENT-0101-Readers","LAB\SSUser00101","user","2","False","False"
"LAB\SS-ENT-0101-Readers","LAB\SSUser00102","user","2","False","False"
"LAB\SS-ENT-0102-Editors","LAB\SS-ENT-0102-Readers","group","1","False","False"
"LAB\SS-ENT-0102-Readers","LAB\SSUser00102","user","2","False","False"
"LAB\SS-ENT-0102-Readers","LAB\SSUser00103","user","2","False","False"
"LAB\SS-ENT-0103-Editors","LAB\SS-ENT-0103-Readers","group","1","False","False"
"LAB\SS-ENT-0103-Readers","LAB\SSUser00103","user","2","False","False"
"LAB\SS-ENT-0103-Readers","LAB\SSUser00104","user","2","False","False"
"LAB\SS-ENT-0104-Editors","LAB\SS-ENT-0104-Readers","group","1","False","False"
"LAB\SS-ENT-0104-Readers","LAB\SSUser00104","user","2","False","False"
"LAB\SS-ENT-0104-Readers","LAB\SSUser00105","user","2","False","False"
"LAB\SS-ENT-0105-Editors","LAB\SS-ENT-0105-Readers","group","1","False","False"
"LAB\SS-ENT-0105-Readers","LAB\SSUser00105","user","2","False","False"
"LAB\SS-ENT-0105-Readers","LAB\SSUser00106","user","2","False","False"
"LAB\SS-ENT-0106-Editors","LAB\SS-ENT-0106-Readers","group","1","False","False"
"LAB\SS-ENT-0106-Readers","LAB\SSUser00106","user","2","False","False"
"LAB\SS-ENT-0106-Readers","LAB\SSUser00107","user","2","False","False"
"LAB\SS-ENT-0107-Editors","LAB\SS-ENT-0107-Readers","group","1","False","False"
"LAB\SS-ENT-0107-Readers","LAB\SSUser00107","user","2","False","False"
"LAB\SS-ENT-0107-Readers","LAB\SSUser00108","user","2","False","False"
"LAB\SS-ENT-0108-Editors","LAB\SS-ENT-0108-Readers","group","1","False","False"
"LAB\SS-ENT-0108-Readers","LAB\SSUser00108","user","2","False","False"
"LAB\SS-ENT-0108-Readers","LAB\SSUser00109","user","2","False","False"
"LAB\SS-ENT-0109-Editors","LAB\SS-ENT-0109-Readers","group","1","False","False"
"LAB\SS-ENT-0109-Readers","LAB\SSUser00109","user","2","False","False"
"LAB\SS-ENT-0109-Readers","LAB\SSUser00110","user","2","False","False"
"LAB\SS-ENT-0110-Editors","LAB\SS-ENT-0110-Readers","group","1","False","False"
"LAB\SS-ENT-0110-Readers","LAB\SSUser00110","user","2","False","False"
"LAB\SS-ENT-0110-Readers","LAB\SSUser00111","user","2","False","False"
"LAB\SS-ENT-0111-Editors","LAB\SS-ENT-0111-Readers","group","1","False","False"
"LAB\SS-ENT-0111-Readers","LAB\SSUser00111","user","2","False","False"
"LAB\SS-ENT-0111-Readers","LAB\SSUser00112","user","2","False","False"
"LAB\SS-ENT-0112-Editors","LAB\SS-ENT-0112-Readers","group","1","False","False"
"LAB\SS-ENT-0112-Readers","LAB\SSUser00112","user","2","False","False"
"LAB\SS-ENT-0112-Readers","LAB\SSUser00113","user","2","False","False"
"LAB\SS-ENT-0113-Editors","LAB\SS-ENT-0113-Readers","group","1","False","False"
"LAB\SS-ENT-0113-Readers","LAB\SSUser00113","user","2","False","False"
"LAB\SS-ENT-0113-Readers","LAB\SSUser00114","user","2","False","False"
"LAB\SS-ENT-0114-Editors","LAB\SS-ENT-0114-Readers","group","1","False","False"
"LAB\SS-ENT-0114-Readers","LAB\SSUser00114","user","2","False","False"
"LAB\SS-ENT-0114-Readers","LAB\SSUser00115","user","2","False","False"
"LAB\SS-ENT-0115-Editors","LAB\SS-ENT-0115-Readers","group","1","False","False"
"LAB\SS-ENT-0115-Readers","LAB\SSUser00115","user","2","False","False"
"LAB\SS-ENT-0115-Readers","LAB\SSUser00116","user","2","False","False"
"LAB\SS-ENT-0116-Editors","LAB\SS-ENT-0116-Readers","group","1","False","False"
"LAB\SS-ENT-0116-Readers","LAB\SSUser00116","user","2","False","False"
"LAB\SS-ENT-0116-Readers","LAB\SSUser00117","user","2","False","False"
"LAB\SS-ENT-0117-Editors","LAB\SS-ENT-0117-Readers","group","1","False","False"
"LAB\SS-ENT-0117-Readers","LAB\SSUser00117","user","2","False","False"
"LAB\SS-ENT-0117-Readers","LAB\SSUser00118","user","2","False","False"
"LAB\SS-ENT-0118-Editors","LAB\SS-ENT-0118-Readers","group","1","False","False"
"LAB\SS-ENT-0118-Readers","LAB\SSUser00118","user","2","False","False"
"LAB\SS-ENT-0118-Readers","LAB\SSUser00119","user","2","False","False"
"LAB\SS-ENT-0119-Editors","LAB\SS-ENT-0119-Readers","group","1","False","False"
"LAB\SS-ENT-0119-Readers","LAB\SSUser00119","user","2","False","False"
"LAB\SS-ENT-0119-Readers","LAB\SSUser00120","user","2","False","False"
"LAB\SS-ENT-0120-Editors","LAB\SS-ENT-0120-Readers","group","1","False","False"
"LAB\SS-ENT-0120-Readers","LAB\SSUser00120","user","2","False","False"
"LAB\SS-ENT-0120-Readers","LAB\SSUser00121","user","2","False","False"
"LAB\SS-ENT-0121-Editors","LAB\SS-ENT-0121-Readers","group","1","False","False"
"LAB\SS-ENT-0121-Readers","LAB\SSUser00121","user","2","False","False"
"LAB\SS-ENT-0121-Readers","LAB\SSUser00122","user","2","False","False"
"LAB\SS-ENT-0122-Editors","LAB\SS-ENT-0122-Readers","group","1","False","False"
"LAB\SS-ENT-0122-Readers","LAB\SSUser00122","user","2","False","False"
"LAB\SS-ENT-0122-Readers","LAB\SSUser00123","user","2","False","False"
"LAB\SS-ENT-0123-Editors","LAB\SS-ENT-0123-Readers","group","1","False","False"
"LAB\SS-ENT-0123-Readers","LAB\SSUser00123","user","2","False","False"
"LAB\SS-ENT-0123-Readers","LAB\SSUser00124","user","2","False","False"
"LAB\SS-ENT-0124-Editors","LAB\SS-ENT-0124-Readers","group","1","False","False"
"LAB\SS-ENT-0124-Readers","LAB\SSUser00124","user","2","False","False"
"LAB\SS-ENT-0124-Readers","LAB\SSUser00125","user","2","False","False"
"LAB\SS-ENT-0125-Editors","LAB\SS-ENT-0125-Readers","group","1","False","False"
"LAB\SS-ENT-0125-Readers","LAB\SSUser00125","user","2","False","False"
"LAB\SS-ENT-0125-Readers","LAB\SSUser00126","user","2","False","False"
"LAB\SS-ENT-0126-Editors","LAB\SS-ENT-0126-Readers","group","1","False","False"
"LAB\SS-ENT-0126-Readers","LAB\SSUser00126","user","2","False","False"
"LAB\SS-ENT-0126-Readers","LAB\SSUser00127","user","2","False","False"
"LAB\SS-ENT-0127-Editors","LAB\SS-ENT-0127-Readers","group","1","False","False"
"LAB\SS-ENT-0127-Readers","LAB\SSUser00127","user","2","False","False"
"LAB\SS-ENT-0127-Readers","LAB\SSUser00128","user","2","False","False"
"LAB\SS-ENT-0128-Editors","LAB\SS-ENT-0128-Readers","group","1","False","False"
"LAB\SS-ENT-0128-Readers","LAB\SSUser00128","user","2","False","False"
"LAB\SS-ENT-0128-Readers","LAB\SSUser00129","user","2","False","False"
"LAB\SS-ENT-0129-Editors","LAB\SS-ENT-0129-Readers","group","1","False","False"
"LAB\SS-ENT-0129-Readers","LAB\SSUser00129","user","2","False","False"
"LAB\SS-ENT-0129-Readers","LAB\SSUser00130","user","2","False","False"
"LAB\SS-ENT-0130-Editors","LAB\SS-ENT-0130-Readers","group","1","False","False"
"LAB\SS-ENT-0130-Readers","LAB\SSUser00130","user","2","False","False"
"LAB\SS-ENT-0130-Readers","LAB\SSUser00131","user","2","False","False"
"LAB\SS-ENT-0131-Editors","LAB\SS-ENT-0131-Readers","group","1","False","False"
"LAB\SS-ENT-0131-Readers","LAB\SSUser00131","user","2","False","False"
"LAB\SS-ENT-0131-Readers","LAB\SSUser00132","user","2","False","False"
"LAB\SS-ENT-0132-Editors","LAB\SS-ENT-0132-Readers","group","1","False","False"
"LAB\SS-ENT-0132-Readers","LAB\SSUser00132","user","2","False","False"
"LAB\SS-ENT-0132-Readers","LAB\SSUser00133","user","2","False","False"
"LAB\SS-ENT-0133-Editors","LAB\SS-ENT-0133-Readers","group","1","False","False"
"LAB\SS-ENT-0133-Readers","LAB\SSUser00133","user","2","False","False"
"LAB\SS-ENT-0133-Readers","LAB\SSUser00134","user","2","False","False"
"LAB\SS-ENT-0134-Editors","LAB\SS-ENT-0134-Readers","group","1","False","False"
"LAB\SS-ENT-0134-Readers","LAB\SSUser00134","user","2","False","False"
"LAB\SS-ENT-0134-Readers","LAB\SSUser00135","user","2","False","False"
"LAB\SS-ENT-0135-Editors","LAB\SS-ENT-0135-Readers","group","1","False","False"
"LAB\SS-ENT-0135-Readers","LAB\SSUser00135","user","2","False","False"
"LAB\SS-ENT-0135-Readers","LAB\SSUser00136","user","2","False","False"
"LAB\SS-ENT-0136-Editors","LAB\SS-ENT-0136-Readers","group","1","False","False"
"LAB\SS-ENT-0136-Readers","LAB\SSUser00136","user","2","False","False"
"LAB\SS-ENT-0136-Readers","LAB\SSUser00137","user","2","False","False"
"LAB\SS-ENT-0137-Editors","LAB\SS-ENT-0137-Readers","group","1","False","False"
"LAB\SS-ENT-0137-Readers","LAB\SSUser00137","user","2","False","False"
"LAB\SS-ENT-0137-Readers","LAB\SSUser00138","user","2","False","False"
"LAB\SS-ENT-0138-Editors","LAB\SS-ENT-0138-Readers","group","1","False","False"
"LAB\SS-ENT-0138-Readers","LAB\SSUser00138","user","2","False","False"
"LAB\SS-ENT-0138-Readers","LAB\SSUser00139","user","2","False","False"
"LAB\SS-ENT-0139-Editors","LAB\SS-ENT-0139-Readers","group","1","False","False"
"LAB\SS-ENT-0139-Readers","LAB\SSUser00139","user","2","False","False"
"LAB\SS-ENT-0139-Readers","LAB\SSUser00140","user","2","False","False"
"LAB\SS-ENT-0140-Editors","LAB\SS-ENT-0140-Readers","group","1","False","False"
"LAB\SS-ENT-0140-Readers","LAB\SSUser00140","user","2","False","False"
"LAB\SS-ENT-0140-Readers","LAB\SSUser00141","user","2","False","False"
"LAB\SS-ENT-0141-Editors","LAB\SS-ENT-0141-Readers","group","1","False","False"
"LAB\SS-ENT-0141-Readers","LAB\SSUser00141","user","2","False","False"
"LAB\SS-ENT-0141-Readers","LAB\SSUser00142","user","2","False","False"
"LAB\SS-ENT-0142-Editors","LAB\SS-ENT-0142-Readers","group","1","False","False"
"LAB\SS-ENT-0142-Readers","LAB\SSUser00142","user","2","False","False"
"LAB\SS-ENT-0142-Readers","LAB\SSUser00143","user","2","False","False"
"LAB\SS-ENT-0143-Editors","LAB\SS-ENT-0143-Readers","group","1","False","False"
"LAB\SS-ENT-0143-Readers","LAB\SSUser00143","user","2","False","False"
"LAB\SS-ENT-0143-Readers","LAB\SSUser00144","user","2","False","False"
"LAB\SS-ENT-0144-Editors","LAB\SS-ENT-0144-Readers","group","1","False","False"
"LAB\SS-ENT-0144-Readers","LAB\SSUser00144","user","2","False","False"
"LAB\SS-ENT-0144-Readers","LAB\SSUser00145","user","2","False","False"
"LAB\SS-ENT-0145-Editors","LAB\SS-ENT-0145-Readers","group","1","False","False"
"LAB\SS-ENT-0145-Readers","LAB\SSUser00145","user","2","False","False"
"LAB\SS-ENT-0145-Readers","LAB\SSUser00146","user","2","False","False"
"LAB\SS-ENT-0146-Editors","LAB\SS-ENT-0146-Readers","group","1","False","False"
"LAB\SS-ENT-0146-Readers","LAB\SSUser00146","user","2","False","False"
"LAB\SS-ENT-0146-Readers","LAB\SSUser00147","user","2","False","False"
"LAB\SS-ENT-0147-Editors","LAB\SS-ENT-0147-Readers","group","1","False","False"
"LAB\SS-ENT-0147-Readers","LAB\SSUser00147","user","2","False","False"
"LAB\SS-ENT-0147-Readers","LAB\SSUser00148","user","2","False","False"
"LAB\SS-ENT-0148-Editors","LAB\SS-ENT-0148-Readers","group","1","False","False"
"LAB\SS-ENT-0148-Readers","LAB\SSUser00148","user","2","False","False"
"LAB\SS-ENT-0148-Readers","LAB\SSUser00149","user","2","False","False"
"LAB\SS-ENT-0149-Editors","LAB\SS-ENT-0149-Readers","group","1","False","False"
"LAB\SS-ENT-0149-Readers","LAB\SSUser00149","user","2","False","False"
"LAB\SS-ENT-0149-Readers","LAB\SSUser00150","user","2","False","False"
"LAB\SS-ENT-0150-Editors","LAB\SS-ENT-0150-Readers","group","1","False","False"
"LAB\SS-ENT-0150-Readers","LAB\SSUser00150","user","2","False","False"
"LAB\SS-ENT-0150-Readers","LAB\SSUser00151","user","2","False","False"
"LAB\SS-ENT-0151-Editors","LAB\SS-ENT-0151-Readers","group","1","False","False"
"LAB\SS-ENT-0151-Readers","LAB\SSUser00151","user","2","False","False"
"LAB\SS-ENT-0151-Readers","LAB\SSUser00152","user","2","False","False"
"LAB\SS-ENT-0152-Editors","LAB\SS-ENT-0152-Readers","group","1","False","False"
"LAB\SS-ENT-0152-Readers","LAB\SSUser00152","user","2","False","False"
"LAB\SS-ENT-0152-Readers","LAB\SSUser00153","user","2","False","False"
"LAB\SS-ENT-0153-Editors","LAB\SS-ENT-0153-Readers","group","1","False","False"
"LAB\SS-ENT-0153-Readers","LAB\SSUser00153","user","2","False","False"
"LAB\SS-ENT-0153-Readers","LAB\SSUser00154","user","2","False","False"
"LAB\SS-ENT-0154-Editors","LAB\SS-ENT-0154-Readers","group","1","False","False"
"LAB\SS-ENT-0154-Readers","LAB\SSUser00154","user","2","False","False"
"LAB\SS-ENT-0154-Readers","LAB\SSUser00155","user","2","False","False"
"LAB\SS-ENT-0155-Editors","LAB\SS-ENT-0155-Readers","group","1","False","False"
"LAB\SS-ENT-0155-Readers","LAB\SSUser00155","user","2","False","False"
"LAB\SS-ENT-0155-Readers","LAB\SSUser00156","user","2","False","False"
"LAB\SS-ENT-0156-Editors","LAB\SS-ENT-0156-Readers","group","1","False","False"
"LAB\SS-ENT-0156-Readers","LAB\SSUser00156","user","2","False","False"
"LAB\SS-ENT-0156-Readers","LAB\SSUser00157","user","2","False","False"
"LAB\SS-ENT-0157-Editors","LAB\SS-ENT-0157-Readers","group","1","False","False"
"LAB\SS-ENT-0157-Readers","LAB\SSUser00157","user","2","False","False"
"LAB\SS-ENT-0157-Readers","LAB\SSUser00158","user","2","False","False"
"LAB\SS-ENT-0158-Editors","LAB\SS-ENT-0158-Readers","group","1","False","False"
"LAB\SS-ENT-0158-Readers","LAB\SSUser00158","user","2","False","False"
"LAB\SS-ENT-0158-Readers","LAB\SSUser00159","user","2","False","False"
"LAB\SS-ENT-0159-Editors","LAB\SS-ENT-0159-Readers","group","1","False","False"
"LAB\SS-ENT-0159-Readers","LAB\SSUser00159","user","2","False","False"
"LAB\SS-ENT-0159-Readers","LAB\SSUser00160","user","2","False","False"
"LAB\SS-ENT-0160-Editors","LAB\SS-ENT-0160-Readers","group","1","False","False"
"LAB\SS-ENT-0160-Readers","LAB\SSUser00160","user","2","False","False"
"LAB\SS-ENT-0160-Readers","LAB\SSUser00161","user","2","False","False"
"LAB\SS-ENT-0161-Editors","LAB\SS-ENT-0161-Readers","group","1","False","False"
"LAB\SS-ENT-0161-Readers","LAB\SSUser00161","user","2","False","False"
"LAB\SS-ENT-0161-Readers","LAB\SSUser00162","user","2","False","False"
"LAB\SS-ENT-0162-Editors","LAB\SS-ENT-0162-Readers","group","1","False","False"
"LAB\SS-ENT-0162-Readers","LAB\SSUser00162","user","2","False","False"
"LAB\SS-ENT-0162-Readers","LAB\SSUser00163","user","2","False","False"
"LAB\SS-ENT-0163-Editors","LAB\SS-ENT-0163-Readers","group","1","False","False"
"LAB\SS-ENT-0163-Readers","LAB\SSUser00163","user","2","False","False"
"LAB\SS-ENT-0163-Readers","LAB\SSUser00164","user","2","False","False"
"LAB\SS-ENT-0164-Editors","LAB\SS-ENT-0164-Readers","group","1","False","False"
"LAB\SS-ENT-0164-Readers","LAB\SSUser00164","user","2","False","False"
"LAB\SS-ENT-0164-Readers","LAB\SSUser00165","user","2","False","False"
"LAB\SS-ENT-0165-Editors","LAB\SS-ENT-0165-Readers","group","1","False","False"
"LAB\SS-ENT-0165-Readers","LAB\SSUser00165","user","2","False","False"
"LAB\SS-ENT-0165-Readers","LAB\SSUser00166","user","2","False","False"
"LAB\SS-ENT-0166-Editors","LAB\SS-ENT-0166-Readers","group","1","False","False"
"LAB\SS-ENT-0166-Readers","LAB\SSUser00166","user","2","False","False"
"LAB\SS-ENT-0166-Readers","LAB\SSUser00167","user","2","False","False"
"LAB\SS-ENT-0167-Editors","LAB\SS-ENT-0167-Readers","group","1","False","False"
"LAB\SS-ENT-0167-Readers","LAB\SSUser00167","user","2","False","False"
"LAB\SS-ENT-0167-Readers","LAB\SSUser00168","user","2","False","False"
"LAB\SS-ENT-0168-Editors","LAB\SS-ENT-0168-Readers","group","1","False","False"
"LAB\SS-ENT-0168-Readers","LAB\SSUser00168","user","2","False","False"
"LAB\SS-ENT-0168-Readers","LAB\SSUser00169","user","2","False","False"
"LAB\SS-ENT-0169-Editors","LAB\SS-ENT-0169-Readers","group","1","False","False"
"LAB\SS-ENT-0169-Readers","LAB\SSUser00169","user","2","False","False"
"LAB\SS-ENT-0169-Readers","LAB\SSUser00170","user","2","False","False"
"LAB\SS-ENT-0170-Editors","LAB\SS-ENT-0170-Readers","group","1","False","False"
"LAB\SS-ENT-0170-Readers","LAB\SSUser00170","user","2","False","False"
"LAB\SS-ENT-0170-Readers","LAB\SSUser00171","user","2","False","False"
"LAB\SS-ENT-0171-Editors","LAB\SS-ENT-0171-Readers","group","1","False","False"
"LAB\SS-ENT-0171-Readers","LAB\SSUser00171","user","2","False","False"
"LAB\SS-ENT-0171-Readers","LAB\SSUser00172","user","2","False","False"
"LAB\SS-ENT-0172-Editors","LAB\SS-ENT-0172-Readers","group","1","False","False"
"LAB\SS-ENT-0172-Readers","LAB\SSUser00172","user","2","False","False"
"LAB\SS-ENT-0172-Readers","LAB\SSUser00173","user","2","False","False"
"LAB\SS-ENT-0173-Editors","LAB\SS-ENT-0173-Readers","group","1","False","False"
"LAB\SS-ENT-0173-Readers","LAB\SSUser00173","user","2","False","False"
"LAB\SS-ENT-0173-Readers","LAB\SSUser00174","user","2","False","False"
"LAB\SS-ENT-0174-Editors","LAB\SS-ENT-0174-Readers","group","1","False","False"
"LAB\SS-ENT-0174-Readers","LAB\SSUser00174","user","2","False","False"
"LAB\SS-ENT-0174-Readers","LAB\SSUser00175","user","2","False","False"
"LAB\SS-ENT-0175-Editors","LAB\SS-ENT-0175-Readers","group","1","False","False"
"LAB\SS-ENT-0175-Readers","LAB\SSUser00175","user","2","False","False"
"LAB\SS-ENT-0175-Readers","LAB\SSUser00176","user","2","False","False"
"LAB\SS-ENT-0176-Editors","LAB\SS-ENT-0176-Readers","group","1","False","False"
"LAB\SS-ENT-0176-Readers","LAB\SSUser00176","user","2","False","False"
"LAB\SS-ENT-0176-Readers","LAB\SSUser00177","user","2","False","False"
"LAB\SS-ENT-0177-Editors","LAB\SS-ENT-0177-Readers","group","1","False","False"
"LAB\SS-ENT-0177-Readers","LAB\SSUser00177","user","2","False","False"
"LAB\SS-ENT-0177-Readers","LAB\SSUser00178","user","2","False","False"
"LAB\SS-ENT-0178-Editors","LAB\SS-ENT-0178-Readers","group","1","False","False"
"LAB\SS-ENT-0178-Readers","LAB\SSUser00178","user","2","False","False"
"LAB\SS-ENT-0178-Readers","LAB\SSUser00179","user","2","False","False"
"LAB\SS-ENT-0179-Editors","LAB\SS-ENT-0179-Readers","group","1","False","False"
"LAB\SS-ENT-0179-Readers","LAB\SSUser00179","user","2","False","False"
"LAB\SS-ENT-0179-Readers","LAB\SSUser00180","user","2","False","False"
"LAB\SS-ENT-0180-Editors","LAB\SS-ENT-0180-Readers","group","1","False","False"
"LAB\SS-ENT-0180-Readers","LAB\SSUser00180","user","2","False","False"
"LAB\SS-ENT-0180-Readers","LAB\SSUser00181","user","2","False","False"
"LAB\SS-ENT-0181-Editors","LAB\SS-ENT-0181-Readers","group","1","False","False"
"LAB\SS-ENT-0181-Readers","LAB\SSUser00181","user","2","False","False"
"LAB\SS-ENT-0181-Readers","LAB\SSUser00182","user","2","False","False"
"LAB\SS-ENT-0182-Editors","LAB\SS-ENT-0182-Readers","group","1","False","False"
"LAB\SS-ENT-0182-Readers","LAB\SSUser00182","user","2","False","False"
"LAB\SS-ENT-0182-Readers","LAB\SSUser00183","user","2","False","False"
"LAB\SS-ENT-0183-Editors","LAB\SS-ENT-0183-Readers","group","1","False","False"
"LAB\SS-ENT-0183-Readers","LAB\SSUser00183","user","2","False","False"
"LAB\SS-ENT-0183-Readers","LAB\SSUser00184","user","2","False","False"
"LAB\SS-ENT-0184-Editors","LAB\SS-ENT-0184-Readers","group","1","False","False"
"LAB\SS-ENT-0184-Readers","LAB\SSUser00184","user","2","False","False"
"LAB\SS-ENT-0184-Readers","LAB\SSUser00185","user","2","False","False"
"LAB\SS-ENT-0185-Editors","LAB\SS-ENT-0185-Readers","group","1","False","False"
"LAB\SS-ENT-0185-Readers","LAB\SSUser00185","user","2","False","False"
"LAB\SS-ENT-0185-Readers","LAB\SSUser00186","user","2","False","False"
"LAB\SS-ENT-0186-Editors","LAB\SS-ENT-0186-Readers","group","1","False","False"
"LAB\SS-ENT-0186-Readers","LAB\SSUser00186","user","2","False","False"
"LAB\SS-ENT-0186-Readers","LAB\SSUser00187","user","2","False","False"
"LAB\SS-ENT-0187-Editors","LAB\SS-ENT-0187-Readers","group","1","False","False"
"LAB\SS-ENT-0187-Readers","LAB\SSUser00187","user","2","False","False"
"LAB\SS-ENT-0187-Readers","LAB\SSUser00188","user","2","False","False"
"LAB\SS-ENT-0188-Editors","LAB\SS-ENT-0188-Readers","group","1","False","False"
"LAB\SS-ENT-0188-Readers","LAB\SSUser00188","user","2","False","False"
"LAB\SS-ENT-0188-Readers","LAB\SSUser00189","user","2","False","False"
"LAB\SS-ENT-0189-Editors","LAB\SS-ENT-0189-Readers","group","1","False","False"
"LAB\SS-ENT-0189-Readers","LAB\SSUser00189","user","2","False","False"
"LAB\SS-ENT-0189-Readers","LAB\SSUser00190","user","2","False","False"
"LAB\SS-ENT-0190-Editors","LAB\SS-ENT-0190-Readers","group","1","False","False"
"LAB\SS-ENT-0190-Readers","LAB\SSUser00190","user","2","False","False"
"LAB\SS-ENT-0190-Readers","LAB\SSUser00191","user","2","False","False"
"LAB\SS-ENT-0191-Editors","LAB\SS-ENT-0191-Readers","group","1","False","False"
"LAB\SS-ENT-0191-Readers","LAB\SSUser00191","user","2","False","False"
"LAB\SS-ENT-0191-Readers","LAB\SSUser00192","user","2","False","False"
"LAB\SS-ENT-0192-Editors","LAB\SS-ENT-0192-Readers","group","1","False","False"
"LAB\SS-ENT-0192-Readers","LAB\SSUser00192","user","2","False","False"
"LAB\SS-ENT-0192-Readers","LAB\SSUser00193","user","2","False","False"
"LAB\SS-ENT-0193-Editors","LAB\SS-ENT-0193-Readers","group","1","False","False"
"LAB\SS-ENT-0193-Readers","LAB\SSUser00193","user","2","False","False"
"LAB\SS-ENT-0193-Readers","LAB\SSUser00194","user","2","False","False"
"LAB\SS-ENT-0194-Editors","LAB\SS-ENT-0194-Readers","group","1","False","False"
"LAB\SS-ENT-0194-Readers","LAB\SSUser00194","user","2","False","False"
"LAB\SS-ENT-0194-Readers","LAB\SSUser00195","user","2","False","False"
"LAB\SS-ENT-0195-Editors","LAB\SS-ENT-0195-Readers","group","1","False","False"
"LAB\SS-ENT-0195-Readers","LAB\SSUser00195","user","2","False","False"
"LAB\SS-ENT-0195-Readers","LAB\SSUser00196","user","2","False","False"
"LAB\SS-ENT-0196-Editors","LAB\SS-ENT-0196-Readers","group","1","False","False"
"LAB\SS-ENT-0196-Readers","LAB\SSUser00196","user","2","False","False"
"LAB\SS-ENT-0196-Readers","LAB\SSUser00197","user","2","False","False"
"LAB\SS-ENT-0197-Editors","LAB\SS-ENT-0197-Readers","group","1","False","False"
"LAB\SS-ENT-0197-Readers","LAB\SSUser00197","user","2","False","False"
"LAB\SS-ENT-0197-Readers","LAB\SSUser00198","user","2","False","False"
"LAB\SS-ENT-0198-Editors","LAB\SS-ENT-0198-Readers","group","1","False","False"
"LAB\SS-ENT-0198-Readers","LAB\SSUser00198","user","2","False","False"
"LAB\SS-ENT-0198-Readers","LAB\SSUser00199","user","2","False","False"
"LAB\SS-ENT-0199-Editors","LAB\SS-ENT-0199-Readers","group","1","False","False"
"LAB\SS-ENT-0199-Readers","LAB\SSUser00199","user","2","False","False"
"LAB\SS-ENT-0199-Readers","LAB\SSUser00200","user","2","False","False"
"LAB\SS-ENT-0200-Editors","LAB\SS-ENT-0200-Readers","group","1","False","False"
"LAB\SS-ENT-0200-Readers","LAB\SSUser00200","user","2","False","False"
"LAB\SS-ENT-0200-Readers","LAB\SSUser00201","user","2","False","False"
"LAB\SS-ENT-0201-Editors","LAB\SS-ENT-0201-Readers","group","1","False","False"
"LAB\SS-ENT-0201-Readers","LAB\SSUser00201","user","2","False","False"
"LAB\SS-ENT-0201-Readers","LAB\SSUser00202","user","2","False","False"
"LAB\SS-ENT-0202-Editors","LAB\SS-ENT-0202-Readers","group","1","False","False"
"LAB\SS-ENT-0202-Readers","LAB\SSUser00202","user","2","False","False"
"LAB\SS-ENT-0202-Readers","LAB\SSUser00203","user","2","False","False"
"LAB\SS-ENT-0203-Editors","LAB\SS-ENT-0203-Readers","group","1","False","False"
"LAB\SS-ENT-0203-Readers","LAB\SSUser00203","user","2","False","False"
"LAB\SS-ENT-0203-Readers","LAB\SSUser00204","user","2","False","False"
"LAB\SS-ENT-0204-Editors","LAB\SS-ENT-0204-Readers","group","1","False","False"
"LAB\SS-ENT-0204-Readers","LAB\SSUser00204","user","2","False","False"
"LAB\SS-ENT-0204-Readers","LAB\SSUser00205","user","2","False","False"
"LAB\SS-ENT-0205-Editors","LAB\SS-ENT-0205-Readers","group","1","False","False"
"LAB\SS-ENT-0205-Readers","LAB\SSUser00205","user","2","False","False"
"LAB\SS-ENT-0205-Readers","LAB\SSUser00206","user","2","False","False"
"LAB\SS-ENT-0206-Editors","LAB\SS-ENT-0206-Readers","group","1","False","False"
"LAB\SS-ENT-0206-Readers","LAB\SSUser00206","user","2","False","False"
"LAB\SS-ENT-0206-Readers","LAB\SSUser00207","user","2","False","False"
"LAB\SS-ENT-0207-Editors","LAB\SS-ENT-0207-Readers","group","1","False","False"
"LAB\SS-ENT-0207-Readers","LAB\SSUser00207","user","2","False","False"
"LAB\SS-ENT-0207-Readers","LAB\SSUser00208","user","2","False","False"
"LAB\SS-ENT-0208-Editors","LAB\SS-ENT-0208-Readers","group","1","False","False"
"LAB\SS-ENT-0208-Readers","LAB\SSUser00208","user","2","False","False"
"LAB\SS-ENT-0208-Readers","LAB\SSUser00209","user","2","False","False"
"LAB\SS-ENT-0209-Editors","LAB\SS-ENT-0209-Readers","group","1","False","False"
"LAB\SS-ENT-0209-Readers","LAB\SSUser00209","user","2","False","False"
"LAB\SS-ENT-0209-Readers","LAB\SSUser00210","user","2","False","False"
"LAB\SS-ENT-0210-Editors","LAB\SS-ENT-0210-Readers","group","1","False","False"
"LAB\SS-ENT-0210-Readers","LAB\SSUser00210","user","2","False","False"
"LAB\SS-ENT-0210-Readers","LAB\SSUser00211","user","2","False","False"
"LAB\SS-ENT-0211-Editors","LAB\SS-ENT-0211-Readers","group","1","False","False"
"LAB\SS-ENT-0211-Readers","LAB\SSUser00211","user","2","False","False"
"LAB\SS-ENT-0211-Readers","LAB\SSUser00212","user","2","False","False"
"LAB\SS-ENT-0212-Editors","LAB\SS-ENT-0212-Readers","group","1","False","False"
"LAB\SS-ENT-0212-Readers","LAB\SSUser00212","user","2","False","False"
"LAB\SS-ENT-0212-Readers","LAB\SSUser00213","user","2","False","False"
"LAB\SS-ENT-0213-Editors","LAB\SS-ENT-0213-Readers","group","1","False","False"
"LAB\SS-ENT-0213-Readers","LAB\SSUser00213","user","2","False","False"
"LAB\SS-ENT-0213-Readers","LAB\SSUser00214","user","2","False","False"
"LAB\SS-ENT-0214-Editors","LAB\SS-ENT-0214-Readers","group","1","False","False"
"LAB\SS-ENT-0214-Readers","LAB\SSUser00214","user","2","False","False"
"LAB\SS-ENT-0214-Readers","LAB\SSUser00215","user","2","False","False"
"LAB\SS-ENT-0215-Editors","LAB\SS-ENT-0215-Readers","group","1","False","False"
"LAB\SS-ENT-0215-Readers","LAB\SSUser00215","user","2","False","False"
"LAB\SS-ENT-0215-Readers","LAB\SSUser00216","user","2","False","False"
"LAB\SS-ENT-0216-Editors","LAB\SS-ENT-0216-Readers","group","1","False","False"
"LAB\SS-ENT-0216-Readers","LAB\SSUser00216","user","2","False","False"
"LAB\SS-ENT-0216-Readers","LAB\SSUser00217","user","2","False","False"
"LAB\SS-ENT-0217-Editors","LAB\SS-ENT-0217-Readers","group","1","False","False"
"LAB\SS-ENT-0217-Readers","LAB\SSUser00217","user","2","False","False"
"LAB\SS-ENT-0217-Readers","LAB\SSUser00218","user","2","False","False"
"LAB\SS-ENT-0218-Editors","LAB\SS-ENT-0218-Readers","group","1","False","False"
"LAB\SS-ENT-0218-Readers","LAB\SSUser00218","user","2","False","False"
"LAB\SS-ENT-0218-Readers","LAB\SSUser00219","user","2","False","False"
"LAB\SS-ENT-0219-Editors","LAB\SS-ENT-0219-Readers","group","1","False","False"
"LAB\SS-ENT-0219-Readers","LAB\SSUser00219","user","2","False","False"
"LAB\SS-ENT-0219-Readers","LAB\SSUser00220","user","2","False","False"
"LAB\SS-ENT-0220-Editors","LAB\SS-ENT-0220-Readers","group","1","False","False"
"LAB\SS-ENT-0220-Readers","LAB\SSUser00220","user","2","False","False"
"LAB\SS-ENT-0220-Readers","LAB\SSUser00221","user","2","False","False"
"LAB\SS-ENT-0221-Editors","LAB\SS-ENT-0221-Readers","group","1","False","False"
"LAB\SS-ENT-0221-Readers","LAB\SSUser00221","user","2","False","False"
"LAB\SS-ENT-0221-Readers","LAB\SSUser00222","user","2","False","False"
"LAB\SS-ENT-0222-Editors","LAB\SS-ENT-0222-Readers","group","1","False","False"
"LAB\SS-ENT-0222-Readers","LAB\SSUser00222","user","2","False","False"
"LAB\SS-ENT-0222-Readers","LAB\SSUser00223","user","2","False","False"
"LAB\SS-ENT-0223-Editors","LAB\SS-ENT-0223-Readers","group","1","False","False"
"LAB\SS-ENT-0223-Readers","LAB\SSUser00223","user","2","False","False"
"LAB\SS-ENT-0223-Readers","LAB\SSUser00224","user","2","False","False"
"LAB\SS-ENT-0224-Editors","LAB\SS-ENT-0224-Readers","group","1","False","False"
"LAB\SS-ENT-0224-Readers","LAB\SSUser00224","user","2","False","False"
"LAB\SS-ENT-0224-Readers","LAB\SSUser00225","user","2","False","False"
"LAB\SS-ENT-0225-Editors","LAB\SS-ENT-0225-Readers","group","1","False","False"
"LAB\SS-ENT-0225-Readers","LAB\SSUser00225","user","2","False","False"
"LAB\SS-ENT-0225-Readers","LAB\SSUser00226","user","2","False","False"
"LAB\SS-ENT-0226-Editors","LAB\SS-ENT-0226-Readers","group","1","False","False"
"LAB\SS-ENT-0226-Readers","LAB\SSUser00226","user","2","False","False"
"LAB\SS-ENT-0226-Readers","LAB\SSUser00227","user","2","False","False"
"LAB\SS-ENT-0227-Editors","LAB\SS-ENT-0227-Readers","group","1","False","False"
"LAB\SS-ENT-0227-Readers","LAB\SSUser00227","user","2","False","False"
"LAB\SS-ENT-0227-Readers","LAB\SSUser00228","user","2","False","False"
"LAB\SS-ENT-0228-Editors","LAB\SS-ENT-0228-Readers","group","1","False","False"
"LAB\SS-ENT-0228-Readers","LAB\SSUser00228","user","2","False","False"
"LAB\SS-ENT-0228-Readers","LAB\SSUser00229","user","2","False","False"
"LAB\SS-ENT-0229-Editors","LAB\SS-ENT-0229-Readers","group","1","False","False"
"LAB\SS-ENT-0229-Readers","LAB\SSUser00229","user","2","False","False"
"LAB\SS-ENT-0229-Readers","LAB\SSUser00230","user","2","False","False"
"LAB\SS-ENT-0230-Editors","LAB\SS-ENT-0230-Readers","group","1","False","False"
"LAB\SS-ENT-0230-Readers","LAB\SSUser00230","user","2","False","False"
"LAB\SS-ENT-0230-Readers","LAB\SSUser00231","user","2","False","False"
"LAB\SS-ENT-0231-Editors","LAB\SS-ENT-0231-Readers","group","1","False","False"
"LAB\SS-ENT-0231-Readers","LAB\SSUser00231","user","2","False","False"
"LAB\SS-ENT-0231-Readers","LAB\SSUser00232","user","2","False","False"
"LAB\SS-ENT-0232-Editors","LAB\SS-ENT-0232-Readers","group","1","False","False"
"LAB\SS-ENT-0232-Readers","LAB\SSUser00232","user","2","False","False"
"LAB\SS-ENT-0232-Readers","LAB\SSUser00233","user","2","False","False"
"LAB\SS-ENT-0233-Editors","LAB\SS-ENT-0233-Readers","group","1","False","False"
"LAB\SS-ENT-0233-Readers","LAB\SSUser00233","user","2","False","False"
"LAB\SS-ENT-0233-Readers","LAB\SSUser00234","user","2","False","False"
"LAB\SS-ENT-0234-Editors","LAB\SS-ENT-0234-Readers","group","1","False","False"
"LAB\SS-ENT-0234-Readers","LAB\SSUser00234","user","2","False","False"
"LAB\SS-ENT-0234-Readers","LAB\SSUser00235","user","2","False","False"
"LAB\SS-ENT-0235-Editors","LAB\SS-ENT-0235-Readers","group","1","False","False"
"LAB\SS-ENT-0235-Readers","LAB\SSUser00235","user","2","False","False"
"LAB\SS-ENT-0235-Readers","LAB\SSUser00236","user","2","False","False"
"LAB\SS-ENT-0236-Editors","LAB\SS-ENT-0236-Readers","group","1","False","False"
"LAB\SS-ENT-0236-Readers","LAB\SSUser00236","user","2","False","False"
"LAB\SS-ENT-0236-Readers","LAB\SSUser00237","user","2","False","False"
"LAB\SS-ENT-0237-Editors","LAB\SS-ENT-0237-Readers","group","1","False","False"
"LAB\SS-ENT-0237-Readers","LAB\SSUser00237","user","2","False","False"
"LAB\SS-ENT-0237-Readers","LAB\SSUser00238","user","2","False","False"
"LAB\SS-ENT-0238-Editors","LAB\SS-ENT-0238-Readers","group","1","False","False"
"LAB\SS-ENT-0238-Readers","LAB\SSUser00238","user","2","False","False"
"LAB\SS-ENT-0238-Readers","LAB\SSUser00239","user","2","False","False"
"LAB\SS-ENT-0239-Editors","LAB\SS-ENT-0239-Readers","group","1","False","False"
"LAB\SS-ENT-0239-Readers","LAB\SSUser00239","user","2","False","False"
"LAB\SS-ENT-0239-Readers","LAB\SSUser00240","user","2","False","False"
"LAB\SS-ENT-0240-Editors","LAB\SS-ENT-0240-Readers","group","1","False","False"
"LAB\SS-ENT-0240-Readers","LAB\SSUser00240","user","2","False","False"
"LAB\SS-ENT-0240-Readers","LAB\SSUser00241","user","2","False","False"
"LAB\SS-ENT-0241-Editors","LAB\SS-ENT-0241-Readers","group","1","False","False"
"LAB\SS-ENT-0241-Readers","LAB\SSUser00241","user","2","False","False"
"LAB\SS-ENT-0241-Readers","LAB\SSUser00242","user","2","False","False"
"LAB\SS-ENT-0242-Editors","LAB\SS-ENT-0242-Readers","group","1","False","False"
"LAB\SS-ENT-0242-Readers","LAB\SSUser00242","user","2","False","False"
"LAB\SS-ENT-0242-Readers","LAB\SSUser00243","user","2","False","False"
"LAB\SS-ENT-0243-Editors","LAB\SS-ENT-0243-Readers","group","1","False","False"
"LAB\SS-ENT-0243-Readers","LAB\SSUser00243","user","2","False","False"
"LAB\SS-ENT-0243-Readers","LAB\SSUser00244","user","2","False","False"
"LAB\SS-ENT-0244-Editors","LAB\SS-ENT-0244-Readers","group","1","False","False"
"LAB\SS-ENT-0244-Readers","LAB\SSUser00244","user","2","False","False"
"LAB\SS-ENT-0244-Readers","LAB\SSUser00245","user","2","False","False"
"LAB\SS-ENT-0245-Editors","LAB\SS-ENT-0245-Readers","group","1","False","False"
"LAB\SS-ENT-0245-Readers","LAB\SSUser00245","user","2","False","False"
"LAB\SS-ENT-0245-Readers","LAB\SSUser00246","user","2","False","False"
"LAB\SS-ENT-0246-Editors","LAB\SS-ENT-0246-Readers","group","1","False","False"
"LAB\SS-ENT-0246-Readers","LAB\SSUser00246","user","2","False","False"
"LAB\SS-ENT-0246-Readers","LAB\SSUser00247","user","2","False","False"
"LAB\SS-ENT-0247-Editors","LAB\SS-ENT-0247-Readers","group","1","False","False"
"LAB\SS-ENT-0247-Readers","LAB\SSUser00247","user","2","False","False"
"LAB\SS-ENT-0247-Readers","LAB\SSUser00248","user","2","False","False"
